invoice_id,Branch,City,category,unit_price,quantity,date,time,payment_method,rating,profit_margin
1,M003,San Antonio,Health and beauty,$74.69,7.0,05/01/25,13:08:00,Ewallet,9.1,0.48
2,M048,Harlingen,Electronic accessories,$15.28,5.0,08/03/25,10:29:00,Cash,9.6,0.48
3,M067,Haltom City,Home and lifestyle,$46.33,7.0,03/03/25,13:23:00,Credit card,7.4,0.33
4,M064,Bedford,Health and beauty,$58.22,8.0,27/01/25,20:33:00,Ewallet,8.4,0.33
5,M013,Irving,Sports and travel,$86.31,7.0,08/02/25,10:37:00,Ewallet,5.3,0.48
6,M026,Denton,Electronic accessories,$85.39,7.0,25/03/25,18:30:00,Ewallet,4.1,0.48
7,M088,Cleburne,Electronic accessories,$68.84,6.0,25/02/25,14:36:00,Ewallet,5.8,0.33
8,M100,Canyon,Home and lifestyle,$73.56,10.0,24/02/25,11:38:00,Ewallet,8.0,0.18
9,M066,Grapevine,Health and beauty,$36.26,2.0,10/01/25,17:15:00,Credit card,7.2,0.33
10,M065,Texas City,Food and beverages,$54.84,3.0,20/02/25,13:27:00,Credit card,5.9,0.33
11,M013,Irving,Fashion accessories,$14.48,4.0,06/02/25,18:07:00,Ewallet,4.5,0.48
12,M035,San Angelo,Electronic accessories,$25.51,4.0,09/03/25,17:03:00,Cash,6.8,0.48
13,M027,Abilene,Electronic accessories,$46.95,5.0,12/02/25,10:25:00,Ewallet,7.1,0.48
14,M035,San Angelo,Food and beverages,$43.19,10.0,07/02/25,16:48:00,Ewallet,8.2,0.48
15,M031,Lewisville,Health and beauty,$71.38,10.0,29/03/25,19:21:00,Cash,5.7,0.48
16,M008,Corpus Christi,Sports and travel,$93.72,6.0,15/01/25,16:19:00,Cash,4.5,0.48
17,M029,Round Rock,Health and beauty,$68.93,7.0,11/03/25,11:03:00,Credit card,4.6,0.48
18,M061,Cedar Park,Sports and travel,$72.61,6.0,01/01/25,10:39:00,Credit card,6.9,0.33
19,M053,Conroe,Food and beverages,$54.67,3.0,21/01/25,18:00:00,Credit card,8.6,0.57
20,M013,Irving,Home and lifestyle,$40.3,2.0,11/03/25,15:30:00,Ewallet,4.4,0.48
21,M044,Pharr,Electronic accessories,$86.04,5.0,25/02/25,11:24:00,Ewallet,4.8,0.48
22,M088,Cleburne,Health and beauty,$87.98,3.0,05/03/25,10:40:00,Ewallet,5.1,0.33
23,M083,Farmers Branch,Home and lifestyle,$33.2,2.0,15/03/25,12:20:00,Credit card,4.4,0.33
24,M067,Haltom City,Electronic accessories,$34.56,5.0,17/02/25,11:15:00,Ewallet,9.9,0.33
25,M023,Midland,Sports and travel,$88.63,3.0,02/03/25,17:36:00,Ewallet,6.0,0.48
26,M001,Houston,Home and lifestyle,$52.59,8.0,22/03/25,19:20:00,Credit card,8.5,0.36
27,M072,Lancaster,Fashion accessories,$33.52,1.0,08/02/25,15:31:00,Cash,6.7,0.33
28,M046,Temple,Fashion accessories,$87.67,2.0,10/03/25,12:17:00,Credit card,7.7,0.48
29,M012,Garland,Food and beverages,$88.36,5.0,25/01/25,19:48:00,Cash,9.6,0.48
30,M075,San Marcos,Health and beauty,$24.89,9.0,15/03/25,15:36:00,Cash,7.4,0.33
31,M076,Huntsville,Fashion accessories,$94.13,5.0,25/02/25,19:39:00,Credit card,4.8,0.33
32,M098,Mineral Wells,Sports and travel,$78.07,9.0,28/01/25,12:43:00,Cash,4.5,0.18
33,M021,McAllen,Sports and travel,$83.78,8.0,10/01/25,14:49:00,Cash,5.1,0.48
34,M096,Eagle Pass,Health and beauty,$96.58,2.0,15/03/25,10:12:00,Credit card,5.1,0.18
35,M022,Mesquite,Food and beverages,$99.42,4.0,06/02/25,10:42:00,Ewallet,7.5,0.48
36,M095,Big Spring,Sports and travel,$68.12,1.0,07/01/25,12:28:00,Ewallet,6.8,0.33
37,M041,Mission,Sports and travel,$62.62,5.0,10/03/25,19:15:00,Ewallet,7.0,0.48
38,M070,Hurst,Electronic accessories,$60.88,9.0,15/01/25,17:17:00,Ewallet,4.7,0.33
39,M070,Hurst,Health and beauty,$54.92,8.0,23/03/25,13:24:00,Ewallet,7.6,0.33
40,M030,Richardson,Home and lifestyle,$30.12,8.0,03/03/25,13:01:00,Cash,7.7,0.48
41,M033,Pearland,Home and lifestyle,$86.72,1.0,17/01/25,18:45:00,Ewallet,7.9,0.48
42,M088,Cleburne,Home and lifestyle,$56.11,2.0,02/02/25,10:11:00,Cash,6.3,0.33
43,M079,La Porte,Sports and travel,$69.12,6.0,08/02/25,13:03:00,Cash,5.6,0.33
44,M042,Bryan,Food and beverages,$98.7,8.0,04/03/25,20:39:00,Cash,7.6,0.48
45,M036,Allen,Health and beauty,$15.37,2.0,16/03/25,19:47:00,Cash,7.2,0.48
46,M056,Rowlett,Electronic accessories,$93.96,4.0,09/03/25,18:00:00,Cash,9.5,0.33
47,M058,Port Arthur,Health and beauty,$56.69,9.0,27/02/25,17:24:00,Credit card,8.4,0.33
48,M015,Grand Prairie,Food and beverages,$20.01,9.0,06/02/25,15:47:00,Ewallet,4.1,0.48
49,M063,Georgetown,Electronic accessories,$18.93,6.0,10/02/25,12:45:00,Credit card,8.1,0.33
50,M021,McAllen,Fashion accessories,$82.63,10.0,19/03/25,17:08:00,Ewallet,7.9,0.48
51,M089,Southlake,Food and beverages,$91.4,7.0,03/02/25,10:19:00,Cash,9.5,0.33
52,M093,Angleton,Food and beverages,$44.59,5.0,10/02/25,15:10:00,Cash,8.5,0.33
53,M041,Mission,Fashion accessories,$17.87,4.0,22/03/25,14:42:00,Ewallet,6.5,0.48
54,M045,Missouri City,Fashion accessories,$15.43,1.0,25/01/25,15:46:00,Credit card,6.1,0.48
55,M005,Fort Worth,Home and lifestyle,$16.16,2.0,07/03/25,11:49:00,Ewallet,6.5,0.48
56,M042,Bryan,Electronic accessories,$85.98,8.0,28/02/25,19:01:00,Cash,8.2,0.48
57,M003,San Antonio,Home and lifestyle,$44.34,2.0,27/03/25,11:26:00,Cash,5.8,0.36
58,M070,Hurst,Health and beauty,$89.6,8.0,07/02/25,11:28:00,Ewallet,6.6,0.33
59,M066,Grapevine,Home and lifestyle,$72.35,10.0,20/01/25,15:55:00,Cash,5.4,0.33
60,M031,Lewisville,Electronic accessories,$30.61,6.0,12/03/25,20:36:00,Cash,9.3,0.48
61,M042,Bryan,Sports and travel,$24.74,3.0,15/02/25,17:47:00,Credit card,10.0,0.48
62,M078,Del Rio,Home and lifestyle,$55.73,6.0,24/02/25,10:55:00,Ewallet,7.0,0.33
63,M037,League City,Sports and travel,$55.07,9.0,03/02/25,13:40:00,Ewallet,10.0,0.48
64,M069,Rockwall,Sports and travel,$15.81,10.0,06/03/25,12:27:00,Credit card,8.6,0.33
65,M087,Waxahachie,Health and beauty,$75.74,4.0,14/02/25,14:35:00,Cash,7.6,0.33
66,M042,Bryan,Health and beauty,$15.87,10.0,13/03/25,16:40:00,Cash,5.8,0.48
67,M020,Killeen,Health and beauty,$33.47,2.0,10/02/25,15:43:00,Ewallet,6.7,0.48
68,M029,Round Rock,Fashion accessories,$97.61,6.0,07/01/25,15:01:00,Ewallet,9.9,0.48
69,M079,La Porte,Sports and travel,$78.77,10.0,24/01/25,10:04:00,Cash,6.4,0.33
70,M035,San Angelo,Health and beauty,$18.33,1.0,02/02/25,18:50:00,Cash,4.3,0.48
71,M007,Arlington,Food and beverages,$89.48,10.0,06/01/25,12:46:00,Credit card,9.6,0.48
72,M017,McKinney,Fashion accessories,$62.12,10.0,11/02/25,16:19:00,Cash,5.9,0.48
73,M096,Eagle Pass,Food and beverages,$48.52,3.0,05/03/25,18:17:00,Ewallet,4.0,0.18
74,M083,Farmers Branch,Electronic accessories,$75.91,6.0,09/03/25,18:21:00,Cash,8.7,0.33
75,M072,Lancaster,Home and lifestyle,$74.67,9.0,22/01/25,10:55:00,Ewallet,9.4,0.33
76,M003,San Antonio,Electronic accessories,$41.65,10.0,13/01/25,17:04:00,Credit card,5.4,0.48
77,M058,Port Arthur,Fashion accessories,$49.04,9.0,09/01/25,14:20:00,Credit card,8.6,0.33
78,M094,Alamo,Fashion accessories,$20.01,9.0,12/01/25,15:48:00,Credit card,5.7,0.33
79,M063,Georgetown,Food and beverages,$78.31,10.0,05/03/25,16:24:00,Ewallet,6.6,0.33
80,M071,Lufkin,Health and beauty,$20.38,5.0,22/01/25,18:56:00,Cash,6.0,0.33
81,M061,Cedar Park,Health and beauty,$99.19,6.0,21/01/25,14:42:00,Credit card,5.5,0.33
82,M090,Brownwood,Food and beverages,$96.68,3.0,26/01/25,19:56:00,Ewallet,6.4,0.33
83,M061,Cedar Park,Food and beverages,$19.25,8.0,23/01/25,18:37:00,Ewallet,6.6,0.33
84,M041,Mission,Food and beverages,$80.36,4.0,23/02/25,18:45:00,Ewallet,8.3,0.48
85,M097,Alice,Sports and travel,$48.91,5.0,09/03/25,10:17:00,Cash,6.6,0.18
86,M043,Baytown,Sports and travel,$83.06,7.0,05/03/25,14:31:00,Ewallet,4.0,0.48
87,M042,Bryan,Fashion accessories,$76.52,5.0,25/03/25,10:23:00,Cash,9.9,0.48
88,M046,Temple,Food and beverages,$49.38,7.0,27/03/25,20:35:00,Credit card,7.3,0.48
89,M011,Lubbock,Sports and travel,$42.47,1.0,02/01/25,16:57:00,Cash,5.7,0.48
90,M064,Bedford,Health and beauty,$76.99,6.0,27/02/25,17:55:00,Cash,6.1,0.33
91,M095,Big Spring,Home and lifestyle,$47.38,4.0,23/01/25,10:25:00,Cash,7.1,0.33
92,M049,North Richland Hills,Sports and travel,$44.86,10.0,26/01/25,19:54:00,Ewallet,8.2,0.48
93,M040,Edinburg,Sports and travel,$21.98,7.0,10/01/25,16:42:00,Ewallet,5.1,0.48
94,M065,Texas City,Health and beauty,$64.36,9.0,12/03/25,12:09:00,Credit card,8.6,0.33
95,M075,San Marcos,Health and beauty,$89.75,1.0,06/02/25,20:05:00,Credit card,6.6,0.33
96,M034,College Station,Electronic accessories,$97.16,1.0,08/03/25,20:38:00,Ewallet,7.2,0.48
97,M014,Amarillo,Health and beauty,$87.87,10.0,29/03/25,10:25:00,Ewallet,5.1,0.48
98,M096,Eagle Pass,Electronic accessories,$12.45,6.0,09/02/25,13:11:00,Cash,4.1,0.18
99,M004,Austin,Food and beverages,$52.75,3.0,23/03/25,10:16:00,Ewallet,9.3,0.48
100,M011,Lubbock,Home and lifestyle,$82.7,6.0,05/03/25,18:14:00,Cash,7.4,0.48
101,M075,San Marcos,Fashion accessories,$48.71,1.0,26/03/25,19:20:00,Cash,4.1,0.33
102,M057,Euless,Fashion accessories,$78.55,9.0,01/03/25,13:22:00,Cash,7.2,0.33
103,M023,Midland,Electronic accessories,$23.07,9.0,01/02/25,11:27:00,Cash,4.9,0.48
104,M012,Garland,Food and beverages,$58.26,6.0,28/03/25,16:44:00,Cash,9.9,0.48
105,M078,Del Rio,Health and beauty,$30.35,7.0,19/03/25,18:19:00,Cash,8.0,0.33
106,M055,Waxahachie,Electronic accessories,$88.67,10.0,12/01/25,14:50:00,Ewallet,7.3,0.33
107,M038,Sugar Land,Fashion accessories,$27.38,6.0,05/01/25,20:54:00,Credit card,7.9,0.48
108,M049,North Richland Hills,Sports and travel,$62.13,6.0,22/03/25,20:19:00,Cash,7.4,0.48
109,M044,Pharr,Food and beverages,$33.98,9.0,24/03/25,10:43:00,Cash,4.2,0.48
110,M056,Rowlett,Electronic accessories,$81.97,10.0,03/03/25,14:30:00,Cash,9.2,0.33
111,M007,Arlington,Sports and travel,$16.49,2.0,05/02/25,11:32:00,Ewallet,4.6,0.48
112,M025,Waco,Health and beauty,$98.21,3.0,05/02/25,10:41:00,Credit card,7.8,0.48
113,M005,Fort Worth,Fashion accessories,$72.84,7.0,15/02/25,12:44:00,Cash,8.4,0.48
114,M024,Carrollton,Home and lifestyle,$58.07,9.0,19/01/25,20:07:00,Ewallet,4.3,0.48
115,M003,San Antonio,Home and lifestyle,$80.79,9.0,01/02/25,20:31:00,Credit card,9.5,0.36
116,M087,Waxahachie,Fashion accessories,$27.02,3.0,02/03/25,13:01:00,Credit card,7.1,0.33
117,M040,Edinburg,Fashion accessories,$21.94,5.0,05/03/25,12:29:00,Ewallet,5.3,0.48
118,M071,Lufkin,Fashion accessories,$51.36,1.0,16/01/25,15:26:00,Ewallet,5.2,0.33
119,M027,Abilene,Food and beverages,$10.96,10.0,02/02/25,20:48:00,Ewallet,6.0,0.48
120,M071,Lufkin,Home and lifestyle,$53.44,2.0,20/01/25,20:38:00,Ewallet,4.1,0.33
121,M014,Amarillo,Electronic accessories,$99.56,8.0,14/02/25,17:03:00,Credit card,5.2,0.48
122,M069,Rockwall,Sports and travel,$57.12,7.0,12/01/25,12:02:00,Credit card,6.5,0.33
123,M085,Kerrville,Sports and travel,$99.96,9.0,09/03/25,17:26:00,Credit card,4.2,0.33
124,M061,Cedar Park,Home and lifestyle,$63.91,8.0,13/03/25,19:52:00,Credit card,4.6,0.33
125,M088,Cleburne,Fashion accessories,$56.47,8.0,09/03/25,14:57:00,Ewallet,7.3,0.33
126,M034,College Station,Home and lifestyle,$93.69,7.0,10/03/25,18:44:00,Credit card,4.5,0.48
127,M016,Brownsville,Sports and travel,$32.25,5.0,27/01/25,13:26:00,Cash,9.0,0.48
128,M044,Pharr,Fashion accessories,$31.73,9.0,08/01/25,16:17:00,Credit card,5.9,0.48
129,M035,San Angelo,Food and beverages,$68.54,8.0,08/01/25,15:57:00,Ewallet,8.5,0.48
130,M018,Frisco,Sports and travel,$90.28,9.0,08/02/25,11:15:00,Ewallet,7.2,0.48
131,M022,Mesquite,Fashion accessories,$39.62,7.0,25/01/25,13:18:00,Cash,7.5,0.48
132,M068,Burleson,Sports and travel,$92.13,6.0,06/03/25,20:34:00,Cash,8.3,0.33
133,M055,Waxahachie,Sports and travel,$34.84,4.0,10/02/25,18:36:00,Cash,7.4,0.33
134,M002,Dallas,Electronic accessories,$87.45,6.0,17/02/25,14:40:00,Credit card,8.8,0.36
135,M062,Galveston,Health and beauty,$81.3,6.0,08/03/25,16:43:00,Ewallet,5.3,0.33
136,M098,Mineral Wells,Fashion accessories,$90.22,3.0,18/02/25,19:39:00,Cash,6.2,0.18
137,M027,Abilene,Electronic accessories,$26.31,5.0,18/01/25,20:59:00,Credit card,8.8,0.48
138,M093,Angleton,Home and lifestyle,$34.42,6.0,18/02/25,15:39:00,Cash,9.8,0.33
139,M029,Round Rock,Sports and travel,$51.91,10.0,16/02/25,12:21:00,Cash,8.2,0.48
140,M016,Brownsville,Sports and travel,$72.5,8.0,16/03/25,19:25:00,Ewallet,9.2,0.48
141,M023,Midland,Sports and travel,$89.8,10.0,23/01/25,13:00:00,Credit card,5.4,0.48
142,M012,Garland,Health and beauty,$90.5,10.0,25/01/25,13:48:00,Cash,8.1,0.48
143,M052,Mansfield,Health and beauty,$68.6,10.0,05/02/25,19:57:00,Cash,9.1,0.57
144,M097,Alice,Food and beverages,$30.41,1.0,22/02/25,10:36:00,Credit card,8.4,0.18
145,M045,Missouri City,Home and lifestyle,$77.95,6.0,21/01/25,16:37:00,Credit card,8.0,0.48
146,M047,Flower Mound,Health and beauty,$46.26,6.0,08/03/25,17:11:00,Credit card,9.5,0.48
147,M026,Denton,Fashion accessories,$30.14,10.0,10/02/25,12:28:00,Ewallet,9.2,0.48
148,M054,Sherman,Health and beauty,$66.14,4.0,19/03/25,12:46:00,Credit card,5.6,0.21
149,M049,North Richland Hills,Home and lifestyle,$71.86,8.0,06/03/25,15:07:00,Credit card,6.2,0.48
150,M065,Texas City,Health and beauty,$32.46,8.0,27/03/25,13:48:00,Credit card,4.9,0.33
151,M016,Brownsville,Fashion accessories,$91.54,4.0,23/03/25,19:20:00,Credit card,4.8,0.48
152,M070,Hurst,Sports and travel,$34.56,7.0,11/03/25,16:07:00,Credit card,7.3,0.33
153,M099,Weatherford,Fashion accessories,$83.24,9.0,29/01/25,11:56:00,Credit card,7.4,0.18
154,M071,Lufkin,Food and beverages,$16.48,6.0,07/02/25,18:23:00,Ewallet,9.9,0.33
155,M078,Del Rio,Sports and travel,$80.97,8.0,28/01/25,13:05:00,Cash,9.3,0.33
156,M074,Weslaco,Food and beverages,$92.29,5.0,20/02/25,15:55:00,Cash,9.0,0.33
157,M042,Bryan,Electronic accessories,$72.17,1.0,04/01/25,19:40:00,Cash,6.1,0.48
158,M013,Irving,Home and lifestyle,$50.28,5.0,07/03/25,13:58:00,Ewallet,9.7,0.48
159,M100,Canyon,Health and beauty,$97.22,9.0,30/03/25,14:43:00,Ewallet,6.0,0.18
160,M094,Alamo,Sports and travel,$93.39,6.0,27/03/25,19:18:00,Ewallet,10.0,0.33
161,M028,Odessa,Food and beverages,$43.18,8.0,19/01/25,19:39:00,Credit card,8.3,0.48
162,M019,Pasadena,Sports and travel,$63.69,1.0,25/02/25,16:21:00,Cash,6.0,0.48
163,M011,Lubbock,Food and beverages,$45.79,7.0,13/03/25,19:44:00,Credit card,7.0,0.48
164,M084,Schertz,Sports and travel,$76.4,2.0,30/01/25,19:42:00,Ewallet,6.5,0.33
165,M057,Euless,Food and beverages,$39.9,10.0,20/02/25,15:24:00,Credit card,5.9,0.33
166,M088,Cleburne,Health and beauty,$42.57,8.0,25/02/25,14:12:00,Ewallet,5.6,0.33
167,M061,Cedar Park,Home and lifestyle,$95.58,10.0,16/01/25,13:32:00,Cash,4.8,0.33
168,M040,Edinburg,Fashion accessories,$98.98,10.0,08/02/25,16:20:00,Credit card,8.7,0.48
169,M069,Rockwall,Food and beverages,$51.28,6.0,19/01/25,16:31:00,Cash,6.5,0.33
170,M089,Southlake,Sports and travel,$69.52,7.0,01/02/25,15:10:00,Credit card,8.5,0.33
171,M031,Lewisville,Health and beauty,$70.01,5.0,03/01/25,11:36:00,Ewallet,5.5,0.48
172,M039,Longview,Food and beverages,$80.05,5.0,26/01/25,12:45:00,Credit card,9.4,0.48
173,M039,Longview,Electronic accessories,$20.85,8.0,03/03/25,19:17:00,Cash,6.3,0.48
174,M047,Flower Mound,Electronic accessories,$52.89,6.0,19/01/25,17:34:00,Credit card,9.8,0.48
175,M071,Lufkin,Food and beverages,$19.79,8.0,18/01/25,12:04:00,Ewallet,8.7,0.33
176,M060,DeSoto,Home and lifestyle,$33.84,9.0,21/03/25,16:21:00,Ewallet,8.8,0.33
177,M073,Seguin,Food and beverages,$22.17,8.0,03/03/25,17:01:00,Credit card,9.6,0.33
178,M059,Pflugerville,Fashion accessories,$22.51,7.0,13/02/25,10:50:00,Credit card,4.8,0.33
179,M012,Garland,Food and beverages,$73.88,6.0,23/03/25,19:16:00,Ewallet,4.4,0.48
180,M086,Rosenberg,Health and beauty,$86.8,3.0,28/01/25,16:47:00,Ewallet,9.9,0.33
181,M073,Seguin,Fashion accessories,$64.26,7.0,09/02/25,10:00:00,Cash,5.7,0.33
182,M028,Odessa,Food and beverages,$38.47,8.0,23/01/25,11:51:00,Cash,7.7,0.48
183,M053,Conroe,Sports and travel,$15.5,10.0,23/03/25,10:55:00,Ewallet,8.0,0.57
184,M024,Carrollton,Health and beauty,$34.31,8.0,25/01/25,15:00:00,Ewallet,5.7,0.48
185,M097,Alice,Sports and travel,$12.34,7.0,04/03/25,11:19:00,Credit card,6.7,0.18
186,M072,Lancaster,Food and beverages,$18.08,3.0,05/03/25,19:46:00,Ewallet,8.0,0.33
187,M023,Midland,Home and lifestyle,$94.49,8.0,03/03/25,19:00:00,Ewallet,7.5,0.48
188,M038,Sugar Land,Home and lifestyle,$46.47,4.0,08/02/25,10:53:00,Cash,7.0,0.48
189,M078,Del Rio,Home and lifestyle,$74.07,1.0,10/02/25,12:50:00,Ewallet,9.9,0.33
190,M084,Schertz,Home and lifestyle,$69.81,4.0,28/01/25,20:50:00,Credit card,5.9,0.33
191,M059,Pflugerville,Home and lifestyle,$77.04,3.0,11/02/25,10:39:00,Credit card,7.2,0.33
192,M062,Galveston,Fashion accessories,$73.52,2.0,15/01/25,13:41:00,Ewallet,4.6,0.33
193,M090,Brownwood,Food and beverages,$87.8,9.0,16/03/25,19:08:00,Cash,9.2,0.33
194,M015,Grand Prairie,Home and lifestyle,$25.55,4.0,26/01/25,20:23:00,Ewallet,5.7,0.48
195,M003,San Antonio,Electronic accessories,$32.71,5.0,19/03/25,11:30:00,Credit card,9.9,0.48
196,M066,Grapevine,Fashion accessories,$74.29,1.0,13/01/25,19:30:00,Cash,5.0,0.33
197,M079,La Porte,Health and beauty,$43.7,2.0,26/03/25,18:03:00,Cash,4.9,0.33
198,M002,Dallas,Home and lifestyle,$25.29,1.0,23/03/25,10:13:00,Ewallet,6.1,0.36
199,M094,Alamo,Health and beauty,$41.5,4.0,12/03/25,19:58:00,Credit card,8.2,0.33
200,M047,Flower Mound,Food and beverages,$71.39,5.0,17/02/25,19:57:00,Credit card,5.5,0.48
201,M100,Canyon,Sports and travel,$19.15,6.0,29/01/25,10:01:00,Credit card,6.8,0.18
202,M005,Fort Worth,Electronic accessories,$57.49,4.0,15/03/25,11:57:00,Cash,6.6,0.48
203,M086,Rosenberg,Electronic accessories,$61.41,7.0,14/01/25,10:02:00,Cash,9.8,0.33
204,M029,Round Rock,Health and beauty,$25.9,10.0,06/02/25,14:51:00,Ewallet,8.7,0.48
205,M065,Texas City,Home and lifestyle,$17.77,5.0,15/02/25,12:42:00,Credit card,5.4,0.33
206,M085,Kerrville,Health and beauty,$23.03,9.0,03/01/25,12:02:00,Ewallet,7.9,0.33
207,M034,College Station,Electronic accessories,$66.65,9.0,04/01/25,18:19:00,Credit card,9.7,0.48
208,M055,Waxahachie,Home and lifestyle,$28.53,10.0,18/03/25,17:38:00,Ewallet,7.8,0.33
209,M043,Baytown,Fashion accessories,$30.37,3.0,28/03/25,13:41:00,Ewallet,5.1,0.48
210,M003,San Antonio,Electronic accessories,$99.73,9.0,02/03/25,19:42:00,Credit card,6.5,0.48
211,M050,Victoria,Electronic accessories,$26.23,9.0,25/01/25,20:24:00,Ewallet,5.9,0.48
212,M057,Euless,Food and beverages,$93.26,9.0,16/01/25,18:08:00,Cash,8.8,0.33
213,M088,Cleburne,Home and lifestyle,$92.36,5.0,20/03/25,19:17:00,Ewallet,4.9,0.33
214,M093,Angleton,Sports and travel,$46.42,3.0,04/01/25,13:24:00,Credit card,4.4,0.33
215,M065,Texas City,Sports and travel,$29.61,7.0,11/03/25,15:53:00,Cash,6.5,0.33
216,M072,Lancaster,Home and lifestyle,$18.28,1.0,22/03/25,15:05:00,Credit card,8.3,0.33
217,M038,Sugar Land,Sports and travel,$24.77,5.0,24/03/25,18:27:00,Cash,8.5,0.48
218,M081,Friendswood,Electronic accessories,$94.64,3.0,21/02/25,16:55:00,Cash,5.5,0.33
219,M043,Baytown,Fashion accessories,$94.87,8.0,12/02/25,12:58:00,Ewallet,8.7,0.48
220,M044,Pharr,Food and beverages,$57.34,3.0,10/03/25,18:59:00,Credit card,7.9,0.48
221,M002,Dallas,Electronic accessories,$45.35,6.0,31/01/25,13:44:00,Ewallet,6.1,0.36
222,M056,Rowlett,Food and beverages,$62.08,7.0,06/03/25,13:46:00,Ewallet,5.4,0.33
223,M020,Killeen,Electronic accessories,$11.81,5.0,17/02/25,18:06:00,Cash,9.4,0.48
224,M026,Denton,Fashion accessories,$12.54,1.0,21/02/25,12:38:00,Cash,8.2,0.48
225,M003,San Antonio,Food and beverages,$43.25,2.0,20/03/25,15:56:00,Cash,6.2,0.48
226,M067,Haltom City,Sports and travel,$87.16,2.0,11/01/25,14:29:00,Credit card,9.7,0.33
227,M059,Pflugerville,Health and beauty,$69.37,9.0,26/01/25,19:14:00,Ewallet,4.0,0.33
228,M068,Burleson,Electronic accessories,$37.06,4.0,31/01/25,16:24:00,Ewallet,9.7,0.33
229,M049,North Richland Hills,Electronic accessories,$90.7,6.0,26/02/25,10:52:00,Cash,5.3,0.48
230,M087,Waxahachie,Home and lifestyle,$63.42,8.0,11/03/25,12:55:00,Ewallet,7.4,0.33
231,M007,Arlington,Fashion accessories,$81.37,2.0,26/01/25,19:28:00,Cash,6.5,0.48
232,M024,Carrollton,Electronic accessories,$10.59,3.0,12/03/25,13:52:00,Credit card,8.7,0.48
233,M059,Pflugerville,Health and beauty,$84.09,9.0,11/02/25,10:54:00,Cash,8.0,0.33
234,M045,Missouri City,Fashion accessories,$73.82,4.0,21/02/25,18:31:00,Credit card,6.7,0.48
235,M069,Rockwall,Health and beauty,$51.94,10.0,09/03/25,18:24:00,Ewallet,6.5,0.33
236,M084,Schertz,Sports and travel,$93.14,2.0,20/01/25,18:09:00,Ewallet,4.1,0.33
237,M068,Burleson,Health and beauty,$17.41,5.0,28/01/25,15:16:00,Credit card,4.9,0.33
238,M023,Midland,Fashion accessories,$44.22,5.0,05/03/25,17:07:00,Credit card,8.6,0.48
239,M040,Edinburg,Electronic accessories,$13.22,5.0,02/03/25,19:26:00,Cash,4.3,0.48
240,M085,Kerrville,Fashion accessories,$89.69,1.0,11/01/25,11:20:00,Ewallet,4.9,0.33
241,M009,Plano,Food and beverages,$24.94,9.0,11/01/25,16:49:00,Credit card,5.6,0.48
242,M100,Canyon,Health and beauty,$59.77,2.0,11/03/25,12:01:00,Credit card,5.8,0.18
243,M077,Coppell,Fashion accessories,$93.2,2.0,28/02/25,18:37:00,Credit card,6.0,0.33
244,M034,College Station,Home and lifestyle,$62.65,4.0,05/01/25,11:25:00,Cash,4.2,0.48
245,M070,Hurst,Home and lifestyle,$93.87,8.0,02/02/25,18:42:00,Credit card,8.3,0.33
246,M021,McAllen,Home and lifestyle,$47.59,8.0,01/01/25,14:47:00,Cash,5.7,0.48
247,M044,Pharr,Electronic accessories,$81.4,3.0,09/02/25,19:43:00,Cash,4.8,0.48
248,M055,Waxahachie,Fashion accessories,$17.94,5.0,23/01/25,14:04:00,Ewallet,6.8,0.33
249,M019,Pasadena,Electronic accessories,$77.72,4.0,07/01/25,16:11:00,Credit card,8.8,0.48
250,M026,Denton,Food and beverages,$73.06,7.0,14/01/25,19:06:00,Credit card,4.2,0.48
251,M033,Pearland,Food and beverages,$46.55,9.0,02/02/25,15:34:00,Ewallet,6.4,0.48
252,M078,Del Rio,Fashion accessories,$35.19,10.0,17/03/25,19:06:00,Credit card,8.4,0.33
253,M066,Grapevine,Sports and travel,$14.39,2.0,02/03/25,19:44:00,Credit card,7.2,0.33
254,M011,Lubbock,Home and lifestyle,$23.75,4.0,16/03/25,11:22:00,Cash,5.2,0.48
255,M016,Brownsville,Home and lifestyle,$58.9,8.0,06/01/25,11:23:00,Cash,8.9,0.48
256,M048,Harlingen,Fashion accessories,$32.62,4.0,29/01/25,14:12:00,Cash,9.0,0.48
257,M067,Haltom City,Electronic accessories,$66.35,1.0,31/01/25,10:46:00,Credit card,9.7,0.33
258,M049,North Richland Hills,Home and lifestyle,$25.91,6.0,05/02/25,10:16:00,Ewallet,8.7,0.48
259,M029,Round Rock,Electronic accessories,$32.25,4.0,13/02/25,12:38:00,Ewallet,6.5,0.48
260,M100,Canyon,Electronic accessories,$65.94,4.0,07/02/25,13:05:00,Credit card,6.9,0.18
261,M074,Weslaco,Electronic accessories,$75.06,9.0,19/03/25,13:25:00,Cash,6.2,0.33
262,M019,Pasadena,Fashion accessories,$16.45,4.0,07/03/25,14:53:00,Ewallet,5.6,0.48
263,M022,Mesquite,Fashion accessories,$38.3,4.0,13/03/25,19:22:00,Cash,5.7,0.48
264,M099,Weatherford,Sports and travel,$22.24,10.0,09/02/25,11:00:00,Cash,4.2,0.18
265,M095,Big Spring,Sports and travel,$54.45,1.0,26/02/25,19:24:00,Ewallet,7.9,0.33
266,M075,San Marcos,Sports and travel,$98.4,7.0,12/03/25,12:43:00,Credit card,8.7,0.33
267,M072,Lancaster,Home and lifestyle,$35.47,4.0,14/03/25,17:22:00,Credit card,6.9,0.33
268,M081,Friendswood,Food and beverages,$74.6,10.0,08/01/25,20:55:00,Cash,9.5,0.33
269,M001,Houston,Home and lifestyle,$70.74,4.0,05/01/25,16:05:00,Credit card,4.4,0.36
270,M001,Houston,Home and lifestyle,$35.54,10.0,04/01/25,13:34:00,Ewallet,7.0,0.36
271,M069,Rockwall,Sports and travel,$67.43,5.0,06/03/25,18:13:00,Ewallet,6.3,0.33
272,M027,Abilene,Health and beauty,$21.12,2.0,03/01/25,19:17:00,Cash,9.7,0.48
273,M094,Alamo,Home and lifestyle,$21.54,9.0,07/01/25,11:44:00,Credit card,8.8,0.33
274,M025,Waco,Home and lifestyle,$12.03,2.0,27/01/25,15:51:00,Cash,5.1,0.48
275,M042,Bryan,Health and beauty,$99.71,6.0,26/02/25,16:52:00,Ewallet,7.9,0.48
276,M056,Rowlett,Fashion accessories,$47.97,7.0,07/01/25,20:52:00,Cash,6.2,0.33
277,M027,Abilene,Home and lifestyle,$21.82,10.0,07/01/25,17:36:00,Cash,7.1,0.48
278,M046,Temple,Fashion accessories,$95.42,4.0,02/02/25,13:23:00,Ewallet,6.4,0.48
279,M091,Little Elm,Fashion accessories,$70.99,10.0,20/03/25,16:28:00,Cash,5.7,0.33
280,M051,New Braunfels,Sports and travel,$44.02,10.0,20/03/25,19:57:00,Credit card,9.6,0.48
281,M073,Seguin,Home and lifestyle,$69.96,8.0,15/02/25,17:01:00,Credit card,6.4,0.33
282,M036,Allen,Home and lifestyle,$37,1.0,06/03/25,13:29:00,Credit card,7.9,0.48
283,M097,Alice,Sports and travel,$15.34,1.0,06/01/25,11:09:00,Cash,6.5,0.18
284,M030,Richardson,Health and beauty,$99.83,6.0,04/03/25,15:02:00,Ewallet,8.5,0.48
285,M079,La Porte,Health and beauty,$47.67,4.0,12/03/25,14:21:00,Cash,9.1,0.33
286,M052,Mansfield,Health and beauty,$66.68,5.0,20/02/25,18:01:00,Cash,7.6,0.57
287,M010,Laredo,Home and lifestyle,$74.86,1.0,24/03/25,14:49:00,Cash,6.9,0.48
288,M079,La Porte,Sports and travel,$23.75,9.0,31/01/25,12:02:00,Cash,9.5,0.33
289,M094,Alamo,Food and beverages,$48.51,7.0,25/01/25,13:30:00,Credit card,5.2,0.33
290,M074,Weslaco,Home and lifestyle,$94.88,7.0,03/02/25,14:38:00,Cash,4.2,0.33
291,M017,McKinney,Electronic accessories,$40.3,10.0,24/01/25,17:37:00,Credit card,7.0,0.48
292,M040,Edinburg,Electronic accessories,$27.85,7.0,14/03/25,17:20:00,Ewallet,6.0,0.48
293,M007,Arlington,Electronic accessories,$62.48,1.0,18/02/25,20:29:00,Cash,4.7,0.48
294,M015,Grand Prairie,Food and beverages,$36.36,2.0,21/01/25,10:00:00,Cash,7.1,0.48
295,M023,Midland,Health and beauty,$18.11,10.0,13/03/25,11:46:00,Ewallet,5.9,0.48
296,M014,Amarillo,Electronic accessories,$51.92,5.0,03/03/25,13:42:00,Cash,7.5,0.48
297,M036,Allen,Electronic accessories,$28.84,4.0,29/03/25,14:44:00,Cash,6.4,0.48
298,M085,Kerrville,Home and lifestyle,$78.38,6.0,10/01/25,14:16:00,Ewallet,5.8,0.33
299,M095,Big Spring,Home and lifestyle,$60.01,4.0,25/01/25,15:54:00,Cash,4.5,0.33
300,M017,McKinney,Home and lifestyle,$88.61,1.0,19/01/25,10:21:00,Cash,7.7,0.48
301,M100,Canyon,Fashion accessories,$99.82,2.0,02/01/25,18:09:00,Credit card,6.7,0.18
302,M048,Harlingen,Health and beauty,$39.01,1.0,12/03/25,16:46:00,Credit card,4.7,0.48
303,M031,Lewisville,Food and beverages,$48.61,1.0,25/02/25,15:31:00,Cash,4.4,0.48
304,M026,Denton,Electronic accessories,$51.19,4.0,18/03/25,17:15:00,Credit card,4.7,0.48
305,M045,Missouri City,Electronic accessories,$14.96,8.0,23/02/25,12:29:00,Credit card,8.6,0.48
306,M053,Conroe,Electronic accessories,$72.2,7.0,26/03/25,20:14:00,Ewallet,4.3,0.21
307,M088,Cleburne,Sports and travel,$40.23,7.0,30/03/25,13:22:00,Cash,9.6,0.33
308,M066,Grapevine,Home and lifestyle,$88.79,8.0,17/02/25,17:09:00,Cash,4.1,0.33
309,M033,Pearland,Electronic accessories,$26.48,3.0,21/03/25,10:40:00,Ewallet,4.7,0.48
310,M012,Garland,Fashion accessories,$81.91,2.0,05/03/25,17:43:00,Cash,7.8,0.48
311,M036,Allen,Sports and travel,$79.93,6.0,31/01/25,14:04:00,Cash,5.5,0.48
312,M076,Huntsville,Fashion accessories,$69.33,2.0,05/02/25,19:05:00,Ewallet,9.7,0.33
313,M012,Garland,Food and beverages,$14.23,5.0,01/02/25,10:08:00,Credit card,4.4,0.48
314,M026,Denton,Health and beauty,$15.55,9.0,07/03/25,13:12:00,Cash,5.0,0.48
315,M075,San Marcos,Electronic accessories,$78.13,10.0,10/02/25,20:51:00,Cash,4.4,0.33
316,M030,Richardson,Food and beverages,$99.37,2.0,14/02/25,17:29:00,Cash,5.2,0.48
317,M012,Garland,Food and beverages,$21.08,3.0,09/02/25,10:25:00,Cash,7.3,0.48
318,M091,Little Elm,Electronic accessories,$74.79,5.0,10/01/25,11:34:00,Cash,4.9,0.33
319,M048,Harlingen,Health and beauty,$29.67,7.0,11/03/25,18:58:00,Credit card,8.1,0.48
320,M059,Pflugerville,Health and beauty,$44.07,4.0,18/02/25,16:28:00,Ewallet,8.4,0.33
321,M065,Texas City,Food and beverages,$22.93,9.0,26/02/25,20:26:00,Cash,5.5,0.33
322,M016,Brownsville,Health and beauty,$39.42,1.0,18/01/25,15:08:00,Cash,8.4,0.48
323,M037,League City,Health and beauty,$15.26,6.0,15/02/25,18:03:00,Ewallet,9.8,0.48
324,M010,Laredo,Fashion accessories,$61.77,5.0,08/03/25,13:21:00,Cash,6.7,0.48
325,M086,Rosenberg,Home and lifestyle,$21.52,6.0,17/01/25,12:48:00,Credit card,9.4,0.33
326,M088,Cleburne,Sports and travel,$97.74,4.0,12/03/25,19:53:00,Ewallet,6.4,0.33
327,M069,Rockwall,Food and beverages,$99.78,5.0,09/03/25,19:09:00,Cash,5.4,0.33
328,M057,Euless,Food and beverages,$94.26,4.0,12/03/25,16:30:00,Cash,8.6,0.33
329,M052,Mansfield,Health and beauty,$51.13,4.0,25/01/25,10:11:00,Credit card,4.0,0.57
330,M063,Georgetown,Electronic accessories,$36.36,4.0,25/03/25,13:07:00,Cash,7.6,0.33
331,M071,Lufkin,Home and lifestyle,$22.02,9.0,07/02/25,18:48:00,Cash,6.8,0.33
332,M076,Huntsville,Food and beverages,$32.9,3.0,17/02/25,17:27:00,Credit card,9.1,0.33
333,M070,Hurst,Fashion accessories,$77.02,5.0,03/02/25,15:59:00,Cash,5.5,0.33
334,M034,College Station,Food and beverages,$23.48,2.0,14/03/25,11:21:00,Credit card,7.9,0.48
335,M089,Southlake,Sports and travel,$14.7,5.0,24/03/25,13:48:00,Ewallet,8.5,0.33
336,M032,Tyler,Electronic accessories,$28.45,5.0,21/03/25,10:17:00,Credit card,9.1,0.48
337,M024,Carrollton,Fashion accessories,$76.4,9.0,19/03/25,15:49:00,Ewallet,7.5,0.48
338,M100,Canyon,Sports and travel,$57.95,6.0,24/02/25,13:02:00,Cash,5.2,0.18
339,M016,Brownsville,Electronic accessories,$47.65,3.0,28/03/25,12:58:00,Credit card,9.5,0.48
340,M051,New Braunfels,Food and beverages,$42.82,9.0,05/02/25,15:26:00,Credit card,8.9,0.48
341,M014,Amarillo,Electronic accessories,$48.09,3.0,10/02/25,18:23:00,Credit card,7.8,0.48
342,M030,Richardson,Health and beauty,$55.97,7.0,05/03/25,19:06:00,Ewallet,8.9,0.48
343,M037,League City,Health and beauty,$76.9,7.0,15/02/25,20:21:00,Cash,7.7,0.48
344,M045,Missouri City,Food and beverages,$97.03,5.0,30/01/25,16:24:00,Credit card,9.3,0.48
345,M007,Arlington,Sports and travel,$44.65,3.0,14/02/25,15:04:00,Cash,6.2,0.48
346,M057,Euless,Fashion accessories,$77.93,9.0,27/02/25,16:10:00,Ewallet,7.6,0.33
347,M096,Eagle Pass,Electronic accessories,$71.95,1.0,04/02/25,12:14:00,Cash,7.3,0.18
348,M066,Grapevine,Home and lifestyle,$89.25,8.0,20/01/25,10:13:00,Cash,4.7,0.33
349,M095,Big Spring,Electronic accessories,$26.02,7.0,28/03/25,17:38:00,Cash,5.1,0.33
350,M087,Waxahachie,Health and beauty,$13.5,10.0,27/02/25,11:06:00,Credit card,4.8,0.33
351,M017,McKinney,Fashion accessories,$99.3,10.0,15/02/25,14:53:00,Credit card,6.6,0.48
352,M029,Round Rock,Electronic accessories,$51.69,7.0,26/01/25,18:22:00,Cash,5.5,0.48
353,M098,Mineral Wells,Fashion accessories,$54.73,7.0,14/03/25,19:02:00,Credit card,8.5,0.18
354,M019,Pasadena,Home and lifestyle,$27,9.0,02/03/25,14:16:00,Cash,4.8,0.48
355,M082,Weslaco,Electronic accessories,$30.24,1.0,04/03/25,15:44:00,Cash,8.4,0.33
356,M090,Brownwood,Food and beverages,$89.14,4.0,07/01/25,12:20:00,Credit card,7.8,0.33
357,M028,Odessa,Fashion accessories,$37.55,10.0,08/03/25,20:01:00,Credit card,9.3,0.48
358,M017,McKinney,Sports and travel,$95.44,10.0,09/01/25,13:45:00,Cash,5.2,0.48
359,M070,Hurst,Electronic accessories,$27.5,3.0,01/03/25,15:40:00,Ewallet,6.5,0.33
360,M081,Friendswood,Sports and travel,$74.97,1.0,16/03/25,16:58:00,Cash,5.6,0.33
361,M010,Laredo,Food and beverages,$80.96,8.0,17/02/25,11:12:00,Credit card,7.4,0.48
362,M070,Hurst,Food and beverages,$94.47,8.0,27/02/25,15:12:00,Cash,9.1,0.33
363,M002,Dallas,Food and beverages,$99.79,2.0,07/03/25,20:37:00,Ewallet,8.0,0.36
364,M089,Southlake,Home and lifestyle,$73.22,6.0,21/01/25,17:44:00,Cash,7.2,0.33
365,M037,League City,Food and beverages,$41.24,4.0,19/02/25,16:23:00,Cash,7.1,0.48
366,M079,La Porte,Fashion accessories,$81.68,4.0,06/01/25,12:12:00,Cash,9.1,0.33
367,M072,Lancaster,Electronic accessories,$51.32,9.0,14/03/25,19:33:00,Cash,5.6,0.33
368,M048,Harlingen,Home and lifestyle,$65.94,4.0,24/03/25,10:29:00,Cash,6.0,0.48
369,M026,Denton,Sports and travel,$14.36,10.0,27/01/25,14:28:00,Cash,5.4,0.48
370,M018,Frisco,Electronic accessories,$21.5,9.0,06/03/25,12:46:00,Credit card,7.8,0.48
371,M005,Fort Worth,Electronic accessories,$26.26,7.0,02/02/25,19:40:00,Cash,9.9,0.48
372,M071,Lufkin,Fashion accessories,$60.96,2.0,25/01/25,19:39:00,Credit card,4.9,0.33
373,M086,Rosenberg,Home and lifestyle,$70.11,6.0,14/03/25,17:54:00,Ewallet,5.2,0.33
374,M014,Amarillo,Fashion accessories,$42.08,6.0,29/01/25,12:25:00,Cash,8.9,0.48
375,M020,Killeen,Home and lifestyle,$67.09,5.0,03/01/25,16:47:00,Credit card,9.1,0.48
376,M009,Plano,Fashion accessories,$96.7,5.0,14/01/25,12:52:00,Ewallet,7.0,0.48
377,M096,Eagle Pass,Home and lifestyle,$35.38,9.0,05/01/25,19:50:00,Credit card,9.6,0.33
378,M037,League City,Sports and travel,$95.49,7.0,22/02/25,18:17:00,Ewallet,8.7,0.48
379,M009,Plano,Fashion accessories,$96.98,4.0,06/02/25,17:20:00,Ewallet,9.4,0.48
380,M045,Missouri City,Electronic accessories,$23.65,4.0,30/01/25,13:32:00,Credit card,4.0,0.48
381,M047,Flower Mound,Sports and travel,$82.33,4.0,11/01/25,10:37:00,Credit card,7.5,0.48
382,M008,Corpus Christi,Electronic accessories,$26.61,2.0,19/03/25,14:35:00,Cash,4.2,0.48
383,M061,Cedar Park,Food and beverages,$99.69,5.0,14/01/25,12:09:00,Cash,9.9,0.33
384,M091,Little Elm,Food and beverages,$74.89,4.0,01/03/25,15:32:00,Ewallet,4.2,0.33
385,M039,Longview,Food and beverages,$40.94,5.0,06/01/25,13:58:00,Ewallet,9.9,0.48
386,M084,Schertz,Sports and travel,$75.82,1.0,31/01/25,13:19:00,Cash,5.8,0.33
387,M006,El Paso,Food and beverages,$46.77,6.0,11/03/25,13:37:00,Cash,6.0,0.48
388,M034,College Station,Health and beauty,$32.32,10.0,20/02/25,16:49:00,Credit card,10.0,0.48
389,M074,Weslaco,Fashion accessories,$54.07,9.0,27/01/25,14:55:00,Cash,9.5,0.33
390,M066,Grapevine,Food and beverages,$18.22,7.0,10/03/25,14:04:00,Credit card,6.6,0.33
391,M021,McAllen,Fashion accessories,$80.48,3.0,15/02/25,12:31:00,Cash,8.1,0.48
392,M002,Dallas,Fashion accessories,$37.95,10.0,26/01/25,14:51:00,Cash,9.7,0.36
393,M020,Killeen,Electronic accessories,$76.82,1.0,13/02/25,18:27:00,Ewallet,7.2,0.48
394,M099,Weatherford,Sports and travel,$52.26,10.0,09/03/25,12:45:00,Credit card,6.2,0.18
395,M045,Missouri City,Health and beauty,$79.74,1.0,06/03/25,10:36:00,Credit card,7.3,0.48
396,M062,Galveston,Health and beauty,$77.5,5.0,24/01/25,20:36:00,Ewallet,4.3,0.33
397,M075,San Marcos,Food and beverages,$54.27,5.0,13/03/25,14:16:00,Ewallet,4.6,0.33
398,M092,Lake Jackson,Home and lifestyle,$13.59,9.0,15/03/25,10:26:00,Cash,5.8,0.33
399,M017,McKinney,Health and beauty,$41.06,6.0,05/03/25,13:30:00,Credit card,8.3,0.48
400,M016,Brownsville,Electronic accessories,$19.24,9.0,04/03/25,16:28:00,Cash,8.0,0.48
401,M081,Friendswood,Food and beverages,$39.43,6.0,25/03/25,20:18:00,Credit card,9.4,0.33
402,M084,Schertz,Home and lifestyle,$46.22,4.0,12/03/25,20:04:00,Credit card,6.2,0.33
403,M030,Richardson,Home and lifestyle,$13.98,1.0,04/02/25,13:38:00,Ewallet,9.8,0.48
404,M010,Laredo,Fashion accessories,$39.75,5.0,22/02/25,10:43:00,Ewallet,9.6,0.48
405,M027,Abilene,Fashion accessories,$97.79,7.0,16/02/25,17:30:00,Ewallet,4.9,0.48
406,M095,Big Spring,Sports and travel,$67.26,4.0,19/01/25,15:28:00,Credit card,8.0,0.33
407,M009,Plano,Food and beverages,$13.79,5.0,11/01/25,19:07:00,Credit card,7.8,0.48
408,M051,New Braunfels,Fashion accessories,$68.71,4.0,04/01/25,19:01:00,Cash,4.1,0.48
409,M004,Austin,Home and lifestyle,$56.53,4.0,04/03/25,19:48:00,Ewallet,5.5,0.48
410,M047,Flower Mound,Fashion accessories,$23.82,5.0,28/01/25,19:24:00,Ewallet,5.4,0.48
411,M011,Lubbock,Health and beauty,$34.21,10.0,02/01/25,13:00:00,Cash,5.1,0.48
412,M094,Alamo,Sports and travel,$21.87,2.0,25/01/25,14:29:00,Ewallet,6.9,0.33
413,M005,Fort Worth,Health and beauty,$20.97,5.0,04/01/25,13:21:00,Cash,7.8,0.48
414,M061,Cedar Park,Sports and travel,$25.84,3.0,10/03/25,18:55:00,Ewallet,6.6,0.33
415,M074,Weslaco,Home and lifestyle,$50.93,8.0,22/03/25,19:36:00,Cash,9.2,0.33
416,M025,Waco,Health and beauty,$96.11,1.0,25/01/25,16:28:00,Ewallet,7.8,0.48
417,M035,San Angelo,Home and lifestyle,$45.38,4.0,08/01/25,13:48:00,Credit card,8.7,0.48
418,M053,Conroe,Health and beauty,$81.51,1.0,22/01/25,10:57:00,Ewallet,9.2,0.57
419,M062,Galveston,Health and beauty,$57.22,2.0,12/01/25,17:13:00,Ewallet,8.3,0.33
420,M098,Mineral Wells,Electronic accessories,$25.22,7.0,04/02/25,10:23:00,Cash,8.2,0.18
421,M055,Waxahachie,Food and beverages,$38.6,3.0,28/03/25,13:57:00,Ewallet,7.5,0.33
422,M046,Temple,Electronic accessories,$84.05,3.0,23/01/25,13:29:00,Cash,9.8,0.48
423,M022,Mesquite,Fashion accessories,$97.21,10.0,08/02/25,13:00:00,Credit card,8.7,0.48
424,M032,Tyler,Fashion accessories,$25.42,8.0,19/03/25,19:42:00,Credit card,6.7,0.48
425,M022,Mesquite,Fashion accessories,$16.28,1.0,09/03/25,15:36:00,Cash,5.0,0.48
426,M048,Harlingen,Fashion accessories,$40.61,9.0,02/01/25,13:40:00,Cash,7.0,0.48
427,M100,Canyon,Health and beauty,$53.17,7.0,21/01/25,18:01:00,Cash,8.9,0.18
428,M039,Longview,Food and beverages,$20.87,3.0,20/03/25,13:53:00,Credit card,8.0,0.48
429,M095,Big Spring,Sports and travel,$67.27,5.0,27/02/25,17:27:00,Cash,6.9,0.33
430,M003,San Antonio,Home and lifestyle,$90.65,10.0,08/03/25,10:53:00,Ewallet,7.3,0.36
431,M084,Schertz,Fashion accessories,$69.08,2.0,31/01/25,19:48:00,Credit card,6.9,0.33
432,M010,Laredo,Food and beverages,$43.27,2.0,08/03/25,16:53:00,Ewallet,5.7,0.48
433,M062,Galveston,Electronic accessories,$23.46,6.0,13/01/25,19:14:00,Ewallet,6.4,0.33
434,M030,Richardson,Fashion accessories,$95.54,7.0,09/03/25,14:36:00,Credit card,9.6,0.48
435,M075,San Marcos,Fashion accessories,$47.44,1.0,22/02/25,18:19:00,Credit card,6.8,0.33
436,M044,Pharr,Sports and travel,$99.24,9.0,19/03/25,19:09:00,Ewallet,9.0,0.48
437,M009,Plano,Sports and travel,$82.93,4.0,20/01/25,16:51:00,Ewallet,9.6,0.48
438,M095,Big Spring,Home and lifestyle,$33.99,6.0,08/03/25,15:37:00,Credit card,7.7,0.33
439,M090,Brownwood,Food and beverages,$17.04,4.0,08/03/25,20:15:00,Ewallet,7.0,0.33
440,M037,League City,Electronic accessories,$40.86,8.0,07/02/25,14:38:00,Credit card,6.5,0.48
441,M097,Alice,Food and beverages,$17.44,5.0,15/01/25,19:25:00,Cash,8.1,0.18
442,M001,Houston,Sports and travel,$88.43,8.0,22/03/25,19:35:00,Credit card,4.3,0.36
443,M029,Round Rock,Home and lifestyle,$89.21,9.0,15/01/25,15:42:00,Credit card,6.5,0.48
444,M050,Victoria,Fashion accessories,$12.78,1.0,08/01/25,14:11:00,Ewallet,9.5,0.48
445,M069,Rockwall,Sports and travel,$19.1,7.0,15/01/25,10:43:00,Cash,9.7,0.33
446,M011,Lubbock,Health and beauty,$19.15,1.0,28/01/25,17:58:00,Credit card,9.5,0.48
447,M027,Abilene,Food and beverages,$27.66,10.0,14/02/25,11:26:00,Credit card,8.9,0.48
448,M028,Odessa,Fashion accessories,$45.74,3.0,10/03/25,17:38:00,Credit card,6.5,0.48
449,M063,Georgetown,Health and beauty,$27.07,1.0,12/01/25,20:07:00,Credit card,5.3,0.33
450,M077,Coppell,Sports and travel,$39.12,1.0,26/03/25,11:02:00,Credit card,9.6,0.33
451,M099,Weatherford,Electronic accessories,$74.71,6.0,01/01/25,19:07:00,Cash,6.7,0.18
452,M077,Coppell,Electronic accessories,$22.01,6.0,02/01/25,18:50:00,Cash,7.6,0.33
453,M068,Burleson,Food and beverages,$63.61,5.0,16/03/25,12:43:00,Ewallet,4.8,0.33
454,M069,Rockwall,Health and beauty,$25,1.0,03/03/25,15:09:00,Ewallet,5.5,0.33
455,M028,Odessa,Electronic accessories,$20.77,4.0,31/01/25,13:47:00,Cash,4.7,0.48
456,M010,Laredo,Fashion accessories,$29.56,5.0,13/02/25,16:59:00,Cash,6.9,0.48
457,M080,Nacogdoches,Food and beverages,$77.4,9.0,15/02/25,14:15:00,Credit card,4.5,0.33
458,M005,Fort Worth,Electronic accessories,$79.39,10.0,07/02/25,20:24:00,Cash,6.2,0.48
459,M091,Little Elm,Electronic accessories,$46.57,10.0,27/01/25,13:58:00,Cash,7.6,0.33
460,M074,Weslaco,Food and beverages,$35.89,1.0,23/02/25,16:52:00,Cash,7.9,0.33
461,M064,Bedford,Food and beverages,$40.52,5.0,03/02/25,15:19:00,Cash,4.5,0.33
462,M086,Rosenberg,Food and beverages,$73.05,10.0,03/03/25,12:25:00,Credit card,8.7,0.33
463,M026,Denton,Sports and travel,$73.95,4.0,03/02/25,10:02:00,Cash,6.1,0.48
464,M057,Euless,Food and beverages,$22.62,1.0,17/03/25,18:58:00,Cash,6.4,0.33
465,M042,Bryan,Food and beverages,$51.34,5.0,28/03/25,15:31:00,Credit card,9.1,0.48
466,M095,Big Spring,Sports and travel,$54.55,10.0,02/03/25,11:22:00,Credit card,7.1,0.33
467,M094,Alamo,Health and beauty,$37.15,7.0,08/02/25,13:12:00,Credit card,7.7,0.33
468,M047,Flower Mound,Sports and travel,$37.02,6.0,22/03/25,18:33:00,Cash,4.5,0.48
469,M071,Lufkin,Food and beverages,$21.58,1.0,09/02/25,10:02:00,Ewallet,7.2,0.33
470,M071,Lufkin,Electronic accessories,$98.84,1.0,15/02/25,11:21:00,Cash,8.4,0.33
471,M016,Brownsville,Home and lifestyle,$83.77,6.0,23/01/25,12:10:00,Ewallet,5.4,0.48
472,M093,Angleton,Sports and travel,$40.05,4.0,25/01/25,11:40:00,Cash,9.7,0.33
473,M076,Huntsville,Fashion accessories,$43.13,10.0,02/02/25,18:31:00,Credit card,5.5,0.33
474,M088,Cleburne,Health and beauty,$72.57,8.0,30/03/25,17:58:00,Cash,4.6,0.33
475,M003,San Antonio,Electronic accessories,$64.44,5.0,30/03/25,17:04:00,Cash,6.6,0.48
476,M010,Laredo,Health and beauty,$65.18,3.0,25/02/25,20:35:00,Credit card,6.3,0.48
477,M059,Pflugerville,Sports and travel,$33.26,5.0,18/03/25,16:10:00,Credit card,4.2,0.33
478,M020,Killeen,Electronic accessories,$84.07,4.0,07/03/25,16:54:00,Ewallet,4.4,0.48
479,M059,Pflugerville,Sports and travel,$34.37,10.0,16/03/25,10:11:00,Ewallet,6.7,0.33
480,M057,Euless,Electronic accessories,$38.6,1.0,29/01/25,11:26:00,Ewallet,6.7,0.33
481,M078,Del Rio,Food and beverages,$65.97,8.0,02/02/25,20:29:00,Cash,8.4,0.33
482,M066,Grapevine,Electronic accessories,$32.8,10.0,15/02/25,12:12:00,Cash,6.2,0.33
483,M094,Alamo,Sports and travel,$37.14,5.0,08/01/25,13:05:00,Ewallet,5.0,0.33
484,M080,Nacogdoches,Home and lifestyle,$60.38,10.0,12/02/25,16:19:00,Cash,6.0,0.33
485,M003,San Antonio,Sports and travel,$36.98,10.0,01/01/25,19:48:00,Credit card,7.0,0.36
486,M060,DeSoto,Sports and travel,$49.49,4.0,21/03/25,15:25:00,Ewallet,6.6,0.33
487,M026,Denton,Fashion accessories,$41.09,10.0,28/02/25,14:42:00,Cash,7.3,0.48
488,M080,Nacogdoches,Fashion accessories,$37.15,4.0,23/03/25,18:59:00,Ewallet,8.3,0.33
489,M050,Victoria,Home and lifestyle,$22.96,1.0,30/01/25,20:47:00,Ewallet,4.3,0.48
490,M063,Georgetown,Home and lifestyle,$77.68,9.0,04/02/25,13:21:00,Ewallet,9.8,0.33
491,M051,New Braunfels,Fashion accessories,$34.7,2.0,13/03/25,19:48:00,Ewallet,8.2,0.48
492,M004,Austin,Fashion accessories,$19.66,10.0,15/03/25,18:20:00,Credit card,7.2,0.48
493,M085,Kerrville,Health and beauty,$25.32,8.0,05/03/25,20:24:00,Ewallet,8.7,0.33
494,M011,Lubbock,Home and lifestyle,$12.12,10.0,05/03/25,13:44:00,Credit card,8.4,0.48
495,M081,Friendswood,Fashion accessories,$99.89,2.0,26/02/25,11:48:00,Ewallet,7.1,0.33
496,M019,Pasadena,Sports and travel,$75.92,8.0,20/03/25,14:14:00,Cash,5.5,0.48
497,M053,Conroe,Electronic accessories,$63.22,2.0,01/01/25,15:51:00,Cash,8.5,0.21
498,M098,Mineral Wells,Food and beverages,$90.24,6.0,27/01/25,11:17:00,Cash,6.2,0.18
499,M073,Seguin,Sports and travel,$98.13,1.0,21/01/25,17:36:00,Cash,8.9,0.33
500,M071,Lufkin,Sports and travel,$51.52,8.0,02/02/25,15:47:00,Cash,9.6,0.33
501,M087,Waxahachie,Sports and travel,$73.97,1.0,03/02/25,15:53:00,Credit card,5.4,0.33
502,M006,El Paso,Fashion accessories,$31.9,1.0,05/01/25,12:40:00,Ewallet,9.1,0.48
503,M002,Dallas,Home and lifestyle,$69.4,2.0,27/01/25,19:48:00,Ewallet,9.0,0.36
504,M075,San Marcos,Sports and travel,$93.31,2.0,25/03/25,17:53:00,Cash,6.3,0.33
505,M048,Harlingen,Sports and travel,$88.45,1.0,25/02/25,16:36:00,Credit card,9.5,0.48
506,M040,Edinburg,Electronic accessories,$24.18,8.0,28/01/25,20:54:00,Ewallet,9.8,0.48
507,M019,Pasadena,Sports and travel,$48.5,3.0,08/01/25,12:50:00,Cash,6.7,0.48
508,M059,Pflugerville,Food and beverages,$84.05,6.0,29/01/25,10:48:00,Credit card,7.7,0.33
509,M077,Coppell,Health and beauty,$61.29,5.0,29/03/25,14:28:00,Cash,7.0,0.33
510,M055,Waxahachie,Home and lifestyle,$15.95,6.0,09/02/25,17:15:00,Credit card,5.1,0.33
511,M057,Euless,Sports and travel,$90.74,7.0,16/01/25,18:03:00,Credit card,6.2,0.33
512,M007,Arlington,Home and lifestyle,$42.91,5.0,05/01/25,17:29:00,Ewallet,6.1,0.48
513,M071,Lufkin,Fashion accessories,$54.28,7.0,27/01/25,18:05:00,Ewallet,9.3,0.33
514,M088,Cleburne,Electronic accessories,$99.55,7.0,14/03/25,12:07:00,Cash,7.6,0.33
515,M051,New Braunfels,Sports and travel,$58.39,7.0,23/02/25,19:49:00,Credit card,8.2,0.48
516,M025,Waco,Fashion accessories,$51.47,1.0,18/03/25,15:52:00,Ewallet,8.5,0.48
517,M071,Lufkin,Health and beauty,$54.86,5.0,29/03/25,16:48:00,Ewallet,9.8,0.33
518,M089,Southlake,Home and lifestyle,$39.39,5.0,22/01/25,20:46:00,Credit card,8.7,0.33
519,M008,Corpus Christi,Home and lifestyle,$34.73,2.0,01/03/25,18:14:00,Ewallet,9.7,0.48
520,M033,Pearland,Sports and travel,$71.92,5.0,17/01/25,15:05:00,Credit card,4.3,0.48
521,M059,Pflugerville,Electronic accessories,$45.71,3.0,26/03/25,10:34:00,Credit card,7.7,0.33
522,M097,Alice,Home and lifestyle,$83.17,6.0,20/03/25,11:23:00,Cash,7.3,0.18
523,M035,San Angelo,Home and lifestyle,$37.44,6.0,06/02/25,13:55:00,Credit card,5.9,0.48
524,M075,San Marcos,Health and beauty,$62.87,2.0,01/01/25,11:43:00,Cash,5.0,0.33
525,M075,San Marcos,Food and beverages,$81.71,6.0,27/01/25,14:36:00,Credit card,8.0,0.33
526,M074,Weslaco,Sports and travel,$91.41,5.0,25/02/25,16:03:00,Cash,7.1,0.33
527,M095,Big Spring,Fashion accessories,$39.21,4.0,16/01/25,20:03:00,Credit card,9.0,0.33
528,M013,Irving,Fashion accessories,$59.86,2.0,13/01/25,14:55:00,Ewallet,6.7,0.48
529,M056,Rowlett,Food and beverages,$54.36,10.0,07/02/25,11:28:00,Credit card,6.1,0.33
530,M019,Pasadena,Sports and travel,$98.09,9.0,17/02/25,19:41:00,Cash,9.3,0.48
531,M073,Seguin,Health and beauty,$25.43,6.0,12/02/25,19:01:00,Ewallet,7.0,0.33
532,M082,Weslaco,Fashion accessories,$86.68,8.0,24/01/25,18:04:00,Cash,7.2,0.33
533,M063,Georgetown,Electronic accessories,$22.95,10.0,06/02/25,19:20:00,Ewallet,8.2,0.33
534,M085,Kerrville,Food and beverages,$16.31,9.0,26/03/25,10:31:00,Ewallet,8.4,0.33
535,M036,Allen,Home and lifestyle,$28.32,5.0,11/03/25,13:28:00,Ewallet,6.2,0.48
536,M082,Weslaco,Home and lifestyle,$16.67,7.0,07/02/25,11:36:00,Cash,7.4,0.33
537,M063,Georgetown,Fashion accessories,$73.96,1.0,05/01/25,11:32:00,Credit card,5.0,0.33
538,M029,Round Rock,Home and lifestyle,$97.94,1.0,07/03/25,11:44:00,Ewallet,6.9,0.48
539,M098,Mineral Wells,Fashion accessories,$73.05,4.0,25/02/25,17:16:00,Credit card,4.9,0.18
540,M062,Galveston,Food and beverages,$87.48,6.0,01/02/25,18:43:00,Ewallet,5.1,0.33
541,M042,Bryan,Home and lifestyle,$30.68,3.0,22/01/25,11:00:00,Ewallet,9.1,0.48
542,M048,Harlingen,Health and beauty,$75.88,1.0,03/01/25,10:30:00,Credit card,7.1,0.48
543,M091,Little Elm,Sports and travel,$20.18,4.0,13/02/25,12:14:00,Credit card,5.0,0.33
544,M055,Waxahachie,Electronic accessories,$18.77,6.0,28/01/25,16:43:00,Credit card,5.5,0.33
545,M097,Alice,Food and beverages,$71.2,1.0,05/01/25,20:40:00,Credit card,9.2,0.18
546,M089,Southlake,Home and lifestyle,$38.81,4.0,19/03/25,13:40:00,Ewallet,4.9,0.33
547,M004,Austin,Fashion accessories,$29.42,10.0,12/01/25,16:23:00,Ewallet,8.9,0.48
548,M093,Angleton,Sports and travel,$60.95,9.0,07/01/25,12:08:00,Credit card,6.0,0.33
549,M057,Euless,Sports and travel,$51.54,5.0,26/01/25,17:45:00,Cash,4.2,0.33
550,M037,League City,Electronic accessories,$66.06,6.0,23/01/25,10:28:00,Cash,7.3,0.48
551,M066,Grapevine,Fashion accessories,$57.27,3.0,09/02/25,20:31:00,Ewallet,6.5,0.33
552,M096,Eagle Pass,Fashion accessories,$54.31,9.0,22/02/25,10:49:00,Cash,8.9,0.18
553,M023,Midland,Health and beauty,$58.24,9.0,05/02/25,12:34:00,Cash,9.7,0.48
554,M072,Lancaster,Electronic accessories,$22.21,6.0,07/03/25,10:23:00,Credit card,8.6,0.33
555,M061,Cedar Park,Electronic accessories,$19.32,7.0,25/03/25,18:51:00,Cash,6.9,0.33
556,M014,Amarillo,Home and lifestyle,$37.48,3.0,20/01/25,13:45:00,Credit card,7.7,0.48
557,M012,Garland,Fashion accessories,$72.04,2.0,04/02/25,19:38:00,Cash,9.5,0.48
558,M042,Bryan,Food and beverages,$98.52,10.0,30/01/25,20:23:00,Ewallet,4.5,0.48
559,M036,Allen,Food and beverages,$41.66,6.0,02/01/25,15:24:00,Ewallet,5.6,0.48
560,M087,Waxahachie,Home and lifestyle,$72.42,3.0,29/03/25,16:54:00,Ewallet,8.2,0.33
561,M050,Victoria,Electronic accessories,$21.58,9.0,14/03/25,12:32:00,Ewallet,7.3,0.48
562,M080,Nacogdoches,Food and beverages,$89.2,10.0,11/02/25,15:42:00,Credit card,4.4,0.33
563,M089,Southlake,Electronic accessories,$42.42,8.0,30/01/25,13:58:00,Ewallet,5.7,0.33
564,M083,Farmers Branch,Electronic accessories,$74.51,6.0,20/03/25,15:08:00,Ewallet,5.0,0.33
565,M020,Killeen,Fashion accessories,$99.25,2.0,20/03/25,13:02:00,Cash,9.0,0.48
566,M049,North Richland Hills,Food and beverages,$81.21,10.0,17/01/25,13:01:00,Credit card,6.3,0.48
567,M090,Brownwood,Sports and travel,$49.33,10.0,03/02/25,16:40:00,Credit card,9.4,0.33
568,M083,Farmers Branch,Fashion accessories,$65.74,9.0,01/01/25,13:55:00,Cash,7.7,0.33
569,M074,Weslaco,Fashion accessories,$79.86,7.0,10/01/25,10:33:00,Cash,5.5,0.33
570,M082,Weslaco,Sports and travel,$73.98,7.0,02/03/25,16:42:00,Cash,4.1,0.33
571,M046,Temple,Home and lifestyle,$82.04,5.0,25/02/25,17:16:00,Credit card,7.6,0.48
572,M092,Lake Jackson,Sports and travel,$26.67,10.0,29/01/25,11:48:00,Cash,8.6,0.33
573,M012,Garland,Food and beverages,$10.13,7.0,10/03/25,19:35:00,Ewallet,8.3,0.48
574,M063,Georgetown,Food and beverages,$72.39,2.0,13/01/25,19:55:00,Credit card,8.1,0.33
575,M030,Richardson,Sports and travel,$85.91,5.0,22/03/25,14:33:00,Credit card,8.6,0.48
576,M047,Flower Mound,Fashion accessories,$81.31,7.0,01/03/25,19:49:00,Ewallet,6.3,0.48
577,M052,Mansfield,Food and beverages,$60.3,4.0,20/02/25,18:43:00,Cash,5.8,0.57
578,M027,Abilene,Food and beverages,$31.77,4.0,14/01/25,14:43:00,Ewallet,6.2,0.48
579,M087,Waxahachie,Health and beauty,$64.27,4.0,26/03/25,13:54:00,Cash,7.7,0.33
580,M070,Hurst,Health and beauty,$69.51,2.0,01/03/25,12:15:00,Ewallet,8.1,0.33
581,M044,Pharr,Food and beverages,$27.22,3.0,07/01/25,12:37:00,Cash,7.3,0.48
582,M095,Big Spring,Health and beauty,$77.68,4.0,01/02/25,19:54:00,Cash,8.4,0.33
583,M013,Irving,Fashion accessories,$92.98,2.0,13/02/25,15:06:00,Credit card,8.0,0.48
584,M001,Houston,Fashion accessories,$18.08,4.0,14/01/25,18:03:00,Credit card,9.5,0.36
585,M088,Cleburne,Sports and travel,$63.06,3.0,19/01/25,15:58:00,Ewallet,7.0,0.33
586,M020,Killeen,Health and beauty,$51.71,4.0,09/03/25,13:53:00,Credit card,9.8,0.48
587,M038,Sugar Land,Food and beverages,$52.34,3.0,27/03/25,14:03:00,Cash,9.2,0.48
588,M069,Rockwall,Sports and travel,$43.06,5.0,04/02/25,16:38:00,Ewallet,7.7,0.33
589,M062,Galveston,Fashion accessories,$59.61,10.0,14/03/25,11:07:00,Cash,5.3,0.33
590,M081,Friendswood,Health and beauty,$14.62,5.0,04/03/25,12:23:00,Cash,4.4,0.33
591,M071,Lufkin,Health and beauty,$46.53,6.0,03/03/25,10:54:00,Credit card,4.3,0.33
592,M030,Richardson,Home and lifestyle,$24.24,7.0,27/01/25,17:38:00,Ewallet,9.4,0.48
593,M046,Temple,Sports and travel,$45.58,1.0,07/02/25,14:13:00,Cash,9.8,0.48
594,M028,Odessa,Sports and travel,$75.2,3.0,05/02/25,11:51:00,Ewallet,4.8,0.48
595,M070,Hurst,Sports and travel,$96.8,3.0,15/03/25,13:05:00,Cash,5.3,0.33
596,M026,Denton,Health and beauty,$14.82,3.0,01/03/25,11:30:00,Credit card,8.7,0.48
597,M081,Friendswood,Food and beverages,$52.2,3.0,15/02/25,13:30:00,Credit card,9.5,0.33
598,M020,Killeen,Sports and travel,$46.66,9.0,17/02/25,19:11:00,Ewallet,5.3,0.48
599,M048,Harlingen,Fashion accessories,$36.85,5.0,26/01/25,18:53:00,Cash,9.2,0.48
600,M047,Flower Mound,Home and lifestyle,$70.32,2.0,24/03/25,14:22:00,Ewallet,9.6,0.48
601,M080,Nacogdoches,Electronic accessories,$83.08,1.0,23/01/25,17:16:00,Ewallet,6.4,0.33
602,M064,Bedford,Fashion accessories,$64.99,1.0,26/01/25,10:06:00,Credit card,4.5,0.33
603,M086,Rosenberg,Food and beverages,$77.56,10.0,14/03/25,20:35:00,Ewallet,6.9,0.33
604,M040,Edinburg,Sports and travel,$54.51,6.0,17/03/25,13:54:00,Ewallet,7.8,0.48
605,M096,Eagle Pass,Fashion accessories,$51.89,7.0,08/01/25,20:08:00,Cash,4.5,0.18
606,M060,DeSoto,Home and lifestyle,$31.75,4.0,08/02/25,15:26:00,Cash,8.6,0.33
607,M069,Rockwall,Fashion accessories,$53.65,7.0,10/02/25,12:56:00,Ewallet,5.2,0.33
608,M021,McAllen,Food and beverages,$49.79,4.0,28/03/25,19:16:00,Credit card,6.4,0.48
609,M049,North Richland Hills,Fashion accessories,$30.61,1.0,23/01/25,12:20:00,Ewallet,5.2,0.48
610,M029,Round Rock,Food and beverages,$57.89,2.0,17/01/25,10:37:00,Ewallet,8.9,0.48
611,M038,Sugar Land,Electronic accessories,$28.96,1.0,07/02/25,10:18:00,Credit card,6.2,0.48
612,M052,Mansfield,Food and beverages,$98.97,9.0,09/03/25,11:23:00,Cash,6.7,0.57
613,M069,Rockwall,Fashion accessories,$93.22,3.0,24/01/25,11:45:00,Cash,7.2,0.33
614,M045,Missouri City,Sports and travel,$80.93,1.0,19/01/25,16:08:00,Credit card,9.0,0.48
615,M012,Garland,Food and beverages,$67.45,10.0,03/02/25,11:25:00,Ewallet,4.2,0.48
616,M092,Lake Jackson,Sports and travel,$38.72,9.0,20/03/25,12:24:00,Ewallet,4.2,0.33
617,M068,Burleson,Sports and travel,$72.6,6.0,13/01/25,19:51:00,Cash,6.9,0.33
618,M098,Mineral Wells,Electronic accessories,$87.91,5.0,14/03/25,18:10:00,Ewallet,4.4,0.18
619,M030,Richardson,Food and beverages,$98.53,6.0,23/01/25,11:22:00,Credit card,4.0,0.48
620,M019,Pasadena,Fashion accessories,$43.46,6.0,07/02/25,17:55:00,Ewallet,8.5,0.48
621,M074,Weslaco,Food and beverages,$71.68,3.0,28/03/25,15:30:00,Cash,9.2,0.33
622,M074,Weslaco,Food and beverages,$91.61,1.0,20/03/25,19:44:00,Cash,9.8,0.33
623,M017,McKinney,Home and lifestyle,$94.59,7.0,17/01/25,15:27:00,Credit card,4.9,0.48
624,M032,Tyler,Fashion accessories,$83.25,10.0,12/01/25,11:25:00,Credit card,4.4,0.48
625,M023,Midland,Fashion accessories,$91.35,1.0,16/02/25,15:42:00,Cash,6.8,0.48
626,M020,Killeen,Food and beverages,$78.88,2.0,26/01/25,16:04:00,Cash,9.1,0.48
627,M075,San Marcos,Sports and travel,$60.87,2.0,09/03/25,12:37:00,Ewallet,8.7,0.33
628,M043,Baytown,Health and beauty,$82.58,10.0,14/03/25,14:41:00,Cash,5.0,0.48
629,M049,North Richland Hills,Home and lifestyle,$53.3,3.0,25/01/25,14:19:00,Ewallet,7.5,0.48
630,M059,Pflugerville,Fashion accessories,$12.09,1.0,26/01/25,18:19:00,Credit card,8.2,0.33
631,M006,El Paso,Sports and travel,$64.19,10.0,19/01/25,14:08:00,Credit card,6.7,0.48
632,M001,Houston,Electronic accessories,$78.31,3.0,05/03/25,16:38:00,Ewallet,5.4,0.36
633,M020,Killeen,Food and beverages,$83.77,2.0,15/01/25,10:54:00,Credit card,7.0,0.48
634,M058,Port Arthur,Home and lifestyle,$99.7,3.0,18/03/25,11:29:00,Ewallet,4.7,0.33
635,M049,North Richland Hills,Food and beverages,$79.91,3.0,20/03/25,19:28:00,Credit card,5.0,0.48
636,M003,San Antonio,Health and beauty,$66.47,10.0,15/01/25,15:01:00,Credit card,5.0,0.48
637,M038,Sugar Land,Health and beauty,$28.95,7.0,03/03/25,20:31:00,Credit card,6.0,0.48
638,M023,Midland,Electronic accessories,$46.2,1.0,19/03/25,12:16:00,Cash,6.3,0.48
639,M002,Dallas,Food and beverages,$17.63,5.0,08/03/25,15:27:00,Cash,8.5,0.36
640,M066,Grapevine,Fashion accessories,$52.42,3.0,27/02/25,17:36:00,Ewallet,7.5,0.33
641,M076,Huntsville,Food and beverages,$98.79,3.0,23/02/25,20:00:00,Ewallet,6.4,0.33
642,M025,Waco,Electronic accessories,$88.55,8.0,19/03/25,15:29:00,Ewallet,4.7,0.48
643,M035,San Angelo,Electronic accessories,$55.67,2.0,27/03/25,15:08:00,Ewallet,6.0,0.48
644,M053,Conroe,Food and beverages,$72.52,8.0,30/03/25,19:26:00,Credit card,4.0,0.57
645,M007,Arlington,Electronic accessories,$12.05,5.0,16/02/25,15:53:00,Ewallet,5.5,0.48
646,M098,Mineral Wells,Home and lifestyle,$19.36,9.0,18/01/25,18:43:00,Ewallet,8.7,0.18
647,M045,Missouri City,Health and beauty,$70.21,6.0,30/03/25,14:58:00,Credit card,7.4,0.48
648,M030,Richardson,Fashion accessories,$33.63,1.0,20/03/25,19:55:00,Cash,5.6,0.48
649,M055,Waxahachie,Sports and travel,$15.49,2.0,16/01/25,15:10:00,Cash,6.3,0.33
650,M077,Coppell,Electronic accessories,$24.74,10.0,24/02/25,16:44:00,Cash,7.1,0.33
651,M088,Cleburne,Electronic accessories,$75.66,5.0,15/01/25,18:22:00,Ewallet,7.8,0.33
652,M060,DeSoto,Health and beauty,$55.81,6.0,22/01/25,11:52:00,Cash,9.9,0.33
653,M020,Killeen,Home and lifestyle,$72.78,10.0,03/02/25,17:24:00,Cash,7.3,0.48
654,M090,Brownwood,Sports and travel,$37.32,9.0,06/03/25,15:31:00,Ewallet,5.1,0.33
655,M032,Tyler,Fashion accessories,$60.18,4.0,16/02/25,18:04:00,Credit card,9.4,0.48
656,M073,Seguin,Electronic accessories,$15.69,3.0,14/03/25,14:13:00,Credit card,5.8,0.33
657,M027,Abilene,Electronic accessories,$99.69,1.0,27/02/25,10:23:00,Credit card,8.0,0.48
658,M054,Sherman,Fashion accessories,$88.15,3.0,18/01/25,10:11:00,Ewallet,7.9,0.21
659,M071,Lufkin,Sports and travel,$27.93,5.0,29/01/25,15:48:00,Cash,5.9,0.33
660,M093,Angleton,Fashion accessories,$55.45,1.0,26/02/25,17:46:00,Credit card,4.9,0.33
661,M021,McAllen,Sports and travel,$42.97,3.0,03/02/25,11:46:00,Cash,9.3,0.48
662,M097,Alice,Sports and travel,$17.14,7.0,16/01/25,12:07:00,Credit card,7.9,0.18
663,M045,Missouri City,Fashion accessories,$58.75,6.0,24/03/25,18:14:00,Credit card,5.9,0.48
664,M044,Pharr,Food and beverages,$87.1,10.0,12/02/25,14:45:00,Credit card,9.9,0.48
665,M033,Pearland,Sports and travel,$98.8,2.0,21/02/25,11:39:00,Cash,7.7,0.48
666,M079,La Porte,Fashion accessories,$48.63,4.0,04/02/25,15:44:00,Ewallet,7.6,0.33
667,M059,Pflugerville,Food and beverages,$57.74,3.0,20/02/25,13:06:00,Ewallet,7.7,0.33
668,M047,Flower Mound,Health and beauty,$17.97,4.0,23/02/25,20:43:00,Ewallet,6.4,0.48
669,M036,Allen,Health and beauty,$47.71,6.0,16/02/25,14:19:00,Ewallet,4.4,0.48
670,M046,Temple,Sports and travel,$40.62,2.0,17/01/25,10:01:00,Credit card,4.1,0.48
671,M057,Euless,Fashion accessories,$56.04,10.0,14/01/25,19:30:00,Ewallet,4.4,0.33
672,M007,Arlington,Food and beverages,$93.4,2.0,30/03/25,16:34:00,Cash,5.5,0.48
673,M077,Coppell,Health and beauty,$73.41,3.0,02/03/25,13:10:00,Ewallet,4.0,0.33
674,M064,Bedford,Health and beauty,$33.64,8.0,15/02/25,17:10:00,Credit card,9.3,0.33
675,M003,San Antonio,Electronic accessories,$45.48,10.0,01/03/25,10:22:00,Credit card,4.8,0.48
676,M080,Nacogdoches,Fashion accessories,$83.77,2.0,24/02/25,19:57:00,Cash,4.6,0.33
677,M062,Galveston,Sports and travel,$64.08,7.0,19/02/25,19:29:00,Credit card,7.3,0.33
678,M066,Grapevine,Food and beverages,$73.47,4.0,23/02/25,18:30:00,Cash,6.0,0.33
679,M095,Big Spring,Health and beauty,$58.95,10.0,07/02/25,14:27:00,Ewallet,8.1,0.33
680,M074,Weslaco,Food and beverages,$48.5,6.0,11/01/25,13:57:00,Cash,9.4,0.33
681,M085,Kerrville,Electronic accessories,$39.48,1.0,12/02/25,19:43:00,Cash,6.5,0.33
682,M100,Canyon,Sports and travel,$34.81,1.0,14/01/25,10:11:00,Credit card,7.0,0.18
683,M082,Weslaco,Fashion accessories,$49.32,6.0,09/01/25,13:46:00,Cash,7.1,0.33
684,M091,Little Elm,Fashion accessories,$21.48,2.0,27/02/25,12:22:00,Ewallet,6.6,0.33
685,M063,Georgetown,Sports and travel,$23.08,6.0,24/01/25,19:20:00,Ewallet,4.9,0.33
686,M041,Mission,Home and lifestyle,$49.1,2.0,08/01/25,12:58:00,Ewallet,6.4,0.48
687,M003,San Antonio,Sports and travel,$64.83,2.0,08/01/25,11:59:00,Credit card,8.0,0.36
688,M089,Southlake,Home and lifestyle,$63.56,10.0,16/01/25,17:59:00,Cash,4.3,0.33
689,M058,Port Arthur,Sports and travel,$72.88,2.0,13/03/25,12:51:00,Cash,6.1,0.33
690,M083,Farmers Branch,Food and beverages,$67.1,3.0,15/02/25,10:36:00,Cash,7.5,0.33
691,M057,Euless,Sports and travel,$70.19,9.0,25/01/25,13:38:00,Cash,6.7,0.33
692,M089,Southlake,Food and beverages,$55.04,7.0,12/03/25,19:39:00,Ewallet,5.2,0.33
693,M022,Mesquite,Health and beauty,$48.63,10.0,04/03/25,12:44:00,Cash,8.8,0.48
694,M012,Garland,Fashion accessories,$73.38,7.0,10/02/25,13:56:00,Cash,9.5,0.48
695,M009,Plano,Food and beverages,$52.6,9.0,16/01/25,14:42:00,Cash,7.6,0.48
696,M052,Mansfield,Home and lifestyle,$87.37,5.0,29/01/25,19:45:00,Cash,6.6,0.57
697,M040,Edinburg,Sports and travel,$27.04,4.0,01/01/25,20:26:00,Ewallet,6.9,0.48
698,M079,La Porte,Home and lifestyle,$62.19,4.0,06/01/25,19:46:00,Ewallet,4.3,0.33
699,M088,Cleburne,Electronic accessories,$69.58,9.0,19/02/25,19:38:00,Credit card,7.8,0.33
700,M066,Grapevine,Home and lifestyle,$97.5,10.0,12/01/25,16:18:00,Ewallet,8.0,0.33
701,M061,Cedar Park,Fashion accessories,$60.41,8.0,07/02/25,12:23:00,Ewallet,9.6,0.33
702,M059,Pflugerville,Food and beverages,$32.32,3.0,27/03/25,19:11:00,Credit card,4.3,0.33
703,M046,Temple,Fashion accessories,$19.77,10.0,27/02/25,18:57:00,Credit card,5.0,0.48
704,M044,Pharr,Health and beauty,$80.47,9.0,06/01/25,11:18:00,Cash,9.2,0.48
705,M042,Bryan,Home and lifestyle,$88.39,9.0,02/03/25,12:40:00,Cash,6.3,0.48
706,M045,Missouri City,Health and beauty,$71.77,7.0,29/03/25,14:06:00,Credit card,8.9,0.48
707,M031,Lewisville,Electronic accessories,$43,4.0,31/01/25,20:48:00,Ewallet,7.6,0.48
708,M069,Rockwall,Food and beverages,$68.98,1.0,21/01/25,20:13:00,Cash,4.8,0.33
709,M048,Harlingen,Fashion accessories,$15.62,8.0,20/01/25,20:37:00,Ewallet,9.1,0.48
710,M040,Edinburg,Sports and travel,$25.7,3.0,17/01/25,17:59:00,Ewallet,6.1,0.48
711,M080,Nacogdoches,Food and beverages,$80.62,6.0,28/02/25,20:18:00,Cash,9.1,0.33
712,M007,Arlington,Home and lifestyle,$75.53,4.0,19/03/25,15:52:00,Ewallet,8.3,0.48
713,M074,Weslaco,Electronic accessories,$77.63,9.0,19/02/25,15:14:00,Cash,7.2,0.33
714,M021,McAllen,Health and beauty,$13.85,9.0,04/02/25,12:50:00,Ewallet,6.0,0.48
715,M049,North Richland Hills,Fashion accessories,$98.7,8.0,31/01/25,10:36:00,Ewallet,8.5,0.48
716,M057,Euless,Health and beauty,$35.68,5.0,06/02/25,18:33:00,Credit card,6.6,0.33
717,M079,La Porte,Fashion accessories,$71.46,7.0,28/03/25,16:06:00,Ewallet,4.5,0.33
718,M040,Edinburg,Electronic accessories,$11.94,3.0,19/01/25,12:47:00,Credit card,8.1,0.48
719,M099,Weatherford,Fashion accessories,$45.38,3.0,17/02/25,13:34:00,Credit card,7.2,0.18
720,M056,Rowlett,Fashion accessories,$17.48,6.0,18/01/25,15:04:00,Credit card,6.1,0.33
721,M004,Austin,Fashion accessories,$25.56,7.0,02/02/25,20:42:00,Cash,7.1,0.48
722,M018,Frisco,Sports and travel,$90.63,9.0,18/01/25,15:28:00,Cash,5.1,0.48
723,M087,Waxahachie,Home and lifestyle,$44.12,3.0,18/03/25,13:45:00,Credit card,7.9,0.33
724,M008,Corpus Christi,Food and beverages,$36.77,7.0,11/01/25,20:10:00,Cash,7.4,0.48
725,M060,DeSoto,Food and beverages,$23.34,4.0,04/02/25,18:53:00,Ewallet,7.4,0.33
726,M084,Schertz,Health and beauty,$28.5,8.0,06/02/25,14:24:00,Cash,6.6,0.33
727,M067,Haltom City,Home and lifestyle,$55.57,3.0,08/01/25,11:42:00,Credit card,5.9,0.33
728,M043,Baytown,Sports and travel,$69.74,10.0,05/03/25,17:49:00,Credit card,8.9,0.48
729,M096,Eagle Pass,Fashion accessories,$97.26,4.0,16/03/25,15:33:00,Ewallet,6.8,0.18
730,M029,Round Rock,Home and lifestyle,$52.18,7.0,09/03/25,10:54:00,Cash,9.3,0.48
731,M078,Del Rio,Fashion accessories,$22.32,4.0,01/03/25,16:23:00,Credit card,4.4,0.33
732,M087,Waxahachie,Health and beauty,$56,3.0,28/02/25,19:33:00,Ewallet,4.8,0.33
733,M062,Galveston,Fashion accessories,$19.7,1.0,08/02/25,11:39:00,Ewallet,9.5,0.33
734,M052,Mansfield,Electronic accessories,$75.88,7.0,24/01/25,10:38:00,Ewallet,8.9,0.57
735,M057,Euless,Food and beverages,$53.72,1.0,01/03/25,20:03:00,Ewallet,6.4,0.33
736,M095,Big Spring,Health and beauty,$81.95,10.0,10/03/25,12:39:00,Credit card,6.0,0.33
737,M066,Grapevine,Home and lifestyle,$81.2,7.0,23/03/25,15:59:00,Credit card,8.1,0.33
738,M010,Laredo,Electronic accessories,$58.76,10.0,29/01/25,14:26:00,Ewallet,9.0,0.48
739,M064,Bedford,Electronic accessories,$91.56,8.0,12/01/25,18:22:00,Ewallet,6.0,0.33
740,M084,Schertz,Home and lifestyle,$93.96,9.0,20/03/25,11:32:00,Cash,9.8,0.33
741,M047,Flower Mound,Home and lifestyle,$55.61,7.0,23/03/25,12:41:00,Cash,8.5,0.48
742,M076,Huntsville,Food and beverages,$84.83,1.0,14/01/25,15:20:00,Ewallet,8.8,0.33
743,M048,Harlingen,Sports and travel,$71.63,2.0,12/02/25,14:33:00,Ewallet,8.8,0.48
744,M067,Haltom City,Home and lifestyle,$37.69,2.0,20/02/25,15:29:00,Ewallet,9.5,0.33
745,M002,Dallas,Sports and travel,$31.67,8.0,02/01/25,16:19:00,Credit card,5.6,0.36
746,M081,Friendswood,Food and beverages,$38.42,1.0,02/02/25,16:33:00,Cash,8.6,0.33
747,M062,Galveston,Fashion accessories,$65.23,10.0,08/01/25,19:07:00,Credit card,5.2,0.33
748,M016,Brownsville,Home and lifestyle,$10.53,5.0,30/01/25,14:43:00,Credit card,5.8,0.48
749,M025,Waco,Home and lifestyle,$12.29,9.0,26/03/25,19:28:00,Credit card,8.0,0.48
750,M005,Fort Worth,Health and beauty,$81.23,7.0,15/01/25,20:44:00,Cash,9.0,0.48
751,M060,DeSoto,Fashion accessories,$22.32,4.0,14/03/25,11:16:00,Ewallet,4.1,0.33
752,M090,Brownwood,Food and beverages,$27.28,5.0,03/02/25,10:31:00,Credit card,8.6,0.33
753,M075,San Marcos,Electronic accessories,$17.42,10.0,22/02/25,12:30:00,Ewallet,7.0,0.33
754,M074,Weslaco,Home and lifestyle,$73.28,5.0,24/01/25,15:05:00,Cash,8.4,0.33
755,M021,McAllen,Fashion accessories,$84.87,3.0,25/01/25,18:30:00,Ewallet,7.4,0.48
756,M072,Lancaster,Fashion accessories,$97.29,8.0,09/03/25,13:18:00,Credit card,6.2,0.33
757,M077,Coppell,Electronic accessories,$35.74,8.0,17/02/25,15:28:00,Ewallet,4.9,0.33
758,M063,Georgetown,Home and lifestyle,$96.52,6.0,11/01/25,11:52:00,Cash,4.5,0.33
759,M064,Bedford,Food and beverages,$18.85,10.0,27/02/25,18:24:00,Ewallet,5.6,0.33
760,M028,Odessa,Food and beverages,$55.39,4.0,25/03/25,15:19:00,Ewallet,8.0,0.48
761,M003,San Antonio,Food and beverages,$77.2,10.0,11/02/25,10:38:00,Credit card,5.6,0.48
762,M069,Rockwall,Electronic accessories,$72.13,10.0,31/01/25,15:12:00,Credit card,4.2,0.33
763,M071,Lufkin,Fashion accessories,$63.88,8.0,20/01/25,17:48:00,Ewallet,9.9,0.33
764,M070,Hurst,Health and beauty,$10.69,5.0,26/03/25,11:07:00,Ewallet,7.6,0.33
765,M004,Austin,Health and beauty,$55.5,4.0,20/01/25,15:48:00,Credit card,6.6,0.48
766,M017,McKinney,Home and lifestyle,$95.46,8.0,05/03/25,19:40:00,Ewallet,4.7,0.48
767,M056,Rowlett,Fashion accessories,$76.06,3.0,05/01/25,20:30:00,Credit card,9.8,0.33
768,M006,El Paso,Sports and travel,$13.69,6.0,13/02/25,13:59:00,Cash,6.3,0.48
769,M049,North Richland Hills,Electronic accessories,$95.64,4.0,16/03/25,18:51:00,Cash,7.9,0.48
770,M020,Killeen,Home and lifestyle,$11.43,6.0,15/01/25,17:24:00,Cash,7.7,0.48
771,M065,Texas City,Sports and travel,$95.54,4.0,26/02/25,11:58:00,Ewallet,4.5,0.33
772,M039,Longview,Health and beauty,$85.87,7.0,27/02/25,19:01:00,Credit card,8.0,0.48
773,M046,Temple,Sports and travel,$67.99,7.0,17/02/25,16:50:00,Ewallet,5.7,0.48
774,M060,DeSoto,Food and beverages,$52.42,1.0,06/02/25,10:22:00,Credit card,6.3,0.33
775,M052,Mansfield,Food and beverages,$65.65,2.0,17/01/25,16:46:00,Cash,6.0,0.57
776,M053,Conroe,Food and beverages,$28.86,5.0,22/01/25,18:08:00,Credit card,8.0,0.57
777,M084,Schertz,Health and beauty,$65.31,7.0,05/03/25,18:02:00,Credit card,4.2,0.33
778,M096,Eagle Pass,Sports and travel,$93.38,1.0,03/01/25,13:07:00,Cash,9.6,0.33
779,M031,Lewisville,Sports and travel,$25.25,5.0,20/03/25,17:52:00,Cash,6.1,0.48
780,M095,Big Spring,Electronic accessories,$87.87,9.0,31/01/25,20:32:00,Ewallet,5.6,0.33
781,M005,Fort Worth,Health and beauty,$21.8,8.0,19/02/25,19:24:00,Cash,8.3,0.48
782,M022,Mesquite,Sports and travel,$94.76,4.0,11/02/25,16:06:00,Ewallet,7.8,0.48
783,M063,Georgetown,Fashion accessories,$30.62,1.0,05/02/25,14:14:00,Credit card,4.1,0.33
784,M055,Waxahachie,Home and lifestyle,$44.01,8.0,03/03/25,17:36:00,Cash,8.8,0.33
785,M069,Rockwall,Health and beauty,$10.16,5.0,24/02/25,13:08:00,Ewallet,4.1,0.33
786,M087,Waxahachie,Electronic accessories,$74.58,7.0,04/02/25,16:09:00,Credit card,9.0,0.33
787,M062,Galveston,Electronic accessories,$71.89,8.0,19/02/25,11:33:00,Ewallet,5.5,0.33
788,M025,Waco,Health and beauty,$10.99,5.0,23/01/25,10:18:00,Credit card,9.3,0.48
789,M017,McKinney,Health and beauty,$60.47,3.0,14/01/25,10:55:00,Credit card,5.6,0.48
790,M089,Southlake,Sports and travel,$58.91,7.0,17/01/25,15:15:00,Ewallet,9.7,0.33
791,M031,Lewisville,Fashion accessories,$46.41,1.0,03/03/25,20:06:00,Credit card,4.0,0.48
792,M038,Sugar Land,Health and beauty,$68.55,4.0,15/02/25,20:21:00,Credit card,9.2,0.48
793,M008,Corpus Christi,Home and lifestyle,$97.37,10.0,15/01/25,13:48:00,Credit card,4.9,0.48
794,M022,Mesquite,Electronic accessories,$92.6,7.0,27/02/25,12:52:00,Credit card,9.3,0.48
795,M100,Canyon,Electronic accessories,$46.61,2.0,26/02/25,12:28:00,Credit card,6.6,0.18
796,M001,Houston,Fashion accessories,$27.18,2.0,15/03/25,16:26:00,Ewallet,4.3,0.36
797,M067,Haltom City,Home and lifestyle,$60.87,1.0,24/01/25,13:24:00,Cash,5.5,0.33
798,M072,Lancaster,Sports and travel,$24.49,10.0,22/02/25,15:15:00,Cash,8.1,0.33
799,M098,Mineral Wells,Health and beauty,$92.78,1.0,15/03/25,10:50:00,Credit card,9.8,0.18
800,M067,Haltom City,Home and lifestyle,$86.69,5.0,11/02/25,18:38:00,Ewallet,9.4,0.33
801,M075,San Marcos,Sports and travel,$23.01,6.0,12/01/25,16:45:00,Ewallet,7.9,0.33
802,M005,Fort Worth,Electronic accessories,$30.2,8.0,03/03/25,19:30:00,Ewallet,5.1,0.48
803,M037,League City,Fashion accessories,$67.39,7.0,23/03/25,13:23:00,Ewallet,6.9,0.48
804,M096,Eagle Pass,Fashion accessories,$48.96,9.0,04/03/25,11:27:00,Cash,8.0,0.18
805,M009,Plano,Electronic accessories,$75.59,9.0,23/02/25,11:12:00,Cash,8.0,0.48
806,M074,Weslaco,Home and lifestyle,$77.47,4.0,17/03/25,16:36:00,Cash,4.2,0.33
807,M080,Nacogdoches,Sports and travel,$93.18,2.0,16/01/25,18:41:00,Credit card,8.5,0.33
808,M025,Waco,Electronic accessories,$50.23,4.0,08/01/25,17:12:00,Cash,9.0,0.48
809,M040,Edinburg,Health and beauty,$17.75,1.0,14/01/25,10:38:00,Cash,8.6,0.48
810,M059,Pflugerville,Fashion accessories,$62.18,10.0,31/01/25,10:33:00,Ewallet,6.0,0.33
811,M016,Brownsville,Health and beauty,$10.75,8.0,15/03/25,14:38:00,Ewallet,6.2,0.48
812,M082,Weslaco,Electronic accessories,$40.26,10.0,24/02/25,18:06:00,Cash,5.0,0.33
813,M086,Rosenberg,Sports and travel,$64.97,5.0,08/02/25,12:52:00,Credit card,6.5,0.33
814,M077,Coppell,Electronic accessories,$95.15,1.0,22/03/25,14:00:00,Cash,6.0,0.33
815,M028,Odessa,Electronic accessories,$48.62,8.0,24/01/25,10:57:00,Cash,5.0,0.48
816,M072,Lancaster,Food and beverages,$53.21,8.0,14/03/25,16:45:00,Ewallet,5.0,0.33
817,M058,Port Arthur,Fashion accessories,$45.44,7.0,23/01/25,11:15:00,Cash,9.2,0.33
818,M078,Del Rio,Food and beverages,$33.88,8.0,19/01/25,20:29:00,Ewallet,9.6,0.33
819,M008,Corpus Christi,Health and beauty,$96.16,4.0,27/01/25,20:03:00,Credit card,8.4,0.48
820,M086,Rosenberg,Food and beverages,$47.16,5.0,03/02/25,14:35:00,Credit card,6.0,0.33
821,M069,Rockwall,Electronic accessories,$52.89,4.0,25/03/25,16:32:00,Ewallet,6.7,0.33
822,M009,Plano,Home and lifestyle,$47.68,2.0,24/02/25,10:10:00,Credit card,4.1,0.48
823,M048,Harlingen,Sports and travel,$10.17,1.0,07/02/25,14:15:00,Cash,5.9,0.48
824,M035,San Angelo,Health and beauty,$68.71,3.0,04/03/25,10:05:00,Cash,8.7,0.48
825,M042,Bryan,Sports and travel,$60.08,7.0,14/02/25,11:36:00,Credit card,4.5,0.48
826,M011,Lubbock,Sports and travel,$22.01,4.0,29/01/25,18:15:00,Credit card,6.6,0.48
827,M073,Seguin,Health and beauty,$72.11,9.0,28/01/25,13:53:00,Credit card,7.7,0.33
828,M009,Plano,Fashion accessories,$41.28,3.0,26/03/25,18:37:00,Credit card,8.5,0.48
829,M020,Killeen,Electronic accessories,$64.95,10.0,24/03/25,18:27:00,Cash,5.2,0.48
830,M011,Lubbock,Electronic accessories,$74.22,10.0,01/01/25,14:42:00,Credit card,4.3,0.48
831,M003,San Antonio,Electronic accessories,$10.56,8.0,24/01/25,17:43:00,Cash,7.6,0.48
832,M087,Waxahachie,Health and beauty,$62.57,4.0,25/02/25,18:37:00,Cash,9.5,0.33
833,M078,Del Rio,Sports and travel,$11.85,8.0,09/01/25,16:34:00,Cash,4.1,0.33
834,M082,Weslaco,Health and beauty,$91.3,1.0,14/02/25,14:42:00,Cash,9.2,0.33
835,M060,DeSoto,Home and lifestyle,$40.73,7.0,12/03/25,11:01:00,Ewallet,5.4,0.33
836,M074,Weslaco,Fashion accessories,$52.38,1.0,26/03/25,19:44:00,Cash,5.8,0.33
837,M083,Farmers Branch,Fashion accessories,$38.54,5.0,09/01/25,13:34:00,Ewallet,5.6,0.33
838,M098,Mineral Wells,Sports and travel,$44.63,6.0,02/01/25,20:08:00,Credit card,5.1,0.18
839,M076,Huntsville,Electronic accessories,$55.87,10.0,15/01/25,15:01:00,Cash,5.8,0.33
840,M085,Kerrville,Sports and travel,$29.22,6.0,01/01/25,11:40:00,Ewallet,5.0,0.33
841,M056,Rowlett,Fashion accessories,$51.94,3.0,15/02/25,15:21:00,Cash,7.9,0.33
842,M070,Hurst,Electronic accessories,$60.3,1.0,28/02/25,17:38:00,Cash,6.0,0.33
843,M080,Nacogdoches,Sports and travel,$39.47,2.0,02/03/25,16:16:00,Credit card,5.0,0.33
844,M061,Cedar Park,Food and beverages,$14.87,2.0,13/02/25,18:15:00,Credit card,8.9,0.33
845,M051,New Braunfels,Fashion accessories,$21.32,1.0,26/01/25,12:43:00,Cash,5.9,0.48
846,M051,New Braunfels,Electronic accessories,$93.78,3.0,30/01/25,11:32:00,Credit card,5.9,0.57
847,M018,Frisco,Electronic accessories,$73.26,1.0,27/01/25,18:08:00,Ewallet,9.7,0.48
848,M026,Denton,Sports and travel,$22.38,1.0,30/01/25,17:08:00,Credit card,8.6,0.48
849,M017,McKinney,Food and beverages,$72.88,9.0,08/01/25,19:38:00,Cash,4.0,0.48
850,M033,Pearland,Fashion accessories,$99.1,6.0,19/01/25,13:11:00,Cash,4.2,0.48
851,M055,Waxahachie,Fashion accessories,$74.1,1.0,25/01/25,11:05:00,Cash,9.2,0.33
852,M054,Sherman,Fashion accessories,$98.48,2.0,19/02/25,10:12:00,Ewallet,9.2,0.21
853,M030,Richardson,Health and beauty,$53.19,7.0,14/01/25,15:42:00,Ewallet,5.0,0.48
854,M093,Angleton,Electronic accessories,$52.79,10.0,25/02/25,11:58:00,Ewallet,10.0,0.33
855,M087,Waxahachie,Health and beauty,$95.95,5.0,23/01/25,14:21:00,Ewallet,8.8,0.33
856,M093,Angleton,Fashion accessories,$36.51,9.0,16/02/25,10:52:00,Cash,4.2,0.33
857,M049,North Richland Hills,Food and beverages,$21.12,8.0,01/01/25,19:31:00,Cash,6.3,0.48
858,M067,Haltom City,Home and lifestyle,$28.31,4.0,07/03/25,18:35:00,Cash,8.2,0.33
859,M093,Angleton,Health and beauty,$57.59,6.0,15/02/25,13:51:00,Cash,5.1,0.33
860,M097,Alice,Food and beverages,$47.63,9.0,23/01/25,12:35:00,Cash,5.0,0.18
861,M078,Del Rio,Home and lifestyle,$86.27,1.0,20/02/25,13:24:00,Ewallet,7.0,0.33
862,M068,Burleson,Sports and travel,$12.76,2.0,08/01/25,18:06:00,Ewallet,7.8,0.33
863,M031,Lewisville,Home and lifestyle,$11.28,9.0,17/03/25,11:55:00,Credit card,4.3,0.48
864,M014,Amarillo,Home and lifestyle,$51.07,7.0,12/01/25,11:42:00,Cash,7.0,0.48
865,M052,Mansfield,Electronic accessories,$79.59,3.0,08/01/25,14:30:00,Cash,6.6,0.57
866,M075,San Marcos,Health and beauty,$33.81,3.0,26/01/25,15:11:00,Ewallet,7.3,0.33
867,M085,Kerrville,Sports and travel,$90.53,8.0,15/03/25,14:48:00,Credit card,6.5,0.33
868,M053,Conroe,Health and beauty,$62.82,2.0,17/01/25,12:36:00,Ewallet,4.9,0.57
869,M051,New Braunfels,Food and beverages,$24.31,3.0,08/01/25,19:09:00,Credit card,4.3,0.48
870,M035,San Angelo,Sports and travel,$64.59,4.0,06/01/25,13:35:00,Ewallet,9.3,0.48
871,M074,Weslaco,Food and beverages,$24.82,7.0,16/02/25,10:33:00,Cash,7.1,0.33
872,M091,Little Elm,Fashion accessories,$56.5,1.0,13/03/25,15:45:00,Ewallet,9.6,0.33
873,M005,Fort Worth,Electronic accessories,$21.43,10.0,28/01/25,11:51:00,Cash,6.2,0.48
874,M059,Pflugerville,Sports and travel,$89.06,6.0,18/01/25,17:26:00,Cash,9.9,0.33
875,M046,Temple,Home and lifestyle,$23.29,4.0,19/03/25,11:52:00,Credit card,5.9,0.48
876,M067,Haltom City,Home and lifestyle,$65.26,8.0,15/03/25,14:04:00,Ewallet,6.3,0.33
877,M046,Temple,Fashion accessories,$52.35,1.0,12/02/25,17:49:00,Cash,4.0,0.48
878,M047,Flower Mound,Electronic accessories,$39.75,1.0,25/02/25,20:19:00,Cash,6.1,0.48
879,M067,Haltom City,Electronic accessories,$90.02,8.0,21/03/25,16:08:00,Credit card,4.5,0.33
880,M013,Irving,Electronic accessories,$12.1,8.0,19/01/25,10:17:00,Ewallet,8.6,0.48
881,M023,Midland,Food and beverages,$33.21,10.0,08/01/25,14:25:00,Ewallet,6.0,0.48
882,M084,Schertz,Fashion accessories,$10.18,8.0,30/03/25,12:51:00,Credit card,9.5,0.33
883,M090,Brownwood,Sports and travel,$31.99,10.0,20/02/25,15:18:00,Credit card,9.9,0.33
884,M082,Weslaco,Home and lifestyle,$34.42,6.0,30/03/25,12:45:00,Cash,7.5,0.33
885,M003,San Antonio,Food and beverages,$83.34,2.0,19/03/25,13:37:00,Cash,7.6,0.48
886,M015,Grand Prairie,Sports and travel,$45.58,7.0,13/01/25,10:03:00,Cash,5.0,0.48
887,M027,Abilene,Food and beverages,$87.9,1.0,05/02/25,19:42:00,Ewallet,6.7,0.48
888,M001,Houston,Electronic accessories,$73.47,10.0,23/03/25,13:14:00,Ewallet,9.5,0.36
889,M093,Angleton,Fashion accessories,$12.19,8.0,13/03/25,12:47:00,Ewallet,6.8,0.33
890,M025,Waco,Sports and travel,$76.92,10.0,17/03/25,19:53:00,Ewallet,5.6,0.48
891,M092,Lake Jackson,Health and beauty,$83.66,5.0,21/02/25,10:26:00,Cash,7.2,0.33
892,M059,Pflugerville,Electronic accessories,$57.91,8.0,07/02/25,15:06:00,Cash,8.1,0.33
893,M015,Grand Prairie,Fashion accessories,$92.49,5.0,02/03/25,16:35:00,Credit card,8.6,0.48
894,M063,Georgetown,Electronic accessories,$28.38,5.0,06/03/25,20:57:00,Cash,9.4,0.33
895,M075,San Marcos,Electronic accessories,$50.45,6.0,06/02/25,15:16:00,Credit card,8.9,0.33
896,M051,New Braunfels,Health and beauty,$99.16,8.0,28/01/25,17:47:00,Credit card,4.2,0.48
897,M060,DeSoto,Fashion accessories,$60.74,7.0,18/01/25,16:23:00,Ewallet,5.0,0.33
898,M039,Longview,Food and beverages,$47.27,6.0,05/02/25,10:17:00,Cash,8.8,0.48
899,M008,Corpus Christi,Health and beauty,$85.6,7.0,02/03/25,13:50:00,Cash,5.3,0.48
900,M083,Farmers Branch,Food and beverages,$35.04,9.0,09/02/25,19:17:00,Ewallet,4.6,0.33
901,M039,Longview,Electronic accessories,$44.84,9.0,14/01/25,14:00:00,Credit card,7.5,0.48
902,M099,Weatherford,Home and lifestyle,$45.97,4.0,09/02/25,12:02:00,Ewallet,5.1,0.18
903,M011,Lubbock,Health and beauty,$27.73,5.0,26/03/25,20:21:00,Credit card,4.2,0.48
904,M052,Mansfield,Food and beverages,$11.53,7.0,28/01/25,17:35:00,Cash,8.1,0.57
905,M012,Garland,Health and beauty,$58.32,2.0,14/02/25,12:42:00,Ewallet,6.0,0.48
906,M070,Hurst,Home and lifestyle,$78.38,4.0,24/03/25,17:56:00,Cash,7.9,0.33
907,M064,Bedford,Health and beauty,$84.61,10.0,09/02/25,18:58:00,Credit card,8.8,0.33
908,M075,San Marcos,Health and beauty,$82.88,5.0,24/03/25,14:08:00,Credit card,6.6,0.33
909,M021,McAllen,Food and beverages,$79.54,2.0,27/03/25,16:30:00,Ewallet,6.2,0.48
910,M009,Plano,Home and lifestyle,$49.01,10.0,27/01/25,10:44:00,Credit card,4.2,0.48
911,M063,Georgetown,Food and beverages,$29.15,3.0,27/03/25,20:29:00,Credit card,7.3,0.33
912,M002,Dallas,Electronic accessories,$56.13,4.0,19/01/25,11:43:00,Ewallet,8.6,0.36
913,M063,Georgetown,Home and lifestyle,$93.12,8.0,07/02/25,10:09:00,Cash,6.8,0.33
914,M034,College Station,Fashion accessories,$51.34,8.0,31/01/25,10:00:00,Ewallet,7.6,0.48
915,M005,Fort Worth,Food and beverages,$99.6,3.0,25/02/25,18:45:00,Cash,5.8,0.48
916,M028,Odessa,Electronic accessories,$35.49,6.0,02/02/25,12:40:00,Cash,4.1,0.48
917,M001,Houston,Sports and travel,$42.85,1.0,14/03/25,15:36:00,Credit card,9.3,0.36
918,M027,Abilene,Fashion accessories,$94.67,4.0,11/03/25,12:04:00,Cash,6.8,0.48
919,M057,Euless,Home and lifestyle,$68.97,3.0,22/02/25,11:26:00,Ewallet,8.7,0.33
920,M069,Rockwall,Electronic accessories,$26.26,3.0,02/03/25,12:36:00,Ewallet,6.3,0.33
921,M092,Lake Jackson,Home and lifestyle,$35.79,9.0,10/03/25,15:06:00,Credit card,5.1,0.33
922,M077,Coppell,Home and lifestyle,$16.37,6.0,08/02/25,10:58:00,Cash,7.0,0.33
923,M058,Port Arthur,Home and lifestyle,$12.73,2.0,22/02/25,12:10:00,Credit card,5.2,0.33
924,M068,Burleson,Sports and travel,$83.14,7.0,10/01/25,10:31:00,Credit card,6.6,0.33
925,M087,Waxahachie,Sports and travel,$35.22,6.0,14/03/25,13:49:00,Ewallet,6.5,0.33
926,M002,Dallas,Electronic accessories,$13.78,4.0,10/01/25,11:10:00,Ewallet,9.0,0.36
927,M055,Waxahachie,Sports and travel,$88.31,1.0,15/02/25,17:38:00,Credit card,5.2,0.33
928,M071,Lufkin,Health and beauty,$39.62,9.0,13/01/25,17:54:00,Credit card,6.8,0.33
929,M054,Sherman,Electronic accessories,$88.25,9.0,15/02/25,20:51:00,Credit card,7.6,0.33
930,M024,Carrollton,Sports and travel,$25.31,2.0,02/03/25,19:26:00,Ewallet,7.2,0.48
931,M062,Galveston,Home and lifestyle,$99.92,6.0,24/03/25,13:33:00,Ewallet,7.1,0.33
932,M043,Baytown,Fashion accessories,$83.35,2.0,02/02/25,14:05:00,Credit card,9.5,0.48
933,M038,Sugar Land,Food and beverages,$74.44,10.0,27/02/25,11:40:00,Ewallet,5.1,0.48
934,M013,Irving,Health and beauty,$64.08,7.0,20/01/25,12:27:00,Ewallet,7.6,0.48
935,M006,El Paso,Home and lifestyle,$63.15,6.0,03/01/25,20:24:00,Ewallet,9.8,0.48
936,M099,Weatherford,Home and lifestyle,$85.72,3.0,24/01/25,20:59:00,Ewallet,5.1,0.18
937,M081,Friendswood,Health and beauty,$78.89,7.0,05/01/25,19:48:00,Ewallet,7.5,0.33
938,M049,North Richland Hills,Sports and travel,$89.48,5.0,30/03/25,10:18:00,Cash,7.4,0.48
939,M088,Cleburne,Health and beauty,$92.09,3.0,17/02/25,16:27:00,Cash,4.2,0.33
940,M067,Haltom City,Food and beverages,$57.29,6.0,21/03/25,17:04:00,Ewallet,5.9,0.33
941,M093,Angleton,Food and beverages,$66.52,4.0,02/03/25,18:14:00,Ewallet,6.9,0.33
942,M095,Big Spring,Fashion accessories,$99.82,9.0,27/03/25,10:43:00,Cash,6.6,0.33
943,M082,Weslaco,Home and lifestyle,$45.68,10.0,19/01/25,19:30:00,Cash,5.7,0.33
944,M025,Waco,Health and beauty,$50.79,5.0,19/02/25,14:53:00,Credit card,5.3,0.48
945,M058,Port Arthur,Health and beauty,$10.08,7.0,28/03/25,20:14:00,Cash,4.2,0.33
946,M097,Alice,Electronic accessories,$93.88,7.0,05/01/25,11:51:00,Credit card,7.3,0.18
947,M007,Arlington,Electronic accessories,$84.25,2.0,26/03/25,14:13:00,Credit card,5.3,0.48
948,M009,Plano,Fashion accessories,$53.78,1.0,03/02/25,20:13:00,Ewallet,4.7,0.48
949,M044,Pharr,Home and lifestyle,$35.81,5.0,06/02/25,18:44:00,Ewallet,7.9,0.48
950,M020,Killeen,Food and beverages,$26.43,8.0,24/02/25,14:26:00,Ewallet,8.9,0.48
951,M081,Friendswood,Health and beauty,$39.91,3.0,21/02/25,12:40:00,Ewallet,9.3,0.33
952,M039,Longview,Home and lifestyle,$21.9,3.0,09/01/25,18:43:00,Ewallet,4.7,0.48
953,M005,Fort Worth,Food and beverages,$62.85,4.0,25/02/25,13:22:00,Ewallet,8.7,0.48
954,M066,Grapevine,Food and beverages,$21.04,4.0,13/01/25,13:58:00,Cash,7.6,0.33
955,M071,Lufkin,Home and lifestyle,$65.91,6.0,09/02/25,11:45:00,Cash,5.7,0.33
956,M077,Coppell,Fashion accessories,$42.57,7.0,06/01/25,11:51:00,Cash,6.8,0.33
957,M042,Bryan,Food and beverages,$50.49,9.0,10/01/25,17:16:00,Cash,5.4,0.48
958,M086,Rosenberg,Electronic accessories,$46.02,6.0,07/02/25,15:55:00,Cash,7.1,0.33
959,M093,Angleton,Home and lifestyle,$15.8,10.0,09/01/25,12:07:00,Cash,7.8,0.33
960,M025,Waco,Food and beverages,$98.66,9.0,19/02/25,15:07:00,Cash,8.4,0.48
961,M013,Irving,Fashion accessories,$91.98,1.0,18/03/25,15:29:00,Cash,9.8,0.48
962,M022,Mesquite,Electronic accessories,$20.89,2.0,05/02/25,18:45:00,Cash,9.8,0.48
963,M062,Galveston,Fashion accessories,$15.5,1.0,19/03/25,15:23:00,Credit card,7.4,0.33
964,M087,Waxahachie,Electronic accessories,$96.82,3.0,30/03/25,20:37:00,Cash,6.7,0.33
965,M091,Little Elm,Food and beverages,$33.33,2.0,26/01/25,14:41:00,Credit card,6.4,0.33
966,M031,Lewisville,Electronic accessories,$38.27,2.0,02/03/25,18:18:00,Credit card,5.8,0.48
967,M055,Waxahachie,Home and lifestyle,$33.3,9.0,04/03/25,15:27:00,Ewallet,7.2,0.33
968,M049,North Richland Hills,Home and lifestyle,$81.01,3.0,13/01/25,12:55:00,Credit card,9.3,0.48
969,M012,Garland,Health and beauty,$15.8,3.0,25/03/25,18:02:00,Cash,9.5,0.48
970,M026,Denton,Electronic accessories,$34.49,5.0,11/03/25,19:44:00,Credit card,9.0,0.48
971,M096,Eagle Pass,Food and beverages,$84.63,10.0,01/01/25,11:36:00,Credit card,9.0,0.18
972,M029,Round Rock,Home and lifestyle,$36.91,7.0,10/02/25,13:51:00,Ewallet,6.7,0.48
973,M004,Austin,Electronic accessories,$87.08,7.0,26/01/25,15:17:00,Cash,5.5,0.48
974,M007,Arlington,Home and lifestyle,$80.08,3.0,11/02/25,15:29:00,Cash,5.4,0.48
975,M028,Odessa,Fashion accessories,$86.13,2.0,07/02/25,17:59:00,Cash,8.2,0.48
976,M058,Port Arthur,Fashion accessories,$49.92,2.0,06/03/25,11:55:00,Credit card,7.0,0.33
977,M081,Friendswood,Food and beverages,$74.66,4.0,04/03/25,10:39:00,Cash,8.5,0.33
978,M091,Little Elm,Food and beverages,$26.6,6.0,26/02/25,15:10:00,Ewallet,4.9,0.33
979,M093,Angleton,Electronic accessories,$25.45,1.0,10/03/25,18:10:00,Credit card,5.1,0.33
980,M034,College Station,Food and beverages,$67.77,1.0,04/02/25,20:43:00,Credit card,6.5,0.48
981,M072,Lancaster,Food and beverages,$59.59,4.0,19/01/25,12:46:00,Cash,9.8,0.33
982,M023,Midland,Health and beauty,$58.15,4.0,23/01/25,17:44:00,Cash,8.4,0.48
983,M020,Killeen,Sports and travel,$97.48,9.0,14/03/25,14:19:00,Ewallet,7.4,0.48
984,M065,Texas City,Health and beauty,$99.96,7.0,23/01/25,10:33:00,Cash,6.1,0.33
985,M083,Farmers Branch,Electronic accessories,$96.37,7.0,09/01/25,11:40:00,Cash,6.0,0.33
986,M025,Waco,Fashion accessories,$63.71,5.0,07/02/25,19:30:00,Ewallet,8.5,0.48
987,M074,Weslaco,Health and beauty,$14.76,2.0,18/02/25,14:42:00,Cash,4.3,0.33
988,M036,Allen,Health and beauty,$62,8.0,03/01/25,19:08:00,Credit card,6.2,0.48
989,M015,Grand Prairie,Electronic accessories,$82.34,10.0,29/03/25,19:12:00,Ewallet,4.3,0.48
990,M095,Big Spring,Health and beauty,$75.37,8.0,28/01/25,15:46:00,Credit card,8.4,0.33
991,M057,Euless,Food and beverages,$56.56,5.0,22/03/25,19:06:00,Credit card,4.5,0.33
992,M001,Houston,Sports and travel,$76.6,10.0,24/01/25,18:10:00,Ewallet,6.0,0.36
993,M087,Waxahachie,Electronic accessories,$58.03,2.0,10/03/25,20:46:00,Ewallet,8.8,0.33
994,M042,Bryan,Fashion accessories,$17.49,10.0,22/02/25,18:35:00,Ewallet,6.6,0.48
995,M047,Flower Mound,Electronic accessories,$60.95,1.0,18/02/25,11:40:00,Ewallet,5.9,0.48
996,M012,Garland,Health and beauty,$40.35,1.0,29/01/25,13:46:00,Ewallet,6.2,0.48
997,M005,Fort Worth,Home and lifestyle,$97.38,10.0,02/03/25,17:16:00,Ewallet,4.4,0.48
998,M041,Mission,Food and beverages,$31.84,1.0,09/02/25,13:22:00,Ewallet,7.7,0.48
999,M095,Big Spring,Home and lifestyle,$65.82,1.0,22/02/25,15:33:00,Cash,4.1,0.33
1000,M025,Waco,Fashion accessories,$88.34,7.0,18/02/25,13:28:00,Cash,6.6,0.48
1001,M012,Garland,Home and lifestyle,$55,2.0,09/10/25,15:46:00,Ewallet,6.0,0.48
1002,M013,Irving,Fashion accessories,$53,2.0,06/04/25,10:09:00,Ewallet,8.0,0.48
1003,M090,Brownwood,Home and lifestyle,$66,2.0,04/08/25,13:23:00,Ewallet,7.0,0.33
1004,M031,Lewisville,Fashion accessories,$36,1.0,18/10/25,19:24:00,Ewallet,7.0,0.48
1005,M003,San Antonio,Home and lifestyle,$50,3.0,30/10/25,19:04:00,Ewallet,7.0,0.36
1006,M068,Burleson,Fashion accessories,$75,1.0,17/06/25,8:53:00,Ewallet,9.0,0.33
1007,M005,Fort Worth,Home and lifestyle,$39,3.0,11/01/25,8:42:00,Ewallet,5.0,0.48
1008,M052,Mansfield,Fashion accessories,$56,2.0,27/04/25,20:48:00,Ewallet,6.0,0.57
1009,M006,El Paso,Home and lifestyle,$33,2.0,18/07/25,21:42:00,Ewallet,5.0,0.48
1010,M038,Sugar Land,Fashion accessories,$32,3.0,22/05/25,12:43:00,Ewallet,4.0,0.48
1011,M010,Laredo,Home and lifestyle,$30,3.0,10/03/25,18:19:00,Ewallet,7.0,0.48
1012,M018,Frisco,Fashion accessories,$31,3.0,24/12/25,9:52:00,Ewallet,6.0,0.48
1013,M061,Cedar Park,Home and lifestyle,$71,3.0,18/03/25,21:50:00,Ewallet,5.0,0.33
1014,M053,Conroe,Fashion accessories,$22,1.0,15/12/25,7:27:00,Ewallet,4.0,0.57
1015,M081,Friendswood,Home and lifestyle,$30,3.0,08/08/25,19:23:00,Ewallet,5.0,0.33
1016,M064,Bedford,Fashion accessories,$45,3.0,06/08/25,12:33:00,Ewallet,8.0,0.33
1017,M001,Houston,Home and lifestyle,$41,2.0,22/02/25,16:18:00,Ewallet,6.0,0.36
1018,M042,Bryan,Fashion accessories,$16,3.0,01/01/25,11:32:00,Ewallet,6.0,0.48
1019,M072,Lancaster,Home and lifestyle,$36,3.0,12/06/25,12:54:00,Ewallet,4.0,0.33
1020,M096,Eagle Pass,Fashion accessories,$47,1.0,30/11/25,6:21:00,Ewallet,8.0,0.18
1021,M099,Weatherford,Home and lifestyle,$84,3.0,17/06/25,7:13:00,Ewallet,9.0,0.18
1022,M054,Sherman,Fashion accessories,$31,2.0,03/09/25,11:49:00,Ewallet,5.0,0.21
1023,M040,Edinburg,Home and lifestyle,$32,2.0,22/09/25,22:47:00,Ewallet,8.0,0.48
1024,M099,Weatherford,Fashion accessories,$68,3.0,02/02/25,19:01:00,Ewallet,6.0,0.18
1025,M030,Richardson,Home and lifestyle,$67,2.0,21/09/25,18:26:00,Ewallet,4.0,0.48
1026,M056,Rowlett,Fashion accessories,$30,2.0,29/01/25,18:53:00,Ewallet,7.0,0.33
1027,M091,Little Elm,Home and lifestyle,$83,3.0,28/09/25,11:26:00,Ewallet,8.0,0.33
1028,M031,Lewisville,Fashion accessories,$25,1.0,08/04/25,16:15:00,Ewallet,5.0,0.48
1029,M016,Brownsville,Home and lifestyle,$25,3.0,09/02/25,13:07:00,Ewallet,7.0,0.48
1030,M012,Garland,Fashion accessories,$19,1.0,30/03/25,17:25:00,Ewallet,9.0,0.48
1031,M013,Irving,Home and lifestyle,$20,3.0,19/09/25,17:55:00,Ewallet,6.0,0.48
1032,M064,Bedford,Fashion accessories,$78,3.0,08/05/25,14:49:00,Ewallet,8.0,0.33
1033,M088,Cleburne,Home and lifestyle,$28,1.0,10/11/25,8:07:00,Ewallet,8.0,0.33
1034,M099,Weatherford,Fashion accessories,$36,3.0,17/12/25,16:19:00,Ewallet,7.0,0.18
1035,M044,Pharr,Home and lifestyle,$21,3.0,03/05/25,7:32:00,Ewallet,6.0,0.48
1036,M064,Bedford,Fashion accessories,$70,3.0,13/03/25,12:01:00,Ewallet,5.0,0.33
1037,M083,Farmers Branch,Home and lifestyle,$27,3.0,21/03/25,12:01:00,Ewallet,5.0,0.33
1038,M024,Carrollton,Fashion accessories,$30,1.0,11/08/25,8:24:00,Ewallet,9.0,0.48
1039,M040,Edinburg,Home and lifestyle,$34,3.0,02/12/25,18:25:00,Ewallet,7.0,0.48
1040,M022,Mesquite,Fashion accessories,$85,2.0,06/08/25,12:08:00,Ewallet,7.0,0.48
1041,M014,Amarillo,Home and lifestyle,$29,1.0,16/01/25,22:05:00,Ewallet,4.0,0.48
1042,M082,Weslaco,Fashion accessories,$75,2.0,09/07/25,14:35:00,Cash,5.0,0.33
1043,M051,New Braunfels,Home and lifestyle,$79,3.0,31/05/25,21:01:00,Ewallet,9.0,0.48
1044,M083,Farmers Branch,Fashion accessories,$59,2.0,28/11/25,8:24:00,Ewallet,5.0,0.33
1045,M024,Carrollton,Home and lifestyle,$39,1.0,19/04/25,19:11:00,Ewallet,5.0,0.48
1046,M095,Big Spring,Fashion accessories,$28,2.0,06/07/25,13:53:00,Ewallet,7.0,0.33
1047,M090,Brownwood,Home and lifestyle,$55,1.0,30/01/25,20:20:00,Ewallet,5.0,0.33
1048,M079,La Porte,Fashion accessories,$43,2.0,28/09/25,11:11:00,Ewallet,7.0,0.33
1049,M074,Weslaco,Home and lifestyle,$75,1.0,05/04/25,12:15:00,Cash,8.0,0.33
1050,M082,Weslaco,Fashion accessories,$29,2.0,20/11/25,14:16:00,Cash,4.0,0.33
1051,M027,Abilene,Home and lifestyle,$49,1.0,15/11/25,20:27:00,Ewallet,6.0,0.48
1052,M082,Weslaco,Fashion accessories,$29,3.0,06/05/25,18:51:00,Cash,4.0,0.33
1053,M022,Mesquite,Home and lifestyle,$42,2.0,02/09/25,15:40:00,Ewallet,8.0,0.48
1054,M012,Garland,Fashion accessories,$68,2.0,08/09/25,7:16:00,Ewallet,7.0,0.48
1055,M025,Waco,Home and lifestyle,$53,1.0,04/04/25,18:56:00,Ewallet,4.0,0.48
1056,M094,Alamo,Fashion accessories,$58,1.0,01/03/25,17:20:00,Ewallet,6.0,0.33
1057,M035,San Angelo,Home and lifestyle,$44,3.0,01/11/25,22:50:00,Ewallet,6.0,0.48
1058,M100,Canyon,Fashion accessories,$40,3.0,24/11/25,8:26:00,Ewallet,8.0,0.18
1059,M072,Lancaster,Home and lifestyle,$62,1.0,19/04/25,17:37:00,Ewallet,5.0,0.33
1060,M058,Port Arthur,Fashion accessories,$33,3.0,20/07/25,20:10:00,Ewallet,7.0,0.33
1061,M038,Sugar Land,Home and lifestyle,$29,1.0,28/04/25,15:18:00,Ewallet,4.0,0.48
1062,M037,League City,Fashion accessories,$67,3.0,02/03/25,17:36:00,Ewallet,6.0,0.48
1063,M090,Brownwood,Home and lifestyle,$21,2.0,04/04/25,15:03:00,Ewallet,6.0,0.33
1064,M037,League City,Fashion accessories,$61,1.0,16/07/25,13:28:00,Ewallet,7.0,0.48
1065,M068,Burleson,Home and lifestyle,$64,3.0,09/10/25,19:17:00,Ewallet,6.0,0.33
1066,M096,Eagle Pass,Fashion accessories,$16,2.0,28/10/25,14:13:00,Ewallet,7.0,0.18
1067,M090,Brownwood,Home and lifestyle,$23,2.0,26/12/25,16:40:00,Ewallet,6.0,0.33
1068,M025,Waco,Fashion accessories,$54,1.0,09/06/25,18:29:00,Ewallet,8.0,0.48
1069,M060,DeSoto,Home and lifestyle,$78,3.0,05/03/25,18:35:00,Ewallet,7.0,0.33
1070,M086,Rosenberg,Fashion accessories,$50,1.0,14/08/25,17:08:00,Ewallet,4.0,0.33
1071,M031,Lewisville,Home and lifestyle,$66,2.0,08/06/25,13:26:00,Ewallet,6.0,0.48
1072,M050,Victoria,Fashion accessories,$71,1.0,22/05/25,16:07:00,Ewallet,4.0,0.48
1073,M096,Eagle Pass,Home and lifestyle,$36,2.0,21/08/25,11:06:00,Ewallet,5.0,0.33
1074,M065,Texas City,Fashion accessories,$67,3.0,07/11/25,15:36:00,Ewallet,4.0,0.33
1075,M057,Euless,Home and lifestyle,$34,2.0,23/02/25,20:46:00,Ewallet,8.0,0.33
1076,M001,Houston,Fashion accessories,$27,1.0,15/07/25,14:11:00,Ewallet,8.0,0.36
1077,M046,Temple,Home and lifestyle,$61,1.0,24/08/25,18:10:00,Ewallet,7.0,0.48
1078,M058,Port Arthur,Fashion accessories,$75,3.0,05/01/25,11:52:00,Ewallet,8.0,0.33
1079,M075,San Marcos,Home and lifestyle,$59,1.0,26/03/25,9:06:00,Ewallet,7.0,0.33
1080,M063,Georgetown,Fashion accessories,$62,3.0,02/05/25,6:28:00,Ewallet,5.0,0.33
1081,M044,Pharr,Home and lifestyle,$82,3.0,04/05/25,20:40:00,Ewallet,5.0,0.48
1082,M030,Richardson,Fashion accessories,$83,1.0,06/07/25,18:03:00,Ewallet,7.0,0.48
1083,M052,Mansfield,Home and lifestyle,$54,2.0,25/07/25,13:13:00,Ewallet,7.0,0.57
1084,M048,Harlingen,Fashion accessories,$57,1.0,17/08/25,9:21:00,Ewallet,6.0,0.48
1085,M049,North Richland Hills,Home and lifestyle,$32,2.0,06/05/25,8:02:00,Ewallet,7.0,0.48
1086,M025,Waco,Fashion accessories,$17,1.0,10/03/25,11:01:00,Ewallet,9.0,0.48
1087,M001,Houston,Home and lifestyle,$76,2.0,02/11/25,12:25:00,Ewallet,9.0,0.36
1088,M076,Huntsville,Fashion accessories,$59,1.0,07/07/25,21:39:00,Ewallet,5.0,0.33
1089,M083,Farmers Branch,Home and lifestyle,$33,3.0,28/05/25,13:05:00,Ewallet,6.0,0.33
1090,M090,Brownwood,Fashion accessories,$41,1.0,04/03/25,20:24:00,Ewallet,9.0,0.33
1091,M067,Haltom City,Home and lifestyle,$21,3.0,12/08/25,19:45:00,Ewallet,8.0,0.33
1092,M003,San Antonio,Fashion accessories,$26,3.0,07/09/25,13:42:00,Ewallet,6.0,0.48
1093,M049,North Richland Hills,Home and lifestyle,$52,1.0,21/09/25,8:24:00,Ewallet,4.0,0.48
1094,M079,La Porte,Fashion accessories,$16,1.0,24/10/25,18:57:00,Ewallet,9.0,0.33
1095,M010,Laredo,Home and lifestyle,$34,1.0,23/09/25,7:31:00,Ewallet,6.0,0.48
1096,M091,Little Elm,Fashion accessories,$17,1.0,05/02/25,7:31:00,Ewallet,8.0,0.33
1097,M090,Brownwood,Home and lifestyle,$51,2.0,23/01/25,6:49:00,Ewallet,6.0,0.33
1098,M086,Rosenberg,Fashion accessories,$69,2.0,01/05/25,15:48:00,Ewallet,9.0,0.33
1099,M086,Rosenberg,Home and lifestyle,$44,2.0,21/02/25,14:36:00,Ewallet,4.0,0.33
1100,M047,Flower Mound,Fashion accessories,$49,3.0,19/04/25,14:03:00,Ewallet,9.0,0.48
1101,M070,Hurst,Home and lifestyle,$26,1.0,03/03/25,11:49:00,Ewallet,7.0,0.33
1102,M071,Lufkin,Fashion accessories,$63,1.0,13/04/25,8:31:00,Ewallet,5.0,0.33
1103,M023,Midland,Home and lifestyle,$84,3.0,28/08/25,15:35:00,Ewallet,6.0,0.48
1104,M031,Lewisville,Fashion accessories,$68,3.0,18/02/25,18:47:00,Ewallet,9.0,0.48
1105,M078,Del Rio,Home and lifestyle,$27,2.0,16/10/25,14:30:00,Ewallet,5.0,0.33
1106,M086,Rosenberg,Fashion accessories,$66,3.0,01/03/25,15:58:00,Ewallet,7.0,0.33
1107,M055,Waxahachie,Home and lifestyle,$73,1.0,03/04/25,8:52:00,Ewallet,9.0,0.33
1108,M081,Friendswood,Fashion accessories,$47,2.0,23/02/25,15:50:00,Ewallet,4.0,0.33
1109,M040,Edinburg,Home and lifestyle,$80,1.0,14/07/25,7:38:00,Ewallet,9.0,0.48
1110,M069,Rockwall,Fashion accessories,$52,1.0,22/04/25,12:44:00,Ewallet,7.0,0.33
1111,M021,McAllen,Home and lifestyle,$15,3.0,18/09/25,22:20:00,Ewallet,4.0,0.48
1112,M012,Garland,Fashion accessories,$77,2.0,01/08/25,12:07:00,Ewallet,9.0,0.48
1113,M091,Little Elm,Home and lifestyle,$71,2.0,18/04/25,10:04:00,Ewallet,7.0,0.33
1114,M098,Mineral Wells,Fashion accessories,$45,2.0,07/02/25,20:13:00,Ewallet,4.0,0.18
1115,M009,Plano,Home and lifestyle,$78,3.0,21/07/25,22:33:00,Ewallet,9.0,0.48
1116,M075,San Marcos,Fashion accessories,$55,3.0,22/01/25,12:01:00,Ewallet,5.0,0.33
1117,M043,Baytown,Home and lifestyle,$52,2.0,01/11/25,17:33:00,Ewallet,6.0,0.48
1118,M055,Waxahachie,Fashion accessories,$31,3.0,17/06/25,22:42:00,Ewallet,6.0,0.33
1119,M038,Sugar Land,Home and lifestyle,$64,3.0,04/08/25,20:17:00,Ewallet,6.0,0.48
1120,M068,Burleson,Fashion accessories,$48,2.0,28/02/25,22:55:00,Ewallet,4.0,0.33
1121,M060,DeSoto,Home and lifestyle,$80,3.0,06/11/25,19:21:00,Ewallet,5.0,0.33
1122,M011,Lubbock,Fashion accessories,$75,1.0,09/01/25,13:45:00,Ewallet,6.0,0.48
1123,M087,Waxahachie,Home and lifestyle,$77,1.0,09/12/25,6:39:00,Ewallet,4.0,0.33
1124,M031,Lewisville,Fashion accessories,$42,3.0,06/10/25,13:15:00,Ewallet,6.0,0.48
1125,M058,Port Arthur,Home and lifestyle,$66,1.0,13/03/25,21:46:00,Ewallet,6.0,0.33
1126,M090,Brownwood,Fashion accessories,$15,2.0,03/03/25,19:52:00,Ewallet,5.0,0.33
1127,M049,North Richland Hills,Home and lifestyle,$44,2.0,17/05/25,18:32:00,Ewallet,5.0,0.48
1128,M063,Georgetown,Fashion accessories,$38,3.0,22/07/25,14:04:00,Ewallet,6.0,0.33
1129,M072,Lancaster,Home and lifestyle,$63,2.0,27/01/25,19:40:00,Ewallet,4.0,0.33
1130,M005,Fort Worth,Fashion accessories,$17,1.0,19/11/25,21:26:00,Ewallet,9.0,0.48
1131,M025,Waco,Home and lifestyle,$58,2.0,10/11/25,13:50:00,Ewallet,5.0,0.48
1132,M023,Midland,Fashion accessories,$66,1.0,17/11/25,14:08:00,Ewallet,9.0,0.48
1133,M073,Seguin,Home and lifestyle,$66,2.0,13/06/25,20:28:00,Ewallet,5.0,0.33
1134,M046,Temple,Fashion accessories,$20,2.0,25/01/25,17:38:00,Ewallet,6.0,0.48
1135,M042,Bryan,Home and lifestyle,$63,3.0,03/05/25,11:55:00,Ewallet,9.0,0.48
1136,M023,Midland,Fashion accessories,$71,3.0,19/01/25,12:18:00,Ewallet,8.0,0.48
1137,M074,Weslaco,Home and lifestyle,$42,1.0,09/10/25,10:26:00,Cash,9.0,0.33
1138,M097,Alice,Fashion accessories,$22,2.0,06/07/25,6:11:00,Ewallet,9.0,0.18
1139,M087,Waxahachie,Home and lifestyle,$66,1.0,07/07/25,22:04:00,Ewallet,7.0,0.33
1140,M091,Little Elm,Fashion accessories,$28,2.0,05/11/25,11:18:00,Ewallet,4.0,0.33
1141,M082,Weslaco,Home and lifestyle,$27,3.0,27/06/25,18:28:00,Cash,5.0,0.33
1142,M068,Burleson,Fashion accessories,$78,3.0,03/12/25,9:50:00,Ewallet,7.0,0.33
1143,M009,Plano,Home and lifestyle,$58,3.0,01/12/25,22:30:00,Ewallet,4.0,0.48
1144,M092,Lake Jackson,Fashion accessories,$29,2.0,19/01/25,18:33:00,Ewallet,6.0,0.33
1145,M047,Flower Mound,Home and lifestyle,$43,1.0,07/02/25,12:46:00,Ewallet,6.0,0.48
1146,M040,Edinburg,Fashion accessories,$61,1.0,22/07/25,18:58:00,Ewallet,6.0,0.48
1147,M065,Texas City,Home and lifestyle,$78,1.0,13/01/25,21:07:00,Ewallet,5.0,0.33
1148,M064,Bedford,Fashion accessories,$57,3.0,18/01/25,10:56:00,Ewallet,9.0,0.33
1149,M046,Temple,Home and lifestyle,$77,2.0,03/05/25,16:38:00,Ewallet,9.0,0.48
1150,M046,Temple,Fashion accessories,$67,3.0,23/07/25,9:42:00,Ewallet,9.0,0.48
1151,M012,Garland,Home and lifestyle,$84,3.0,30/03/25,9:20:00,Ewallet,8.0,0.48
1152,M051,New Braunfels,Fashion accessories,$47,1.0,01/10/25,19:15:00,Ewallet,6.0,0.48
1153,M003,San Antonio,Home and lifestyle,$72,3.0,07/01/25,9:37:00,Ewallet,7.0,0.36
1154,M052,Mansfield,Fashion accessories,$15,1.0,24/11/25,16:40:00,Ewallet,4.0,0.57
1155,M005,Fort Worth,Home and lifestyle,$63,3.0,23/06/25,12:57:00,Ewallet,7.0,0.48
1156,M059,Pflugerville,Fashion accessories,$45,2.0,21/08/25,16:05:00,Ewallet,4.0,0.33
1157,M043,Baytown,Home and lifestyle,$81,3.0,15/02/25,7:23:00,Ewallet,7.0,0.48
1158,M039,Longview,Fashion accessories,$27,3.0,27/10/25,19:48:00,Ewallet,5.0,0.48
1159,M026,Denton,Home and lifestyle,$40,2.0,10/05/25,15:58:00,Ewallet,8.0,0.48
1160,M074,Weslaco,Fashion accessories,$19,1.0,20/07/25,15:58:00,Cash,5.0,0.33
1161,M100,Canyon,Home and lifestyle,$85,2.0,07/02/25,7:57:00,Ewallet,7.0,0.18
1162,M033,Pearland,Fashion accessories,$34,1.0,28/06/25,11:22:00,Ewallet,5.0,0.48
1163,M019,Pasadena,Home and lifestyle,$59,3.0,27/08/25,13:17:00,Ewallet,7.0,0.48
1164,M084,Schertz,Fashion accessories,$21,1.0,28/03/25,8:45:00,Ewallet,8.0,0.33
1165,M035,San Angelo,Home and lifestyle,$49,2.0,25/12/25,12:09:00,Ewallet,5.0,0.48
1166,M004,Austin,Fashion accessories,$50,1.0,15/11/25,20:28:00,Ewallet,9.0,0.48
1167,M044,Pharr,Home and lifestyle,$42,3.0,05/09/25,18:37:00,Ewallet,6.0,0.48
1168,M035,San Angelo,Fashion accessories,$36,2.0,26/04/25,6:56:00,Ewallet,9.0,0.48
1169,M003,San Antonio,Home and lifestyle,$22,3.0,19/06/25,8:38:00,Ewallet,7.0,0.36
1170,M062,Galveston,Fashion accessories,$22,1.0,10/10/25,13:07:00,Ewallet,8.0,0.33
1171,M063,Georgetown,Home and lifestyle,$53,1.0,12/08/25,16:50:00,Ewallet,4.0,0.33
1172,M052,Mansfield,Fashion accessories,$49,3.0,25/09/25,17:44:00,Ewallet,9.0,0.57
1173,M087,Waxahachie,Home and lifestyle,$83,2.0,19/06/25,22:02:00,Ewallet,5.0,0.33
1174,M080,Nacogdoches,Fashion accessories,$19,2.0,01/06/25,19:26:00,Ewallet,5.0,0.33
1175,M092,Lake Jackson,Home and lifestyle,$72,2.0,15/02/25,21:51:00,Ewallet,7.0,0.33
1176,M065,Texas City,Fashion accessories,$56,1.0,29/09/25,15:01:00,Ewallet,7.0,0.33
1177,M085,Kerrville,Home and lifestyle,$37,1.0,24/07/25,14:58:00,Ewallet,4.0,0.33
1178,M087,Waxahachie,Fashion accessories,$44,3.0,02/11/25,7:13:00,Ewallet,5.0,0.33
1179,M003,San Antonio,Home and lifestyle,$47,3.0,04/05/25,15:37:00,Ewallet,9.0,0.36
1180,M041,Mission,Fashion accessories,$81,2.0,09/06/25,11:53:00,Ewallet,5.0,0.48
1181,M028,Odessa,Home and lifestyle,$38,1.0,27/06/25,20:53:00,Ewallet,8.0,0.48
1182,M011,Lubbock,Fashion accessories,$61,3.0,02/11/25,8:10:00,Ewallet,5.0,0.48
1183,M098,Mineral Wells,Home and lifestyle,$76,2.0,19/10/25,7:32:00,Ewallet,4.0,0.18
1184,M062,Galveston,Fashion accessories,$50,2.0,20/08/25,12:38:00,Ewallet,6.0,0.33
1185,M077,Coppell,Home and lifestyle,$19,2.0,02/03/25,18:11:00,Ewallet,6.0,0.33
1186,M060,DeSoto,Fashion accessories,$48,1.0,11/11/25,15:03:00,Ewallet,6.0,0.33
1187,M100,Canyon,Home and lifestyle,$56,2.0,01/12/25,19:07:00,Ewallet,8.0,0.18
1188,M077,Coppell,Fashion accessories,$35,2.0,06/08/25,10:25:00,Ewallet,7.0,0.33
1189,M015,Grand Prairie,Home and lifestyle,$69,2.0,11/07/25,9:07:00,Ewallet,6.0,0.48
1190,M083,Farmers Branch,Fashion accessories,$56,3.0,24/02/25,18:24:00,Ewallet,5.0,0.33
1191,M034,College Station,Home and lifestyle,$78,1.0,18/03/25,21:16:00,Ewallet,9.0,0.48
1192,M001,Houston,Fashion accessories,$36,2.0,19/05/25,22:18:00,Ewallet,9.0,0.36
1193,M059,Pflugerville,Home and lifestyle,$44,3.0,12/05/25,18:46:00,Ewallet,8.0,0.33
1194,M069,Rockwall,Fashion accessories,$49,3.0,09/10/25,16:21:00,Ewallet,4.0,0.33
1195,M038,Sugar Land,Home and lifestyle,$24,1.0,17/05/25,12:48:00,Ewallet,9.0,0.48
1196,M054,Sherman,Fashion accessories,$51,3.0,08/08/25,22:01:00,Ewallet,6.0,0.21
1197,M017,McKinney,Home and lifestyle,$15,3.0,22/05/25,7:52:00,Ewallet,7.0,0.48
1198,M028,Odessa,Fashion accessories,$16,1.0,27/11/25,6:18:00,Ewallet,9.0,0.48
1199,M019,Pasadena,Home and lifestyle,$55,3.0,16/08/25,12:20:00,Ewallet,8.0,0.48
1200,M003,San Antonio,Fashion accessories,$41,3.0,07/04/25,20:41:00,Ewallet,8.0,0.48
1201,M049,North Richland Hills,Home and lifestyle,$44,1.0,29/12/25,14:54:00,Ewallet,7.0,0.48
1202,M029,Round Rock,Fashion accessories,$41,3.0,20/11/25,13:09:00,Ewallet,8.0,0.48
1203,M091,Little Elm,Home and lifestyle,$16,3.0,03/08/25,15:20:00,Ewallet,7.0,0.33
1204,M032,Tyler,Fashion accessories,$35,2.0,20/07/25,14:54:00,Ewallet,9.0,0.48
1205,M031,Lewisville,Home and lifestyle,$75,1.0,27/08/25,9:43:00,Ewallet,8.0,0.48
1206,M053,Conroe,Fashion accessories,$30,3.0,26/04/25,7:22:00,Ewallet,4.0,0.57
1207,M045,Missouri City,Home and lifestyle,$15,3.0,20/02/25,7:00:00,Credit card,6.0,0.48
1208,M020,Killeen,Fashion accessories,$66,2.0,01/07/25,18:06:00,Ewallet,7.0,0.48
1209,M072,Lancaster,Home and lifestyle,$21,3.0,28/07/25,20:08:00,Ewallet,7.0,0.33
1210,M086,Rosenberg,Fashion accessories,$59,3.0,25/12/25,7:43:00,Ewallet,5.0,0.33
1211,M015,Grand Prairie,Home and lifestyle,$67,2.0,13/11/25,10:32:00,Ewallet,4.0,0.48
1212,M006,El Paso,Fashion accessories,$32,3.0,25/02/25,19:58:00,Ewallet,6.0,0.48
1213,M003,San Antonio,Home and lifestyle,$28,3.0,25/09/25,18:37:00,Ewallet,5.0,0.36
1214,M031,Lewisville,Fashion accessories,$72,2.0,03/09/25,17:04:00,Ewallet,5.0,0.48
1215,M001,Houston,Home and lifestyle,$58,1.0,25/07/25,20:22:00,Ewallet,4.0,0.36
1216,M063,Georgetown,Fashion accessories,$59,1.0,04/10/25,16:55:00,Ewallet,5.0,0.33
1217,M037,League City,Home and lifestyle,$45,1.0,04/06/25,10:50:00,Ewallet,7.0,0.48
1218,M088,Cleburne,Fashion accessories,$34,3.0,21/01/25,17:45:00,Ewallet,4.0,0.33
1219,M049,North Richland Hills,Home and lifestyle,$30,1.0,27/12/25,20:36:00,Ewallet,4.0,0.48
1220,M036,Allen,Fashion accessories,$18,2.0,09/03/25,15:35:00,Ewallet,9.0,0.48
1221,M066,Grapevine,Home and lifestyle,$65,1.0,28/10/25,9:33:00,Ewallet,4.0,0.33
1222,M070,Hurst,Fashion accessories,$30,2.0,06/07/25,14:00:00,Ewallet,9.0,0.33
1223,M088,Cleburne,Home and lifestyle,$28,1.0,29/09/25,9:25:00,Ewallet,9.0,0.33
1224,M038,Sugar Land,Fashion accessories,$53,2.0,27/01/25,14:28:00,Ewallet,7.0,0.48
1225,M003,San Antonio,Home and lifestyle,$66,1.0,11/03/25,10:01:00,Ewallet,8.0,0.36
1226,M094,Alamo,Fashion accessories,$77,3.0,04/02/25,15:28:00,Ewallet,7.0,0.33
1227,M091,Little Elm,Home and lifestyle,$50,1.0,24/04/25,14:58:00,Ewallet,4.0,0.33
1228,M002,Dallas,Fashion accessories,$41,1.0,27/12/25,9:58:00,Ewallet,5.0,0.36
1229,M087,Waxahachie,Home and lifestyle,$80,1.0,04/12/25,17:43:00,Ewallet,7.0,0.33
1230,M005,Fort Worth,Fashion accessories,$46,3.0,21/10/25,22:28:00,Ewallet,4.0,0.48
1231,M043,Baytown,Home and lifestyle,$66,3.0,01/05/25,16:48:00,Ewallet,6.0,0.48
1232,M087,Waxahachie,Fashion accessories,$46,2.0,16/01/25,16:26:00,Ewallet,5.0,0.33
1233,M032,Tyler,Home and lifestyle,$28,3.0,03/02/25,22:27:00,Ewallet,7.0,0.48
1234,M029,Round Rock,Fashion accessories,$74,2.0,26/09/25,9:14:00,Ewallet,4.0,0.48
1235,M070,Hurst,Home and lifestyle,$47,3.0,17/09/25,7:20:00,Ewallet,7.0,0.33
1236,M023,Midland,Fashion accessories,$19,1.0,18/02/25,9:18:00,Ewallet,5.0,0.48
1237,M078,Del Rio,Home and lifestyle,$62,3.0,08/12/25,7:16:00,Ewallet,4.0,0.33
1238,M035,San Angelo,Fashion accessories,$39,1.0,15/07/25,18:55:00,Ewallet,6.0,0.48
1239,M089,Southlake,Home and lifestyle,$36,2.0,30/01/25,16:31:00,Ewallet,4.0,0.33
1240,M023,Midland,Fashion accessories,$75,3.0,02/01/25,7:17:00,Ewallet,6.0,0.48
1241,M056,Rowlett,Home and lifestyle,$63,1.0,01/04/25,7:00:00,Ewallet,4.0,0.33
1242,M004,Austin,Fashion accessories,$26,1.0,09/11/25,14:36:00,Ewallet,9.0,0.48
1243,M100,Canyon,Home and lifestyle,$80,2.0,03/01/25,15:11:00,Ewallet,8.0,0.18
1244,M080,Nacogdoches,Fashion accessories,$63,3.0,29/08/25,14:37:00,Ewallet,5.0,0.33
1245,M053,Conroe,Home and lifestyle,$83,2.0,17/01/25,11:44:00,Ewallet,8.0,0.57
1246,M016,Brownsville,Fashion accessories,$25,2.0,02/10/25,17:47:00,Ewallet,5.0,0.48
1247,M029,Round Rock,Home and lifestyle,$48,2.0,12/01/25,15:54:00,Ewallet,8.0,0.48
1248,M003,San Antonio,Fashion accessories,$63,2.0,30/10/25,9:31:00,Ewallet,9.0,0.48
1249,M074,Weslaco,Home and lifestyle,$48,3.0,18/09/25,9:56:00,Cash,6.0,0.33
1250,M051,New Braunfels,Fashion accessories,$34,3.0,20/11/25,8:04:00,Ewallet,6.0,0.48
1251,M077,Coppell,Home and lifestyle,$78,3.0,19/01/25,22:37:00,Ewallet,5.0,0.33
1252,M008,Corpus Christi,Fashion accessories,$30,1.0,29/06/25,14:19:00,Ewallet,7.0,0.48
1253,M069,Rockwall,Home and lifestyle,$15,3.0,23/01/25,9:59:00,Ewallet,9.0,0.33
1254,M069,Rockwall,Fashion accessories,$70,1.0,02/04/25,10:57:00,Ewallet,9.0,0.33
1255,M091,Little Elm,Home and lifestyle,$36,3.0,25/12/25,21:55:00,Ewallet,8.0,0.33
1256,M023,Midland,Fashion accessories,$24,1.0,05/01/25,19:32:00,Ewallet,4.0,0.48
1257,M056,Rowlett,Home and lifestyle,$78,3.0,08/01/25,10:52:00,Ewallet,7.0,0.33
1258,M063,Georgetown,Fashion accessories,$72,3.0,19/07/25,7:04:00,Ewallet,9.0,0.33
1259,M098,Mineral Wells,Home and lifestyle,$48,2.0,25/02/25,12:15:00,Ewallet,8.0,0.18
1260,M094,Alamo,Fashion accessories,$31,1.0,16/04/25,19:42:00,Ewallet,7.0,0.33
1261,M075,San Marcos,Home and lifestyle,$22,3.0,08/05/25,8:58:00,Ewallet,5.0,0.33
1262,M096,Eagle Pass,Fashion accessories,$73,2.0,23/11/25,7:34:00,Ewallet,5.0,0.18
1263,M018,Frisco,Home and lifestyle,$22,2.0,07/12/25,17:46:00,Ewallet,9.0,0.48
1264,M071,Lufkin,Fashion accessories,$18,2.0,13/02/25,7:56:00,Ewallet,6.0,0.33
1265,M023,Midland,Home and lifestyle,$21,2.0,16/10/25,19:07:00,Ewallet,5.0,0.48
1266,M037,League City,Fashion accessories,$36,1.0,25/10/25,17:21:00,Ewallet,7.0,0.48
1267,M056,Rowlett,Home and lifestyle,$71,3.0,03/08/25,6:20:00,Ewallet,9.0,0.33
1268,M084,Schertz,Fashion accessories,$39,1.0,09/03/25,6:35:00,Ewallet,9.0,0.33
1269,M095,Big Spring,Home and lifestyle,$76,3.0,28/06/25,11:57:00,Ewallet,7.0,0.33
1270,M093,Angleton,Fashion accessories,$15,3.0,27/10/25,16:07:00,Ewallet,4.0,0.33
1271,M029,Round Rock,Home and lifestyle,$16,1.0,21/01/25,19:54:00,Ewallet,4.0,0.48
1272,M048,Harlingen,Fashion accessories,$49,2.0,02/12/25,21:49:00,Ewallet,6.0,0.48
1273,M038,Sugar Land,Home and lifestyle,$45,2.0,19/06/25,17:54:00,Ewallet,9.0,0.48
1274,M049,North Richland Hills,Fashion accessories,$17,1.0,03/01/25,16:09:00,Ewallet,6.0,0.48
1275,M066,Grapevine,Home and lifestyle,$37,1.0,24/10/25,16:51:00,Ewallet,6.0,0.33
1276,M006,El Paso,Fashion accessories,$28,3.0,07/12/25,18:20:00,Ewallet,5.0,0.48
1277,M002,Dallas,Home and lifestyle,$42,2.0,11/11/25,9:58:00,Ewallet,5.0,0.36
1278,M096,Eagle Pass,Fashion accessories,$55,1.0,19/01/25,19:05:00,Ewallet,5.0,0.18
1279,M057,Euless,Home and lifestyle,$47,1.0,10/05/25,6:17:00,Ewallet,5.0,0.33
1280,M023,Midland,Fashion accessories,$51,3.0,24/03/25,21:37:00,Ewallet,4.0,0.48
1281,M033,Pearland,Home and lifestyle,$72,3.0,23/03/25,20:23:00,Ewallet,8.0,0.48
1282,M097,Alice,Fashion accessories,$67,3.0,12/10/25,22:20:00,Ewallet,7.0,0.18
1283,M058,Port Arthur,Home and lifestyle,$74,2.0,02/09/25,6:03:00,Ewallet,4.0,0.33
1284,M002,Dallas,Fashion accessories,$78,1.0,06/05/25,16:09:00,Ewallet,7.0,0.36
1285,M085,Kerrville,Home and lifestyle,$25,3.0,11/05/25,11:23:00,Ewallet,5.0,0.33
1286,M033,Pearland,Fashion accessories,$63,2.0,02/07/25,13:27:00,Ewallet,7.0,0.48
1287,M043,Baytown,Home and lifestyle,$21,2.0,01/04/25,22:05:00,Ewallet,7.0,0.48
1288,M043,Baytown,Fashion accessories,$72,3.0,01/10/25,7:54:00,Ewallet,7.0,0.48
1289,M033,Pearland,Home and lifestyle,$20,2.0,08/11/25,7:32:00,Ewallet,9.0,0.48
1290,M081,Friendswood,Fashion accessories,$41,3.0,04/06/25,6:29:00,Ewallet,5.0,0.33
1291,M032,Tyler,Home and lifestyle,$79,1.0,27/08/25,19:44:00,Ewallet,8.0,0.48
1292,M066,Grapevine,Fashion accessories,$50,3.0,15/11/25,21:22:00,Ewallet,7.0,0.33
1293,M038,Sugar Land,Home and lifestyle,$65,3.0,06/12/25,19:31:00,Ewallet,9.0,0.48
1294,M046,Temple,Fashion accessories,$53,1.0,13/11/25,20:54:00,Ewallet,8.0,0.48
1295,M015,Grand Prairie,Home and lifestyle,$83,2.0,17/01/25,21:34:00,Ewallet,6.0,0.48
1296,M055,Waxahachie,Fashion accessories,$35,1.0,24/08/25,18:24:00,Ewallet,7.0,0.33
1297,M024,Carrollton,Home and lifestyle,$85,2.0,13/07/25,10:35:00,Ewallet,6.0,0.48
1298,M007,Arlington,Fashion accessories,$48,1.0,29/08/25,22:22:00,Ewallet,5.0,0.48
1299,M083,Farmers Branch,Home and lifestyle,$30,1.0,27/11/25,7:21:00,Ewallet,6.0,0.33
1300,M088,Cleburne,Fashion accessories,$44,1.0,20/01/25,9:51:00,Ewallet,6.0,0.33
1301,M070,Hurst,Home and lifestyle,$21,3.0,30/08/25,9:29:00,Ewallet,6.0,0.33
1302,M006,El Paso,Fashion accessories,$66,3.0,31/03/25,13:35:00,Ewallet,4.0,0.48
1303,M039,Longview,Home and lifestyle,$39,1.0,23/01/25,15:15:00,Ewallet,4.0,0.48
1304,M077,Coppell,Fashion accessories,$81,1.0,09/08/25,12:49:00,Ewallet,9.0,0.33
1305,M078,Del Rio,Home and lifestyle,$51,3.0,15/08/25,20:38:00,Ewallet,7.0,0.33
1306,M024,Carrollton,Fashion accessories,$28,3.0,05/02/25,12:30:00,Ewallet,5.0,0.48
1307,M029,Round Rock,Home and lifestyle,$35,1.0,24/02/25,6:30:00,Ewallet,9.0,0.48
1308,M082,Weslaco,Fashion accessories,$32,1.0,23/07/25,19:22:00,Cash,6.0,0.33
1309,M082,Weslaco,Home and lifestyle,$36,2.0,12/09/25,9:47:00,Cash,6.0,0.33
1310,M065,Texas City,Fashion accessories,$40,1.0,16/03/25,6:43:00,Ewallet,4.0,0.33
1311,M068,Burleson,Home and lifestyle,$83,1.0,05/01/25,13:17:00,Ewallet,9.0,0.33
1312,M010,Laredo,Fashion accessories,$48,3.0,01/11/25,18:31:00,Ewallet,7.0,0.48
1313,M082,Weslaco,Home and lifestyle,$68,3.0,30/08/25,7:23:00,Cash,4.0,0.33
1314,M089,Southlake,Fashion accessories,$56,2.0,06/10/25,6:24:00,Ewallet,4.0,0.33
1315,M009,Plano,Home and lifestyle,$63,2.0,31/05/25,18:00:00,Ewallet,4.0,0.48
1316,M068,Burleson,Fashion accessories,$48,2.0,08/01/25,14:18:00,Ewallet,7.0,0.33
1317,M052,Mansfield,Home and lifestyle,$85,2.0,04/04/25,14:25:00,Ewallet,6.0,0.57
1318,M084,Schertz,Fashion accessories,$36,2.0,30/05/25,19:41:00,Ewallet,4.0,0.33
1319,M030,Richardson,Home and lifestyle,$32,3.0,01/03/25,22:03:00,Ewallet,8.0,0.48
1320,M041,Mission,Fashion accessories,$49,1.0,20/02/25,13:42:00,Ewallet,4.0,0.48
1321,M064,Bedford,Home and lifestyle,$51,2.0,10/07/25,9:51:00,Ewallet,9.0,0.33
1322,M033,Pearland,Fashion accessories,$51,2.0,23/03/25,7:13:00,Ewallet,5.0,0.48
1323,M090,Brownwood,Home and lifestyle,$81,3.0,17/03/25,6:10:00,Ewallet,9.0,0.33
1324,M046,Temple,Fashion accessories,$85,3.0,13/09/25,14:29:00,Ewallet,4.0,0.48
1325,M095,Big Spring,Home and lifestyle,$67,1.0,08/09/25,10:50:00,Ewallet,4.0,0.33
1326,M078,Del Rio,Fashion accessories,$34,2.0,15/05/25,11:21:00,Ewallet,9.0,0.33
1327,M058,Port Arthur,Home and lifestyle,$15,2.0,02/10/25,9:06:00,Ewallet,9.0,0.33
1328,M053,Conroe,Fashion accessories,$33,1.0,30/06/25,15:34:00,Ewallet,5.0,0.57
1329,M032,Tyler,Home and lifestyle,$30,1.0,24/12/25,20:24:00,Ewallet,7.0,0.48
1330,M007,Arlington,Fashion accessories,$31,3.0,26/03/25,21:31:00,Ewallet,8.0,0.48
1331,M035,San Angelo,Home and lifestyle,$38,1.0,08/12/25,6:27:00,Ewallet,4.0,0.48
1332,M047,Flower Mound,Fashion accessories,$66,2.0,02/11/25,10:15:00,Ewallet,8.0,0.48
1333,M059,Pflugerville,Home and lifestyle,$70,1.0,05/02/25,11:08:00,Ewallet,5.0,0.33
1334,M024,Carrollton,Fashion accessories,$57,3.0,15/03/25,19:28:00,Ewallet,6.0,0.48
1335,M015,Grand Prairie,Home and lifestyle,$16,3.0,06/08/25,12:29:00,Ewallet,4.0,0.48
1336,M068,Burleson,Fashion accessories,$18,1.0,02/06/25,17:06:00,Ewallet,5.0,0.33
1337,M025,Waco,Home and lifestyle,$29,3.0,18/07/25,9:48:00,Ewallet,8.0,0.48
1338,M040,Edinburg,Fashion accessories,$51,2.0,22/06/25,18:51:00,Ewallet,9.0,0.48
1339,M036,Allen,Home and lifestyle,$23,3.0,08/02/25,6:21:00,Ewallet,4.0,0.48
1340,M012,Garland,Fashion accessories,$76,3.0,20/10/25,16:13:00,Ewallet,7.0,0.48
1341,M069,Rockwall,Home and lifestyle,$29,1.0,29/10/25,20:15:00,Ewallet,9.0,0.33
1342,M059,Pflugerville,Fashion accessories,$74,3.0,25/01/25,21:38:00,Ewallet,6.0,0.33
1343,M038,Sugar Land,Home and lifestyle,$65,2.0,31/05/25,9:22:00,Ewallet,7.0,0.48
1344,M032,Tyler,Fashion accessories,$42,2.0,10/08/25,8:34:00,Ewallet,6.0,0.48
1345,M090,Brownwood,Home and lifestyle,$52,1.0,19/11/25,18:16:00,Ewallet,9.0,0.33
1346,M003,San Antonio,Fashion accessories,$73,1.0,18/06/25,12:10:00,Ewallet,4.0,0.48
1347,M046,Temple,Home and lifestyle,$17,2.0,11/04/25,22:17:00,Ewallet,7.0,0.48
1348,M030,Richardson,Fashion accessories,$40,3.0,10/08/25,9:14:00,Ewallet,4.0,0.48
1349,M083,Farmers Branch,Home and lifestyle,$81,3.0,01/02/25,21:49:00,Ewallet,6.0,0.33
1350,M003,San Antonio,Fashion accessories,$62,3.0,30/09/25,7:41:00,Ewallet,7.0,0.48
1351,M095,Big Spring,Home and lifestyle,$48,1.0,30/05/25,18:06:00,Ewallet,6.0,0.33
1352,M091,Little Elm,Fashion accessories,$20,2.0,02/07/25,8:34:00,Ewallet,5.0,0.33
1353,M073,Seguin,Home and lifestyle,$20,1.0,12/10/25,9:17:00,Ewallet,9.0,0.33
1354,M057,Euless,Fashion accessories,$54,1.0,17/11/25,13:38:00,Ewallet,9.0,0.33
1355,M013,Irving,Home and lifestyle,$76,3.0,10/05/25,16:31:00,Ewallet,5.0,0.48
1356,M055,Waxahachie,Fashion accessories,$81,1.0,27/03/25,12:22:00,Ewallet,8.0,0.33
1357,M020,Killeen,Home and lifestyle,$33,1.0,12/09/25,16:07:00,Ewallet,4.0,0.48
1358,M094,Alamo,Fashion accessories,$72,2.0,09/12/25,17:04:00,Ewallet,4.0,0.33
1359,M044,Pharr,Home and lifestyle,$20,3.0,25/04/25,19:14:00,Ewallet,9.0,0.48
1360,M048,Harlingen,Fashion accessories,$44,1.0,03/04/25,19:33:00,Ewallet,4.0,0.48
1361,M025,Waco,Home and lifestyle,$81,1.0,06/11/25,6:24:00,Ewallet,7.0,0.48
1362,M090,Brownwood,Fashion accessories,$77,2.0,08/01/25,8:12:00,Ewallet,4.0,0.33
1363,M014,Amarillo,Home and lifestyle,$83,1.0,02/02/25,7:47:00,Ewallet,5.0,0.48
1364,M063,Georgetown,Fashion accessories,$50,3.0,27/10/25,9:59:00,Ewallet,9.0,0.33
1365,M034,College Station,Home and lifestyle,$52,3.0,13/01/25,16:37:00,Ewallet,6.0,0.48
1366,M032,Tyler,Fashion accessories,$73,2.0,04/01/25,12:51:00,Ewallet,8.0,0.48
1367,M003,San Antonio,Home and lifestyle,$26,1.0,12/08/25,14:57:00,Ewallet,7.0,0.36
1368,M073,Seguin,Fashion accessories,$43,1.0,22/04/25,18:15:00,Ewallet,8.0,0.33
1369,M047,Flower Mound,Home and lifestyle,$71,3.0,11/11/25,7:50:00,Ewallet,5.0,0.48
1370,M089,Southlake,Fashion accessories,$26,1.0,18/04/25,11:56:00,Ewallet,9.0,0.33
1371,M078,Del Rio,Home and lifestyle,$37,2.0,26/10/25,8:10:00,Ewallet,5.0,0.33
1372,M043,Baytown,Fashion accessories,$54,3.0,21/04/25,22:00:00,Ewallet,5.0,0.48
1373,M056,Rowlett,Home and lifestyle,$85,1.0,02/02/25,16:56:00,Ewallet,4.0,0.33
1374,M030,Richardson,Fashion accessories,$83,1.0,09/05/25,6:02:00,Ewallet,7.0,0.48
1375,M090,Brownwood,Home and lifestyle,$23,1.0,22/07/25,13:05:00,Ewallet,6.0,0.33
1376,M058,Port Arthur,Fashion accessories,$27,3.0,11/02/25,6:31:00,Ewallet,8.0,0.33
1377,M059,Pflugerville,Home and lifestyle,$32,1.0,10/05/25,7:02:00,Ewallet,6.0,0.33
1378,M010,Laredo,Fashion accessories,$19,2.0,14/08/25,11:21:00,Ewallet,8.0,0.48
1379,M079,La Porte,Home and lifestyle,$22,2.0,31/01/25,19:32:00,Ewallet,4.0,0.33
1380,M016,Brownsville,Fashion accessories,$56,1.0,27/03/25,16:51:00,Ewallet,5.0,0.48
1381,M081,Friendswood,Home and lifestyle,$26,3.0,05/07/25,9:54:00,Ewallet,5.0,0.33
1382,M006,El Paso,Fashion accessories,$23,1.0,10/02/25,12:38:00,Ewallet,6.0,0.48
1383,M012,Garland,Home and lifestyle,$85,3.0,04/02/25,14:11:00,Ewallet,6.0,0.48
1384,M009,Plano,Fashion accessories,$52,3.0,23/05/25,17:55:00,Ewallet,9.0,0.48
1385,M085,Kerrville,Home and lifestyle,$55,3.0,04/10/25,11:51:00,Ewallet,7.0,0.33
1386,M047,Flower Mound,Fashion accessories,$29,1.0,03/05/25,22:41:00,Ewallet,9.0,0.48
1387,M095,Big Spring,Home and lifestyle,$26,3.0,10/06/25,11:10:00,Ewallet,7.0,0.33
1388,M084,Schertz,Fashion accessories,$44,1.0,22/01/25,13:28:00,Ewallet,6.0,0.33
1389,M083,Farmers Branch,Home and lifestyle,$25,3.0,03/06/25,12:24:00,Ewallet,4.0,0.33
1390,M007,Arlington,Fashion accessories,$76,2.0,11/02/25,15:43:00,Ewallet,8.0,0.48
1391,M034,College Station,Home and lifestyle,$35,3.0,14/02/25,7:07:00,Ewallet,6.0,0.48
1392,M023,Midland,Fashion accessories,$16,3.0,06/05/25,16:05:00,Ewallet,8.0,0.48
1393,M008,Corpus Christi,Home and lifestyle,$71,1.0,12/02/25,6:19:00,Ewallet,6.0,0.48
1394,M098,Mineral Wells,Fashion accessories,$80,3.0,04/11/25,17:34:00,Ewallet,6.0,0.18
1395,M009,Plano,Home and lifestyle,$71,3.0,01/08/25,14:54:00,Ewallet,9.0,0.48
1396,M072,Lancaster,Fashion accessories,$50,3.0,15/11/25,14:47:00,Ewallet,4.0,0.33
1397,M059,Pflugerville,Home and lifestyle,$40,3.0,18/05/25,14:41:00,Ewallet,7.0,0.33
1398,M073,Seguin,Fashion accessories,$36,3.0,30/03/25,18:10:00,Ewallet,6.0,0.33
1399,M043,Baytown,Home and lifestyle,$23,1.0,10/01/25,8:37:00,Ewallet,7.0,0.48
1400,M092,Lake Jackson,Fashion accessories,$30,2.0,08/03/25,10:10:00,Ewallet,9.0,0.33
1401,M026,Denton,Home and lifestyle,$39,1.0,04/04/25,19:27:00,Ewallet,8.0,0.48
1402,M079,La Porte,Fashion accessories,$39,3.0,22/07/25,6:16:00,Ewallet,8.0,0.33
1403,M100,Canyon,Home and lifestyle,$66,3.0,14/06/25,9:02:00,Ewallet,5.0,0.18
1404,M096,Eagle Pass,Fashion accessories,$43,2.0,28/02/25,20:27:00,Ewallet,4.0,0.18
1405,M053,Conroe,Home and lifestyle,$31,2.0,20/12/25,22:59:00,Ewallet,6.0,0.57
1406,M054,Sherman,Fashion accessories,$32,1.0,13/10/25,11:03:00,Ewallet,5.0,0.21
1407,M070,Hurst,Home and lifestyle,$37,1.0,30/04/25,16:45:00,Ewallet,9.0,0.33
1408,M004,Austin,Fashion accessories,$63,2.0,20/02/25,12:42:00,Ewallet,7.0,0.48
1409,M071,Lufkin,Home and lifestyle,$49,1.0,09/04/25,21:11:00,Ewallet,6.0,0.33
1410,M081,Friendswood,Fashion accessories,$71,2.0,07/04/25,16:09:00,Ewallet,9.0,0.33
1411,M028,Odessa,Home and lifestyle,$49,3.0,12/08/25,21:48:00,Ewallet,6.0,0.48
1412,M031,Lewisville,Fashion accessories,$15,3.0,03/02/25,18:41:00,Ewallet,6.0,0.48
1413,M063,Georgetown,Home and lifestyle,$74,1.0,27/01/25,9:47:00,Ewallet,4.0,0.33
1414,M022,Mesquite,Fashion accessories,$69,3.0,08/02/25,15:20:00,Ewallet,5.0,0.48
1415,M084,Schertz,Home and lifestyle,$77,1.0,17/06/25,15:25:00,Ewallet,5.0,0.33
1416,M100,Canyon,Fashion accessories,$41,3.0,15/12/25,15:21:00,Ewallet,7.0,0.18
1417,M068,Burleson,Home and lifestyle,$77,3.0,10/06/25,13:13:00,Ewallet,4.0,0.33
1418,M043,Baytown,Fashion accessories,$56,2.0,30/11/25,12:47:00,Ewallet,8.0,0.48
1419,M019,Pasadena,Home and lifestyle,$80,2.0,21/12/25,16:17:00,Ewallet,9.0,0.48
1420,M024,Carrollton,Fashion accessories,$51,3.0,14/11/25,6:55:00,Ewallet,5.0,0.48
1421,M045,Missouri City,Home and lifestyle,$85,2.0,03/04/25,13:49:00,Credit card,4.0,0.48
1422,M056,Rowlett,Fashion accessories,$50,3.0,04/02/25,19:08:00,Ewallet,6.0,0.33
1423,M045,Missouri City,Home and lifestyle,$17,1.0,30/09/25,20:36:00,Credit card,5.0,0.48
1424,M040,Edinburg,Fashion accessories,$49,1.0,22/10/25,16:16:00,Ewallet,6.0,0.48
1425,M060,DeSoto,Home and lifestyle,$28,3.0,01/04/25,22:35:00,Ewallet,4.0,0.33
1426,M069,Rockwall,Fashion accessories,$52,1.0,21/05/25,18:05:00,Ewallet,7.0,0.33
1427,M081,Friendswood,Home and lifestyle,$27,3.0,19/12/25,11:14:00,Ewallet,9.0,0.33
1428,M020,Killeen,Fashion accessories,$34,3.0,15/01/25,9:08:00,Ewallet,7.0,0.48
1429,M002,Dallas,Home and lifestyle,$65,3.0,01/05/25,13:32:00,Ewallet,6.0,0.36
1430,M014,Amarillo,Fashion accessories,$62,3.0,19/10/25,11:56:00,Ewallet,8.0,0.48
1431,M058,Port Arthur,Home and lifestyle,$74,2.0,24/06/25,20:05:00,Ewallet,7.0,0.33
1432,M022,Mesquite,Fashion accessories,$16,1.0,28/08/25,14:41:00,Ewallet,5.0,0.48
1433,M015,Grand Prairie,Home and lifestyle,$38,3.0,21/05/25,12:12:00,Ewallet,5.0,0.48
1434,M056,Rowlett,Fashion accessories,$62,2.0,24/02/25,7:25:00,Ewallet,8.0,0.33
1435,M092,Lake Jackson,Home and lifestyle,$77,1.0,13/11/25,14:21:00,Ewallet,6.0,0.33
1436,M074,Weslaco,Fashion accessories,$81,1.0,22/07/25,19:46:00,Cash,8.0,0.33
1437,M007,Arlington,Home and lifestyle,$25,1.0,25/12/25,20:41:00,Ewallet,7.0,0.48
1438,M080,Nacogdoches,Fashion accessories,$28,3.0,17/09/25,6:36:00,Ewallet,4.0,0.33
1439,M021,McAllen,Home and lifestyle,$77,3.0,06/03/25,9:31:00,Ewallet,9.0,0.48
1440,M077,Coppell,Fashion accessories,$79,1.0,10/10/25,17:07:00,Ewallet,8.0,0.33
1441,M045,Missouri City,Home and lifestyle,$21,2.0,02/07/25,14:12:00,Credit card,6.0,0.48
1442,M099,Weatherford,Fashion accessories,$17,1.0,03/12/25,12:33:00,Ewallet,6.0,0.18
1443,M012,Garland,Home and lifestyle,$76,3.0,15/05/25,13:57:00,Ewallet,9.0,0.48
1444,M035,San Angelo,Fashion accessories,$33,3.0,27/11/25,10:55:00,Ewallet,6.0,0.48
1445,M003,San Antonio,Home and lifestyle,$38,1.0,23/04/25,10:44:00,Ewallet,4.0,0.36
1446,M069,Rockwall,Fashion accessories,$29,2.0,26/09/25,9:01:00,Ewallet,8.0,0.33
1447,M053,Conroe,Home and lifestyle,$85,1.0,29/06/25,17:03:00,Ewallet,8.0,0.57
1448,M081,Friendswood,Fashion accessories,$31,1.0,26/04/25,16:47:00,Ewallet,8.0,0.33
1449,M092,Lake Jackson,Home and lifestyle,$67,3.0,30/09/25,16:51:00,Ewallet,4.0,0.33
1450,M063,Georgetown,Fashion accessories,$72,1.0,09/04/25,7:14:00,Ewallet,7.0,0.33
1451,M079,La Porte,Home and lifestyle,$41,3.0,06/07/25,10:31:00,Ewallet,7.0,0.33
1452,M065,Texas City,Fashion accessories,$67,1.0,05/07/25,18:06:00,Ewallet,5.0,0.33
1453,M071,Lufkin,Home and lifestyle,$32,2.0,28/11/25,15:04:00,Ewallet,5.0,0.33
1454,M090,Brownwood,Fashion accessories,$67,2.0,12/12/25,6:06:00,Ewallet,7.0,0.33
1455,M016,Brownsville,Home and lifestyle,$36,3.0,04/07/25,19:21:00,Ewallet,8.0,0.48
1456,M020,Killeen,Fashion accessories,$69,2.0,03/02/25,10:46:00,Ewallet,8.0,0.48
1457,M062,Galveston,Home and lifestyle,$40,1.0,11/07/25,19:42:00,Ewallet,4.0,0.33
1458,M038,Sugar Land,Fashion accessories,$33,3.0,06/10/25,8:51:00,Ewallet,7.0,0.48
1459,M042,Bryan,Home and lifestyle,$46,2.0,27/11/25,19:29:00,Ewallet,8.0,0.48
1460,M017,McKinney,Fashion accessories,$76,1.0,12/01/25,9:32:00,Ewallet,8.0,0.48
1461,M043,Baytown,Home and lifestyle,$19,1.0,20/04/25,9:13:00,Ewallet,7.0,0.48
1462,M029,Round Rock,Fashion accessories,$62,3.0,05/06/25,20:22:00,Ewallet,5.0,0.48
1463,M045,Missouri City,Home and lifestyle,$53,2.0,12/05/25,20:26:00,Credit card,5.0,0.48
1464,M071,Lufkin,Fashion accessories,$55,2.0,16/09/25,19:53:00,Ewallet,7.0,0.33
1465,M089,Southlake,Home and lifestyle,$47,2.0,01/04/25,10:06:00,Ewallet,4.0,0.33
1466,M088,Cleburne,Fashion accessories,$63,2.0,07/11/25,18:43:00,Ewallet,5.0,0.33
1467,M042,Bryan,Home and lifestyle,$59,3.0,22/06/25,9:33:00,Ewallet,9.0,0.48
1468,M088,Cleburne,Fashion accessories,$49,1.0,22/12/25,17:34:00,Ewallet,5.0,0.33
1469,M020,Killeen,Home and lifestyle,$68,2.0,12/04/25,9:58:00,Ewallet,9.0,0.48
1470,M023,Midland,Fashion accessories,$73,1.0,18/05/25,17:51:00,Ewallet,7.0,0.48
1471,M079,La Porte,Home and lifestyle,$82,1.0,29/11/25,14:59:00,Ewallet,5.0,0.33
1472,M095,Big Spring,Fashion accessories,$68,2.0,09/03/25,20:49:00,Ewallet,4.0,0.33
1473,M001,Houston,Home and lifestyle,$58,2.0,05/03/25,11:06:00,Ewallet,4.0,0.36
1474,M065,Texas City,Fashion accessories,$44,1.0,26/05/25,19:41:00,Ewallet,7.0,0.33
1475,M076,Huntsville,Home and lifestyle,$40,3.0,14/12/25,17:23:00,Ewallet,7.0,0.33
1476,M089,Southlake,Fashion accessories,$18,3.0,27/07/25,18:04:00,Ewallet,6.0,0.33
1477,M094,Alamo,Home and lifestyle,$56,3.0,23/11/25,20:44:00,Ewallet,8.0,0.33
1478,M009,Plano,Fashion accessories,$45,1.0,21/02/25,8:50:00,Ewallet,5.0,0.48
1479,M069,Rockwall,Home and lifestyle,$28,1.0,12/07/25,16:32:00,Ewallet,4.0,0.33
1480,M069,Rockwall,Fashion accessories,$72,2.0,04/12/25,7:23:00,Ewallet,9.0,0.33
1481,M032,Tyler,Home and lifestyle,$33,2.0,06/01/25,10:35:00,Ewallet,4.0,0.48
1482,M017,McKinney,Fashion accessories,$69,1.0,28/05/25,13:36:00,Ewallet,9.0,0.48
1483,M021,McAllen,Home and lifestyle,$51,1.0,16/06/25,12:40:00,Ewallet,8.0,0.48
1484,M030,Richardson,Fashion accessories,$22,1.0,21/01/25,19:46:00,Ewallet,8.0,0.48
1485,M006,El Paso,Home and lifestyle,$17,2.0,28/03/25,18:45:00,Ewallet,6.0,0.48
1486,M047,Flower Mound,Fashion accessories,$37,1.0,24/11/25,21:37:00,Ewallet,5.0,0.48
1487,M015,Grand Prairie,Home and lifestyle,$63,2.0,18/06/25,13:42:00,Ewallet,6.0,0.48
1488,M068,Burleson,Fashion accessories,$22,1.0,20/07/25,15:37:00,Ewallet,6.0,0.33
1489,M065,Texas City,Home and lifestyle,$24,3.0,25/01/25,8:01:00,Ewallet,5.0,0.33
1490,M094,Alamo,Fashion accessories,$77,2.0,13/01/25,12:25:00,Ewallet,5.0,0.33
1491,M048,Harlingen,Home and lifestyle,$19,2.0,02/10/25,7:27:00,Ewallet,5.0,0.48
1492,M098,Mineral Wells,Fashion accessories,$57,1.0,19/01/25,18:43:00,Ewallet,4.0,0.18
1493,M099,Weatherford,Home and lifestyle,$27,1.0,28/02/25,7:38:00,Ewallet,4.0,0.18
1494,M046,Temple,Fashion accessories,$55,2.0,22/01/25,19:40:00,Ewallet,4.0,0.48
1495,M046,Temple,Home and lifestyle,$70,2.0,02/03/25,17:39:00,Ewallet,5.0,0.48
1496,M049,North Richland Hills,Fashion accessories,$65,2.0,23/08/25,18:22:00,Ewallet,4.0,0.48
1497,M068,Burleson,Home and lifestyle,$52,3.0,19/12/25,13:00:00,Ewallet,6.0,0.33
1498,M024,Carrollton,Fashion accessories,$83,3.0,30/07/25,17:20:00,Ewallet,8.0,0.48
1499,M084,Schertz,Home and lifestyle,$70,3.0,06/11/25,12:31:00,Ewallet,5.0,0.33
1500,M046,Temple,Fashion accessories,$69,2.0,30/06/25,14:01:00,Ewallet,7.0,0.48
1501,M035,San Angelo,Home and lifestyle,$25,3.0,11/09/25,14:32:00,Ewallet,7.0,0.48
1502,M052,Mansfield,Fashion accessories,$15,2.0,05/11/25,16:07:00,Ewallet,6.0,0.57
1503,M093,Angleton,Home and lifestyle,$43,3.0,11/09/25,6:01:00,Ewallet,4.0,0.33
1504,M019,Pasadena,Fashion accessories,$52,1.0,12/09/25,22:06:00,Ewallet,9.0,0.48
1505,M024,Carrollton,Home and lifestyle,$61,3.0,04/07/25,17:07:00,Ewallet,8.0,0.48
1506,M077,Coppell,Fashion accessories,$15,1.0,17/06/25,8:00:00,Ewallet,6.0,0.33
1507,M062,Galveston,Home and lifestyle,$34,3.0,03/11/25,7:03:00,Ewallet,5.0,0.33
1508,M035,San Angelo,Fashion accessories,$64,2.0,19/06/25,20:49:00,Ewallet,7.0,0.48
1509,M064,Bedford,Home and lifestyle,$27,1.0,13/05/25,7:45:00,Ewallet,5.0,0.33
1510,M020,Killeen,Fashion accessories,$57,1.0,09/06/25,6:31:00,Ewallet,8.0,0.48
1511,M093,Angleton,Home and lifestyle,$67,1.0,11/12/25,12:58:00,Ewallet,9.0,0.33
1512,M026,Denton,Fashion accessories,$34,3.0,22/10/25,23:00:00,Ewallet,9.0,0.48
1513,M002,Dallas,Home and lifestyle,$52,1.0,07/03/25,8:06:00,Ewallet,5.0,0.36
1514,M036,Allen,Fashion accessories,$17,2.0,08/07/25,15:55:00,Ewallet,4.0,0.48
1515,M011,Lubbock,Home and lifestyle,$71,1.0,22/05/25,22:22:00,Ewallet,4.0,0.48
1516,M093,Angleton,Fashion accessories,$19,2.0,15/02/25,13:22:00,Ewallet,8.0,0.33
1517,M039,Longview,Home and lifestyle,$41,3.0,17/04/25,20:41:00,Ewallet,5.0,0.48
1518,M048,Harlingen,Fashion accessories,$49,1.0,13/10/25,13:46:00,Ewallet,5.0,0.48
1519,M049,North Richland Hills,Home and lifestyle,$61,1.0,20/12/25,20:19:00,Ewallet,8.0,0.48
1520,M034,College Station,Fashion accessories,$32,1.0,06/10/25,17:29:00,Ewallet,9.0,0.48
1521,M062,Galveston,Home and lifestyle,$26,3.0,26/10/25,11:40:00,Ewallet,7.0,0.33
1522,M089,Southlake,Fashion accessories,$20,2.0,06/06/25,21:24:00,Ewallet,8.0,0.33
1523,M026,Denton,Home and lifestyle,$43,1.0,25/12/25,16:17:00,Ewallet,9.0,0.48
1524,M012,Garland,Fashion accessories,$51,1.0,29/10/25,16:15:00,Ewallet,6.0,0.48
1525,M072,Lancaster,Home and lifestyle,$19,1.0,12/03/25,9:04:00,Ewallet,4.0,0.33
1526,M038,Sugar Land,Fashion accessories,$85,1.0,12/12/25,10:34:00,Ewallet,5.0,0.48
1527,M084,Schertz,Home and lifestyle,$74,3.0,18/05/25,15:53:00,Ewallet,9.0,0.33
1528,M016,Brownsville,Fashion accessories,$68,3.0,26/04/25,16:18:00,Ewallet,6.0,0.48
1529,M079,La Porte,Home and lifestyle,$80,3.0,14/08/25,15:40:00,Ewallet,9.0,0.33
1530,M091,Little Elm,Fashion accessories,$67,1.0,15/07/25,21:31:00,Ewallet,5.0,0.33
1531,M096,Eagle Pass,Home and lifestyle,$42,2.0,02/06/25,16:48:00,Ewallet,9.0,0.33
1532,M063,Georgetown,Fashion accessories,$16,2.0,28/04/25,7:17:00,Ewallet,5.0,0.33
1533,M097,Alice,Home and lifestyle,$33,2.0,23/08/25,22:15:00,Ewallet,7.0,0.18
1534,M076,Huntsville,Fashion accessories,$38,3.0,19/09/25,14:24:00,Ewallet,4.0,0.33
1535,M076,Huntsville,Home and lifestyle,$36,2.0,28/12/25,7:04:00,Ewallet,5.0,0.33
1536,M094,Alamo,Fashion accessories,$50,1.0,07/11/25,22:16:00,Ewallet,8.0,0.33
1537,M099,Weatherford,Home and lifestyle,$39,1.0,22/03/25,11:10:00,Ewallet,6.0,0.18
1538,M061,Cedar Park,Fashion accessories,$27,3.0,23/11/25,21:57:00,Ewallet,9.0,0.33
1539,M086,Rosenberg,Home and lifestyle,$51,1.0,16/01/25,10:12:00,Ewallet,8.0,0.33
1540,M031,Lewisville,Fashion accessories,$78,1.0,15/12/25,11:45:00,Ewallet,7.0,0.48
1541,M009,Plano,Home and lifestyle,$53,3.0,18/02/25,21:55:00,Ewallet,7.0,0.48
1542,M036,Allen,Fashion accessories,$22,2.0,23/10/25,13:38:00,Ewallet,7.0,0.48
1543,M062,Galveston,Home and lifestyle,$84,2.0,07/10/25,14:49:00,Ewallet,4.0,0.33
1544,M053,Conroe,Fashion accessories,$40,2.0,30/11/25,16:06:00,Ewallet,8.0,0.57
1545,M025,Waco,Home and lifestyle,$42,3.0,06/07/25,11:00:00,Ewallet,9.0,0.48
1546,M019,Pasadena,Fashion accessories,$38,1.0,27/08/25,15:41:00,Ewallet,4.0,0.48
1547,M018,Frisco,Home and lifestyle,$50,3.0,22/10/25,17:56:00,Ewallet,9.0,0.48
1548,M027,Abilene,Fashion accessories,$55,2.0,19/01/25,11:22:00,Ewallet,4.0,0.48
1549,M064,Bedford,Home and lifestyle,$48,1.0,03/08/25,14:30:00,Ewallet,4.0,0.33
1550,M013,Irving,Fashion accessories,$62,3.0,13/08/25,14:02:00,Ewallet,4.0,0.48
1551,M008,Corpus Christi,Home and lifestyle,$73,1.0,19/05/25,16:12:00,Ewallet,6.0,0.48
1552,M020,Killeen,Fashion accessories,$42,2.0,16/07/25,14:13:00,Ewallet,9.0,0.48
1553,M069,Rockwall,Home and lifestyle,$84,1.0,06/12/25,21:21:00,Ewallet,8.0,0.33
1554,M020,Killeen,Fashion accessories,$19,1.0,12/09/25,19:54:00,Ewallet,7.0,0.48
1555,M032,Tyler,Home and lifestyle,$26,2.0,07/11/25,6:56:00,Ewallet,4.0,0.48
1556,M010,Laredo,Fashion accessories,$33,3.0,25/01/25,7:21:00,Ewallet,6.0,0.48
1557,M012,Garland,Home and lifestyle,$23,1.0,09/07/25,18:53:00,Ewallet,4.0,0.48
1558,M082,Weslaco,Fashion accessories,$81,3.0,27/12/25,21:46:00,Cash,5.0,0.33
1559,M096,Eagle Pass,Home and lifestyle,$78,2.0,17/02/25,18:54:00,Ewallet,9.0,0.33
1560,M026,Denton,Fashion accessories,$42,3.0,20/12/25,13:54:00,Ewallet,7.0,0.48
1561,M082,Weslaco,Home and lifestyle,$27,2.0,24/06/25,9:26:00,Cash,6.0,0.33
1562,M065,Texas City,Fashion accessories,$53,3.0,22/03/25,18:19:00,Ewallet,6.0,0.33
1563,M085,Kerrville,Home and lifestyle,$23,2.0,16/01/25,19:04:00,Ewallet,4.0,0.33
1564,M048,Harlingen,Fashion accessories,$81,1.0,27/08/25,7:08:00,Ewallet,7.0,0.48
1565,M033,Pearland,Home and lifestyle,$47,3.0,09/08/25,17:46:00,Ewallet,8.0,0.48
1566,M046,Temple,Fashion accessories,$76,2.0,11/09/25,12:23:00,Ewallet,9.0,0.48
1567,M072,Lancaster,Home and lifestyle,$25,1.0,30/01/25,14:48:00,Ewallet,4.0,0.33
1568,M044,Pharr,Fashion accessories,$67,2.0,16/05/25,17:59:00,Ewallet,4.0,0.48
1569,M052,Mansfield,Home and lifestyle,$25,1.0,28/06/25,13:17:00,Ewallet,9.0,0.57
1570,M047,Flower Mound,Fashion accessories,$66,1.0,01/12/25,6:12:00,Ewallet,8.0,0.48
1571,M039,Longview,Home and lifestyle,$15,3.0,29/01/25,20:09:00,Ewallet,6.0,0.48
1572,M070,Hurst,Fashion accessories,$36,1.0,06/04/25,16:34:00,Ewallet,5.0,0.33
1573,M018,Frisco,Home and lifestyle,$69,1.0,23/07/25,10:51:00,Ewallet,6.0,0.48
1574,M023,Midland,Fashion accessories,$50,2.0,25/03/25,21:22:00,Ewallet,5.0,0.48
1575,M034,College Station,Home and lifestyle,$74,2.0,12/02/25,9:10:00,Ewallet,7.0,0.48
1576,M059,Pflugerville,Fashion accessories,$75,2.0,02/10/25,20:08:00,Ewallet,5.0,0.33
1577,M071,Lufkin,Home and lifestyle,$24,1.0,13/07/25,10:46:00,Ewallet,5.0,0.33
1578,M017,McKinney,Fashion accessories,$74,3.0,23/02/25,7:49:00,Ewallet,4.0,0.48
1579,M019,Pasadena,Home and lifestyle,$64,2.0,17/08/25,16:01:00,Ewallet,9.0,0.48
1580,M035,San Angelo,Fashion accessories,$46,1.0,28/04/25,13:31:00,Ewallet,4.0,0.48
1581,M025,Waco,Home and lifestyle,$73,1.0,22/10/25,19:36:00,Ewallet,9.0,0.48
1582,M008,Corpus Christi,Fashion accessories,$49,3.0,29/04/25,8:14:00,Ewallet,7.0,0.48
1583,M027,Abilene,Home and lifestyle,$69,2.0,09/12/25,9:01:00,Ewallet,6.0,0.48
1584,M020,Killeen,Fashion accessories,$36,3.0,18/02/25,19:25:00,Ewallet,8.0,0.48
1585,M061,Cedar Park,Home and lifestyle,$42,2.0,11/10/25,20:43:00,Ewallet,7.0,0.33
1586,M015,Grand Prairie,Fashion accessories,$77,3.0,08/10/25,7:08:00,Ewallet,8.0,0.48
1587,M065,Texas City,Home and lifestyle,$38,1.0,18/06/25,18:27:00,Ewallet,7.0,0.33
1588,M017,McKinney,Fashion accessories,$61,1.0,05/01/25,17:07:00,Ewallet,7.0,0.48
1589,M043,Baytown,Home and lifestyle,$35,2.0,25/06/25,22:05:00,Ewallet,8.0,0.48
1590,M032,Tyler,Fashion accessories,$45,3.0,12/10/25,15:27:00,Ewallet,5.0,0.48
1591,M019,Pasadena,Home and lifestyle,$62,2.0,11/10/25,12:06:00,Ewallet,7.0,0.48
1592,M052,Mansfield,Fashion accessories,$39,3.0,04/04/25,15:48:00,Ewallet,7.0,0.57
1593,M027,Abilene,Home and lifestyle,$60,2.0,13/02/25,15:49:00,Ewallet,4.0,0.48
1594,M074,Weslaco,Fashion accessories,$78,3.0,26/05/25,22:35:00,Cash,9.0,0.33
1595,M052,Mansfield,Home and lifestyle,$68,1.0,12/04/25,22:07:00,Ewallet,6.0,0.57
1596,M047,Flower Mound,Fashion accessories,$81,3.0,14/11/25,8:53:00,Ewallet,6.0,0.48
1597,M062,Galveston,Home and lifestyle,$52,1.0,14/01/25,7:48:00,Ewallet,4.0,0.33
1598,M095,Big Spring,Fashion accessories,$15,3.0,29/05/25,18:53:00,Ewallet,7.0,0.33
1599,M012,Garland,Home and lifestyle,$80,2.0,14/10/25,21:45:00,Ewallet,9.0,0.48
1600,M060,DeSoto,Fashion accessories,$82,1.0,31/08/25,14:48:00,Ewallet,9.0,0.33
1601,M016,Brownsville,Home and lifestyle,$50,2.0,26/12/25,7:21:00,Ewallet,6.0,0.48
1602,M054,Sherman,Fashion accessories,$48,1.0,18/03/25,6:34:00,Ewallet,8.0,0.21
1603,M049,North Richland Hills,Home and lifestyle,$43,2.0,15/07/25,22:21:00,Ewallet,8.0,0.48
1604,M093,Angleton,Fashion accessories,$48,1.0,09/01/25,19:06:00,Ewallet,7.0,0.33
1605,M035,San Angelo,Home and lifestyle,$34,1.0,26/07/25,22:47:00,Ewallet,5.0,0.48
1606,M048,Harlingen,Fashion accessories,$46,3.0,17/12/25,22:51:00,Ewallet,5.0,0.48
1607,M027,Abilene,Home and lifestyle,$83,3.0,03/06/25,11:03:00,Ewallet,8.0,0.48
1608,M063,Georgetown,Fashion accessories,$45,3.0,07/07/25,6:42:00,Ewallet,8.0,0.33
1609,M094,Alamo,Home and lifestyle,$29,3.0,20/11/25,17:00:00,Ewallet,6.0,0.33
1610,M041,Mission,Fashion accessories,$83,3.0,10/02/25,13:55:00,Ewallet,5.0,0.48
1611,M068,Burleson,Home and lifestyle,$55,3.0,05/12/25,15:44:00,Ewallet,7.0,0.33
1612,M054,Sherman,Fashion accessories,$42,3.0,13/10/25,17:23:00,Ewallet,6.0,0.21
1613,M030,Richardson,Home and lifestyle,$52,1.0,22/07/25,20:15:00,Ewallet,6.0,0.48
1614,M005,Fort Worth,Fashion accessories,$52,3.0,21/03/25,8:45:00,Ewallet,9.0,0.48
1615,M021,McAllen,Home and lifestyle,$17,3.0,05/08/25,15:17:00,Ewallet,4.0,0.48
1616,M084,Schertz,Fashion accessories,$55,1.0,20/04/25,19:48:00,Ewallet,8.0,0.33
1617,M051,New Braunfels,Home and lifestyle,$52,1.0,14/02/25,17:08:00,Ewallet,7.0,0.48
1618,M083,Farmers Branch,Fashion accessories,$72,3.0,26/06/25,22:53:00,Ewallet,8.0,0.33
1619,M040,Edinburg,Home and lifestyle,$43,1.0,01/06/25,11:30:00,Ewallet,4.0,0.48
1620,M047,Flower Mound,Fashion accessories,$29,1.0,28/05/25,15:12:00,Ewallet,7.0,0.48
1621,M085,Kerrville,Home and lifestyle,$74,2.0,18/12/25,15:07:00,Ewallet,9.0,0.33
1622,M031,Lewisville,Fashion accessories,$85,1.0,08/09/25,7:33:00,Ewallet,8.0,0.48
1623,M038,Sugar Land,Home and lifestyle,$82,3.0,20/06/25,6:06:00,Ewallet,9.0,0.48
1624,M043,Baytown,Fashion accessories,$33,3.0,16/02/25,17:57:00,Ewallet,6.0,0.48
1625,M083,Farmers Branch,Home and lifestyle,$28,2.0,01/01/25,19:48:00,Ewallet,7.0,0.33
1626,M081,Friendswood,Fashion accessories,$23,3.0,27/08/25,16:59:00,Ewallet,4.0,0.33
1627,M001,Houston,Home and lifestyle,$63,1.0,09/09/25,18:39:00,Ewallet,4.0,0.36
1628,M008,Corpus Christi,Fashion accessories,$64,3.0,20/05/25,11:38:00,Ewallet,8.0,0.48
1629,M012,Garland,Home and lifestyle,$54,2.0,09/06/25,21:03:00,Ewallet,4.0,0.48
1630,M084,Schertz,Fashion accessories,$48,3.0,21/02/25,11:58:00,Ewallet,7.0,0.33
1631,M078,Del Rio,Home and lifestyle,$36,2.0,24/10/25,8:37:00,Ewallet,7.0,0.33
1632,M071,Lufkin,Fashion accessories,$49,2.0,15/01/25,18:14:00,Ewallet,8.0,0.33
1633,M068,Burleson,Home and lifestyle,$58,2.0,29/07/25,9:26:00,Ewallet,5.0,0.33
1634,M097,Alice,Fashion accessories,$23,3.0,11/04/25,20:01:00,Ewallet,9.0,0.18
1635,M015,Grand Prairie,Home and lifestyle,$47,1.0,09/04/25,20:10:00,Ewallet,9.0,0.48
1636,M015,Grand Prairie,Fashion accessories,$37,3.0,12/08/25,11:12:00,Ewallet,6.0,0.48
1637,M029,Round Rock,Home and lifestyle,$76,3.0,22/01/25,10:57:00,Ewallet,6.0,0.48
1638,M007,Arlington,Fashion accessories,$48,1.0,01/03/25,20:40:00,Ewallet,4.0,0.48
1639,M018,Frisco,Home and lifestyle,$27,2.0,07/08/25,16:31:00,Ewallet,6.0,0.48
1640,M043,Baytown,Fashion accessories,$64,3.0,13/10/25,9:33:00,Ewallet,4.0,0.48
1641,M093,Angleton,Home and lifestyle,$80,2.0,14/12/25,12:41:00,Ewallet,7.0,0.33
1642,M053,Conroe,Fashion accessories,$76,2.0,31/12/25,7:01:00,Ewallet,9.0,0.57
1643,M050,Victoria,Home and lifestyle,$29,1.0,10/01/25,9:25:00,Ewallet,7.0,0.48
1644,M091,Little Elm,Fashion accessories,$17,1.0,02/02/25,14:12:00,Ewallet,8.0,0.33
1645,M084,Schertz,Home and lifestyle,$63,2.0,01/03/25,22:36:00,Ewallet,8.0,0.33
1646,M008,Corpus Christi,Fashion accessories,$65,3.0,25/06/25,15:51:00,Ewallet,4.0,0.48
1647,M006,El Paso,Home and lifestyle,$29,1.0,31/10/25,9:38:00,Ewallet,8.0,0.48
1648,M020,Killeen,Fashion accessories,$50,3.0,20/03/25,6:09:00,Ewallet,4.0,0.48
1649,M046,Temple,Home and lifestyle,$52,1.0,26/11/25,16:31:00,Ewallet,6.0,0.48
1650,M089,Southlake,Fashion accessories,$63,2.0,22/09/25,12:12:00,Ewallet,8.0,0.33
1651,M047,Flower Mound,Home and lifestyle,$37,2.0,28/08/25,17:17:00,Ewallet,4.0,0.48
1652,M058,Port Arthur,Fashion accessories,$34,3.0,01/10/25,15:26:00,Ewallet,9.0,0.33
1653,M039,Longview,Home and lifestyle,$54,3.0,15/02/25,12:52:00,Ewallet,6.0,0.48
1654,M100,Canyon,Fashion accessories,$65,2.0,13/08/25,8:52:00,Ewallet,4.0,0.18
1655,M035,San Angelo,Home and lifestyle,$58,2.0,26/06/25,19:54:00,Ewallet,6.0,0.48
1656,M028,Odessa,Fashion accessories,$58,1.0,12/09/25,16:50:00,Ewallet,5.0,0.48
1657,M014,Amarillo,Home and lifestyle,$85,1.0,05/06/25,17:34:00,Ewallet,7.0,0.48
1658,M067,Haltom City,Fashion accessories,$25,3.0,14/11/25,14:29:00,Ewallet,7.0,0.33
1659,M060,DeSoto,Home and lifestyle,$26,1.0,08/06/25,22:06:00,Ewallet,5.0,0.33
1660,M030,Richardson,Fashion accessories,$28,2.0,05/03/25,21:56:00,Ewallet,4.0,0.48
1661,M046,Temple,Home and lifestyle,$75,1.0,11/12/25,21:51:00,Ewallet,7.0,0.48
1662,M100,Canyon,Fashion accessories,$18,2.0,20/02/25,9:22:00,Ewallet,7.0,0.18
1663,M040,Edinburg,Home and lifestyle,$30,1.0,21/04/25,10:01:00,Ewallet,8.0,0.48
1664,M018,Frisco,Fashion accessories,$18,2.0,19/09/25,6:30:00,Ewallet,7.0,0.48
1665,M087,Waxahachie,Home and lifestyle,$34,2.0,17/02/25,14:14:00,Ewallet,4.0,0.33
1666,M030,Richardson,Fashion accessories,$59,1.0,09/02/25,12:45:00,Ewallet,8.0,0.48
1667,M041,Mission,Home and lifestyle,$36,3.0,28/08/25,14:37:00,Ewallet,8.0,0.48
1668,M022,Mesquite,Fashion accessories,$45,1.0,28/06/25,13:22:00,Ewallet,6.0,0.48
1669,M045,Missouri City,Home and lifestyle,$23,1.0,26/04/25,18:42:00,Credit card,7.0,0.48
1670,M097,Alice,Fashion accessories,$19,2.0,10/02/25,12:30:00,Ewallet,4.0,0.18
1671,M020,Killeen,Home and lifestyle,$21,2.0,22/02/25,15:26:00,Ewallet,5.0,0.48
1672,M048,Harlingen,Fashion accessories,$53,3.0,08/06/25,17:13:00,Ewallet,6.0,0.48
1673,M028,Odessa,Home and lifestyle,$30,1.0,28/02/25,19:19:00,Ewallet,7.0,0.48
1674,M088,Cleburne,Fashion accessories,$47,3.0,20/12/25,9:36:00,Ewallet,5.0,0.33
1675,M085,Kerrville,Home and lifestyle,$20,1.0,14/11/25,18:37:00,Ewallet,6.0,0.33
1676,M036,Allen,Fashion accessories,$24,3.0,17/08/25,6:17:00,Ewallet,9.0,0.48
1677,M094,Alamo,Home and lifestyle,$49,2.0,22/09/25,10:18:00,Ewallet,8.0,0.33
1678,M010,Laredo,Fashion accessories,$25,3.0,12/06/25,20:35:00,Ewallet,8.0,0.48
1679,M001,Houston,Home and lifestyle,$80,1.0,10/07/25,19:11:00,Ewallet,8.0,0.36
1680,M060,DeSoto,Fashion accessories,$23,3.0,09/04/25,9:18:00,Ewallet,5.0,0.33
1681,M040,Edinburg,Home and lifestyle,$18,1.0,07/06/25,11:04:00,Ewallet,4.0,0.48
1682,M057,Euless,Fashion accessories,$66,2.0,26/10/25,7:05:00,Ewallet,8.0,0.33
1683,M051,New Braunfels,Home and lifestyle,$35,2.0,08/02/25,19:02:00,Ewallet,6.0,0.48
1684,M090,Brownwood,Fashion accessories,$81,3.0,28/11/25,11:06:00,Ewallet,5.0,0.33
1685,M047,Flower Mound,Home and lifestyle,$70,3.0,19/10/25,16:05:00,Ewallet,8.0,0.48
1686,M051,New Braunfels,Fashion accessories,$24,3.0,24/10/25,11:48:00,Ewallet,8.0,0.48
1687,M048,Harlingen,Home and lifestyle,$77,1.0,25/08/25,22:06:00,Ewallet,7.0,0.48
1688,M083,Farmers Branch,Fashion accessories,$48,3.0,13/02/25,12:28:00,Ewallet,9.0,0.33
1689,M068,Burleson,Home and lifestyle,$33,2.0,03/03/25,18:38:00,Ewallet,7.0,0.33
1690,M037,League City,Fashion accessories,$59,3.0,12/12/25,21:15:00,Ewallet,5.0,0.48
1691,M061,Cedar Park,Home and lifestyle,$84,1.0,17/03/25,18:24:00,Ewallet,9.0,0.33
1692,M095,Big Spring,Fashion accessories,$58,1.0,21/06/25,17:12:00,Ewallet,6.0,0.33
1693,M002,Dallas,Home and lifestyle,$59,3.0,07/02/25,9:59:00,Ewallet,5.0,0.36
1694,M063,Georgetown,Fashion accessories,$54,2.0,05/08/25,17:17:00,Ewallet,9.0,0.33
1695,M062,Galveston,Home and lifestyle,$85,2.0,19/03/25,15:10:00,Ewallet,8.0,0.33
1696,M076,Huntsville,Fashion accessories,$85,1.0,28/07/25,20:12:00,Ewallet,8.0,0.33
1697,M052,Mansfield,Home and lifestyle,$58,3.0,15/09/25,13:34:00,Ewallet,7.0,0.57
1698,M005,Fort Worth,Fashion accessories,$47,1.0,25/10/25,6:38:00,Ewallet,5.0,0.48
1699,M052,Mansfield,Home and lifestyle,$19,1.0,12/02/25,13:30:00,Ewallet,6.0,0.57
1700,M027,Abilene,Fashion accessories,$70,3.0,18/11/25,10:19:00,Ewallet,9.0,0.48
1701,M036,Allen,Home and lifestyle,$24,3.0,06/11/25,17:37:00,Ewallet,4.0,0.48
1702,M017,McKinney,Fashion accessories,$47,1.0,29/07/25,19:01:00,Ewallet,7.0,0.48
1703,M036,Allen,Home and lifestyle,$42,2.0,06/04/25,22:44:00,Ewallet,6.0,0.48
1704,M037,League City,Fashion accessories,$17,1.0,01/03/25,17:20:00,Ewallet,4.0,0.48
1705,M024,Carrollton,Home and lifestyle,$77,3.0,25/11/25,13:36:00,Ewallet,9.0,0.48
1706,M001,Houston,Fashion accessories,$44,2.0,14/04/25,11:28:00,Ewallet,9.0,0.36
1707,M068,Burleson,Home and lifestyle,$67,3.0,19/10/25,16:14:00,Ewallet,6.0,0.33
1708,M041,Mission,Fashion accessories,$34,1.0,14/11/25,16:55:00,Ewallet,8.0,0.48
1709,M079,La Porte,Home and lifestyle,$78,1.0,13/08/25,19:51:00,Ewallet,5.0,0.33
1710,M011,Lubbock,Fashion accessories,$25,1.0,14/01/25,14:57:00,Ewallet,9.0,0.48
1711,M051,New Braunfels,Home and lifestyle,$49,1.0,30/05/25,15:03:00,Ewallet,7.0,0.48
1712,M069,Rockwall,Fashion accessories,$52,2.0,04/11/25,20:10:00,Ewallet,4.0,0.33
1713,M062,Galveston,Home and lifestyle,$73,1.0,16/08/25,13:05:00,Ewallet,8.0,0.33
1714,M007,Arlington,Fashion accessories,$26,2.0,17/05/25,22:40:00,Ewallet,5.0,0.48
1715,M037,League City,Home and lifestyle,$52,2.0,26/01/25,8:14:00,Ewallet,6.0,0.48
1716,M024,Carrollton,Fashion accessories,$39,3.0,28/03/25,17:08:00,Ewallet,6.0,0.48
1717,M006,El Paso,Home and lifestyle,$50,3.0,21/09/25,6:35:00,Ewallet,6.0,0.48
1718,M006,El Paso,Fashion accessories,$37,3.0,08/09/25,17:27:00,Ewallet,7.0,0.48
1719,M063,Georgetown,Home and lifestyle,$59,3.0,02/07/25,9:24:00,Ewallet,9.0,0.33
1720,M069,Rockwall,Fashion accessories,$53,2.0,02/07/25,12:54:00,Ewallet,7.0,0.33
1721,M020,Killeen,Home and lifestyle,$64,3.0,17/04/25,13:53:00,Ewallet,7.0,0.48
1722,M017,McKinney,Fashion accessories,$59,3.0,04/09/25,12:28:00,Ewallet,9.0,0.48
1723,M098,Mineral Wells,Home and lifestyle,$68,1.0,15/02/25,11:16:00,Ewallet,5.0,0.18
1724,M069,Rockwall,Fashion accessories,$55,2.0,14/05/25,21:50:00,Ewallet,7.0,0.33
1725,M098,Mineral Wells,Home and lifestyle,$39,2.0,22/03/25,14:52:00,Ewallet,6.0,0.18
1726,M079,La Porte,Fashion accessories,$82,1.0,22/03/25,17:06:00,Ewallet,8.0,0.33
1727,M059,Pflugerville,Home and lifestyle,$61,3.0,30/12/25,21:45:00,Ewallet,8.0,0.33
1728,M022,Mesquite,Fashion accessories,$28,3.0,04/07/25,18:34:00,Ewallet,9.0,0.48
1729,M022,Mesquite,Home and lifestyle,$61,1.0,11/02/25,16:54:00,Ewallet,4.0,0.48
1730,M006,El Paso,Fashion accessories,$84,1.0,21/04/25,21:52:00,Ewallet,9.0,0.48
1731,M017,McKinney,Home and lifestyle,$58,1.0,20/12/25,13:57:00,Ewallet,8.0,0.48
1732,M015,Grand Prairie,Fashion accessories,$41,1.0,01/04/25,11:04:00,Ewallet,4.0,0.48
1733,M053,Conroe,Home and lifestyle,$20,1.0,15/10/25,21:37:00,Ewallet,5.0,0.57
1734,M033,Pearland,Fashion accessories,$31,1.0,08/06/25,20:37:00,Ewallet,4.0,0.48
1735,M045,Missouri City,Home and lifestyle,$85,2.0,03/10/25,8:19:00,Credit card,8.0,0.48
1736,M002,Dallas,Fashion accessories,$54,1.0,14/10/25,7:43:00,Ewallet,5.0,0.36
1737,M071,Lufkin,Home and lifestyle,$20,3.0,23/05/25,15:22:00,Ewallet,4.0,0.33
1738,M077,Coppell,Fashion accessories,$43,3.0,27/11/25,6:05:00,Ewallet,6.0,0.33
1739,M071,Lufkin,Home and lifestyle,$54,1.0,10/10/25,22:03:00,Ewallet,7.0,0.33
1740,M093,Angleton,Fashion accessories,$51,3.0,09/10/25,18:02:00,Ewallet,7.0,0.33
1741,M005,Fort Worth,Home and lifestyle,$45,3.0,11/08/25,9:06:00,Ewallet,9.0,0.48
1742,M019,Pasadena,Fashion accessories,$40,1.0,19/01/25,12:07:00,Ewallet,6.0,0.48
1743,M083,Farmers Branch,Home and lifestyle,$29,2.0,05/01/25,16:14:00,Ewallet,8.0,0.33
1744,M092,Lake Jackson,Fashion accessories,$63,2.0,09/12/25,14:20:00,Ewallet,7.0,0.33
1745,M015,Grand Prairie,Home and lifestyle,$41,1.0,10/08/25,13:54:00,Ewallet,9.0,0.48
1746,M005,Fort Worth,Fashion accessories,$67,2.0,09/02/25,21:00:00,Ewallet,8.0,0.48
1747,M033,Pearland,Home and lifestyle,$74,3.0,16/08/25,18:53:00,Ewallet,5.0,0.48
1748,M026,Denton,Fashion accessories,$52,2.0,03/05/25,8:59:00,Ewallet,9.0,0.48
1749,M076,Huntsville,Home and lifestyle,$57,1.0,17/09/25,14:27:00,Ewallet,9.0,0.33
1750,M052,Mansfield,Fashion accessories,$30,3.0,27/07/25,13:12:00,Ewallet,9.0,0.57
1751,M096,Eagle Pass,Home and lifestyle,$74,3.0,05/11/25,19:28:00,Ewallet,4.0,0.33
1752,M080,Nacogdoches,Fashion accessories,$76,1.0,08/08/25,6:21:00,Ewallet,9.0,0.33
1753,M052,Mansfield,Home and lifestyle,$47,3.0,06/10/25,6:54:00,Ewallet,8.0,0.57
1754,M071,Lufkin,Fashion accessories,$26,3.0,27/02/25,6:04:00,Ewallet,9.0,0.33
1755,M047,Flower Mound,Home and lifestyle,$25,1.0,22/05/25,8:37:00,Ewallet,9.0,0.48
1756,M040,Edinburg,Fashion accessories,$73,1.0,05/05/25,16:07:00,Ewallet,9.0,0.48
1757,M081,Friendswood,Home and lifestyle,$28,1.0,16/12/25,12:03:00,Ewallet,4.0,0.33
1758,M072,Lancaster,Fashion accessories,$59,1.0,16/02/25,9:16:00,Ewallet,8.0,0.33
1759,M026,Denton,Home and lifestyle,$68,2.0,18/01/25,11:38:00,Ewallet,8.0,0.48
1760,M093,Angleton,Fashion accessories,$35,3.0,13/04/25,7:30:00,Ewallet,4.0,0.33
1761,M077,Coppell,Home and lifestyle,$38,3.0,03/06/25,8:05:00,Ewallet,8.0,0.33
1762,M091,Little Elm,Fashion accessories,$25,2.0,23/11/25,11:26:00,Ewallet,6.0,0.33
1763,M008,Corpus Christi,Home and lifestyle,$47,2.0,12/07/25,14:18:00,Ewallet,4.0,0.48
1764,M092,Lake Jackson,Fashion accessories,$34,2.0,18/10/25,19:54:00,Ewallet,6.0,0.33
1765,M079,La Porte,Home and lifestyle,$70,2.0,14/04/25,10:23:00,Ewallet,4.0,0.33
1766,M085,Kerrville,Fashion accessories,$75,2.0,28/02/25,9:19:00,Ewallet,8.0,0.33
1767,M083,Farmers Branch,Home and lifestyle,$57,1.0,30/01/25,14:17:00,Ewallet,6.0,0.33
1768,M100,Canyon,Fashion accessories,$83,1.0,08/12/25,21:26:00,Ewallet,6.0,0.18
1769,M021,McAllen,Home and lifestyle,$21,1.0,04/03/25,13:31:00,Ewallet,4.0,0.48
1770,M016,Brownsville,Fashion accessories,$61,2.0,29/11/25,20:59:00,Ewallet,9.0,0.48
1771,M037,League City,Home and lifestyle,$38,2.0,02/02/25,13:11:00,Ewallet,7.0,0.48
1772,M053,Conroe,Fashion accessories,$72,2.0,29/01/25,8:40:00,Ewallet,8.0,0.57
1773,M039,Longview,Home and lifestyle,$67,3.0,14/06/25,17:10:00,Ewallet,7.0,0.48
1774,M068,Burleson,Fashion accessories,$77,3.0,06/12/25,7:07:00,Ewallet,7.0,0.33
1775,M044,Pharr,Home and lifestyle,$32,3.0,01/04/25,16:10:00,Ewallet,6.0,0.48
1776,M071,Lufkin,Fashion accessories,$84,3.0,24/02/25,13:58:00,Ewallet,8.0,0.33
1777,M004,Austin,Home and lifestyle,$73,3.0,30/07/25,21:22:00,Ewallet,7.0,0.48
1778,M083,Farmers Branch,Fashion accessories,$71,3.0,29/12/25,17:31:00,Ewallet,5.0,0.33
1779,M044,Pharr,Home and lifestyle,$42,1.0,02/04/25,13:13:00,Ewallet,6.0,0.48
1780,M042,Bryan,Fashion accessories,$55,2.0,26/08/25,9:16:00,Ewallet,9.0,0.48
1781,M016,Brownsville,Home and lifestyle,$68,1.0,10/12/25,18:50:00,Ewallet,7.0,0.48
1782,M059,Pflugerville,Fashion accessories,$40,2.0,03/10/25,20:08:00,Ewallet,6.0,0.33
1783,M047,Flower Mound,Home and lifestyle,$72,3.0,31/10/25,21:50:00,Ewallet,6.0,0.48
1784,M036,Allen,Fashion accessories,$53,1.0,30/11/25,9:30:00,Ewallet,7.0,0.48
1785,M044,Pharr,Home and lifestyle,$16,3.0,23/05/25,6:16:00,Ewallet,5.0,0.48
1786,M096,Eagle Pass,Fashion accessories,$29,1.0,27/01/25,14:50:00,Ewallet,6.0,0.18
1787,M090,Brownwood,Home and lifestyle,$24,1.0,14/03/25,17:14:00,Ewallet,7.0,0.33
1788,M097,Alice,Fashion accessories,$43,1.0,30/10/25,12:15:00,Ewallet,8.0,0.18
1789,M008,Corpus Christi,Home and lifestyle,$75,3.0,25/03/25,7:45:00,Ewallet,8.0,0.48
1790,M024,Carrollton,Fashion accessories,$59,2.0,25/05/25,22:58:00,Ewallet,8.0,0.48
1791,M010,Laredo,Home and lifestyle,$28,1.0,25/11/25,18:20:00,Ewallet,8.0,0.48
1792,M009,Plano,Fashion accessories,$16,1.0,23/01/25,18:19:00,Ewallet,9.0,0.48
1793,M085,Kerrville,Home and lifestyle,$19,1.0,04/06/25,20:16:00,Ewallet,5.0,0.33
1794,M024,Carrollton,Fashion accessories,$75,2.0,11/07/25,8:01:00,Ewallet,6.0,0.48
1795,M079,La Porte,Home and lifestyle,$27,3.0,26/08/25,11:24:00,Ewallet,7.0,0.33
1796,M096,Eagle Pass,Fashion accessories,$75,3.0,06/05/25,14:27:00,Ewallet,6.0,0.18
1797,M091,Little Elm,Home and lifestyle,$24,2.0,27/08/25,18:13:00,Ewallet,7.0,0.33
1798,M011,Lubbock,Fashion accessories,$33,3.0,24/07/25,10:27:00,Ewallet,7.0,0.48
1799,M027,Abilene,Home and lifestyle,$74,1.0,27/09/25,12:39:00,Ewallet,6.0,0.48
1800,M036,Allen,Fashion accessories,$77,2.0,17/06/25,6:08:00,Ewallet,6.0,0.48
1801,M047,Flower Mound,Home and lifestyle,$61,2.0,29/08/25,11:29:00,Ewallet,6.0,0.48
1802,M030,Richardson,Fashion accessories,$28,3.0,18/01/25,10:03:00,Ewallet,8.0,0.48
1803,M006,El Paso,Home and lifestyle,$45,3.0,21/12/25,9:43:00,Ewallet,6.0,0.48
1804,M042,Bryan,Fashion accessories,$40,1.0,19/03/25,16:51:00,Ewallet,7.0,0.48
1805,M077,Coppell,Home and lifestyle,$16,1.0,27/12/25,19:49:00,Ewallet,5.0,0.33
1806,M043,Baytown,Fashion accessories,$44,2.0,12/08/25,12:26:00,Ewallet,7.0,0.48
1807,M062,Galveston,Home and lifestyle,$49,1.0,14/03/25,10:44:00,Ewallet,9.0,0.33
1808,M024,Carrollton,Fashion accessories,$74,3.0,22/06/25,7:04:00,Ewallet,8.0,0.48
1809,M008,Corpus Christi,Home and lifestyle,$23,1.0,05/12/25,17:04:00,Ewallet,5.0,0.48
1810,M076,Huntsville,Fashion accessories,$46,3.0,12/11/25,19:23:00,Ewallet,7.0,0.33
1811,M041,Mission,Home and lifestyle,$47,3.0,09/05/25,18:54:00,Ewallet,7.0,0.48
1812,M081,Friendswood,Fashion accessories,$58,1.0,02/07/25,19:15:00,Ewallet,5.0,0.33
1813,M044,Pharr,Home and lifestyle,$77,1.0,01/06/25,8:04:00,Ewallet,8.0,0.48
1814,M047,Flower Mound,Fashion accessories,$26,2.0,19/09/25,20:21:00,Ewallet,5.0,0.48
1815,M036,Allen,Home and lifestyle,$24,1.0,09/10/25,6:11:00,Ewallet,8.0,0.48
1816,M097,Alice,Fashion accessories,$46,2.0,20/04/25,7:10:00,Ewallet,6.0,0.18
1817,M076,Huntsville,Home and lifestyle,$15,3.0,04/11/25,15:12:00,Ewallet,9.0,0.33
1818,M070,Hurst,Fashion accessories,$27,1.0,01/06/25,10:14:00,Ewallet,4.0,0.33
1819,M031,Lewisville,Home and lifestyle,$68,2.0,20/12/25,9:25:00,Ewallet,6.0,0.48
1820,M009,Plano,Fashion accessories,$64,2.0,16/03/25,13:36:00,Ewallet,5.0,0.48
1821,M091,Little Elm,Home and lifestyle,$40,3.0,10/03/25,8:54:00,Ewallet,7.0,0.33
1822,M048,Harlingen,Fashion accessories,$15,3.0,20/04/25,16:05:00,Ewallet,4.0,0.48
1823,M042,Bryan,Home and lifestyle,$73,3.0,08/02/25,17:16:00,Ewallet,5.0,0.48
1824,M097,Alice,Fashion accessories,$45,2.0,25/05/25,19:00:00,Ewallet,8.0,0.18
1825,M005,Fort Worth,Home and lifestyle,$44,3.0,26/02/25,18:32:00,Ewallet,9.0,0.48
1826,M016,Brownsville,Fashion accessories,$56,2.0,28/07/25,16:20:00,Ewallet,8.0,0.48
1827,M026,Denton,Home and lifestyle,$17,1.0,11/01/25,6:59:00,Ewallet,5.0,0.48
1828,M002,Dallas,Fashion accessories,$38,3.0,25/06/25,18:43:00,Ewallet,7.0,0.36
1829,M063,Georgetown,Home and lifestyle,$73,3.0,25/12/25,7:31:00,Ewallet,7.0,0.33
1830,M001,Houston,Fashion accessories,$30,1.0,27/01/25,19:13:00,Ewallet,5.0,0.36
1831,M008,Corpus Christi,Home and lifestyle,$76,1.0,20/01/25,15:44:00,Ewallet,4.0,0.48
1832,M053,Conroe,Fashion accessories,$75,2.0,17/11/25,20:39:00,Ewallet,9.0,0.57
1833,M076,Huntsville,Home and lifestyle,$42,1.0,04/03/25,7:03:00,Ewallet,5.0,0.33
1834,M027,Abilene,Fashion accessories,$81,3.0,17/01/25,9:32:00,Ewallet,8.0,0.48
1835,M034,College Station,Home and lifestyle,$39,3.0,27/01/25,8:56:00,Ewallet,9.0,0.48
1836,M072,Lancaster,Fashion accessories,$70,2.0,19/09/25,8:48:00,Ewallet,8.0,0.33
1837,M083,Farmers Branch,Home and lifestyle,$33,2.0,29/08/25,13:30:00,Ewallet,9.0,0.33
1838,M016,Brownsville,Fashion accessories,$46,1.0,21/05/25,20:26:00,Ewallet,7.0,0.48
1839,M019,Pasadena,Home and lifestyle,$28,2.0,07/09/25,16:06:00,Ewallet,7.0,0.48
1840,M080,Nacogdoches,Fashion accessories,$80,2.0,22/02/25,22:13:00,Ewallet,8.0,0.33
1841,M015,Grand Prairie,Home and lifestyle,$24,2.0,28/07/25,11:58:00,Ewallet,6.0,0.48
1842,M058,Port Arthur,Fashion accessories,$59,3.0,04/04/25,6:34:00,Ewallet,9.0,0.33
1843,M066,Grapevine,Home and lifestyle,$72,2.0,13/07/25,13:09:00,Ewallet,4.0,0.33
1844,M081,Friendswood,Fashion accessories,$36,2.0,26/07/25,16:36:00,Ewallet,7.0,0.33
1845,M028,Odessa,Home and lifestyle,$62,2.0,06/03/25,13:31:00,Ewallet,9.0,0.48
1846,M090,Brownwood,Fashion accessories,$79,1.0,29/09/25,9:44:00,Ewallet,8.0,0.33
1847,M036,Allen,Home and lifestyle,$61,1.0,24/01/25,9:08:00,Ewallet,4.0,0.48
1848,M031,Lewisville,Fashion accessories,$75,3.0,04/08/25,16:28:00,Ewallet,6.0,0.48
1849,M034,College Station,Home and lifestyle,$33,1.0,12/11/25,22:55:00,Ewallet,6.0,0.48
1850,M043,Baytown,Fashion accessories,$67,2.0,13/01/25,6:45:00,Ewallet,6.0,0.48
1851,M019,Pasadena,Home and lifestyle,$72,3.0,20/08/25,8:49:00,Ewallet,4.0,0.48
1852,M080,Nacogdoches,Fashion accessories,$75,1.0,14/11/25,8:15:00,Ewallet,7.0,0.33
1853,M043,Baytown,Home and lifestyle,$22,2.0,23/09/25,20:10:00,Ewallet,6.0,0.48
1854,M051,New Braunfels,Fashion accessories,$30,2.0,01/02/25,15:12:00,Ewallet,9.0,0.48
1855,M015,Grand Prairie,Home and lifestyle,$63,1.0,10/07/25,22:14:00,Ewallet,8.0,0.48
1856,M064,Bedford,Fashion accessories,$35,1.0,02/07/25,18:03:00,Ewallet,6.0,0.33
1857,M042,Bryan,Home and lifestyle,$38,2.0,19/10/25,19:37:00,Ewallet,6.0,0.48
1858,M010,Laredo,Fashion accessories,$17,2.0,27/09/25,17:46:00,Ewallet,6.0,0.48
1859,M081,Friendswood,Home and lifestyle,$57,1.0,12/11/25,19:04:00,Ewallet,6.0,0.33
1860,M061,Cedar Park,Fashion accessories,$18,2.0,27/04/25,17:58:00,Ewallet,5.0,0.33
1861,M052,Mansfield,Home and lifestyle,$57,1.0,26/09/25,7:55:00,Ewallet,6.0,0.57
1862,M098,Mineral Wells,Fashion accessories,$18,2.0,12/09/25,19:24:00,Ewallet,6.0,0.18
1863,M001,Houston,Home and lifestyle,$68,1.0,10/06/25,19:09:00,Ewallet,9.0,0.36
1864,M024,Carrollton,Fashion accessories,$80,1.0,24/09/25,17:47:00,Ewallet,8.0,0.48
1865,M045,Missouri City,Home and lifestyle,$72,3.0,05/04/25,13:24:00,Credit card,9.0,0.48
1866,M057,Euless,Fashion accessories,$63,3.0,21/05/25,10:05:00,Ewallet,4.0,0.33
1867,M092,Lake Jackson,Home and lifestyle,$37,2.0,13/02/25,9:01:00,Ewallet,4.0,0.33
1868,M064,Bedford,Fashion accessories,$23,2.0,12/05/25,12:08:00,Ewallet,8.0,0.33
1869,M041,Mission,Home and lifestyle,$31,3.0,28/05/25,10:40:00,Ewallet,4.0,0.48
1870,M048,Harlingen,Fashion accessories,$78,2.0,04/05/25,11:26:00,Ewallet,8.0,0.48
1871,M026,Denton,Home and lifestyle,$63,2.0,21/06/25,21:18:00,Ewallet,5.0,0.48
1872,M067,Haltom City,Fashion accessories,$40,2.0,10/05/25,9:26:00,Ewallet,7.0,0.33
1873,M013,Irving,Home and lifestyle,$17,3.0,15/02/25,9:05:00,Ewallet,9.0,0.48
1874,M004,Austin,Fashion accessories,$70,1.0,11/04/25,20:02:00,Ewallet,8.0,0.48
1875,M100,Canyon,Home and lifestyle,$43,3.0,19/10/25,8:11:00,Ewallet,9.0,0.18
1876,M005,Fort Worth,Fashion accessories,$37,3.0,26/08/25,19:21:00,Ewallet,7.0,0.48
1877,M020,Killeen,Home and lifestyle,$43,1.0,16/12/25,10:50:00,Ewallet,4.0,0.48
1878,M030,Richardson,Fashion accessories,$52,2.0,18/12/25,19:34:00,Ewallet,8.0,0.48
1879,M042,Bryan,Home and lifestyle,$78,2.0,16/11/25,13:57:00,Ewallet,6.0,0.48
1880,M090,Brownwood,Fashion accessories,$32,2.0,14/07/25,6:32:00,Ewallet,6.0,0.33
1881,M002,Dallas,Home and lifestyle,$27,3.0,06/11/25,14:37:00,Ewallet,6.0,0.36
1882,M027,Abilene,Fashion accessories,$26,2.0,07/05/25,14:02:00,Ewallet,5.0,0.48
1883,M028,Odessa,Home and lifestyle,$54,2.0,18/03/25,21:01:00,Ewallet,9.0,0.48
1884,M043,Baytown,Fashion accessories,$84,2.0,07/02/25,18:13:00,Ewallet,5.0,0.48
1885,M022,Mesquite,Home and lifestyle,$31,3.0,01/09/25,17:22:00,Ewallet,5.0,0.48
1886,M096,Eagle Pass,Fashion accessories,$31,3.0,17/09/25,11:16:00,Ewallet,8.0,0.18
1887,M040,Edinburg,Home and lifestyle,$80,3.0,16/09/25,11:19:00,Ewallet,5.0,0.48
1888,M097,Alice,Fashion accessories,$33,2.0,18/09/25,22:10:00,Ewallet,9.0,0.18
1889,M040,Edinburg,Home and lifestyle,$21,2.0,17/08/25,15:38:00,Ewallet,8.0,0.48
1890,M018,Frisco,Fashion accessories,$45,3.0,28/03/25,9:25:00,Ewallet,4.0,0.48
1891,M097,Alice,Home and lifestyle,$60,1.0,20/04/25,20:19:00,Ewallet,6.0,0.18
1892,M022,Mesquite,Fashion accessories,$24,1.0,28/12/25,7:05:00,Ewallet,6.0,0.48
1893,M024,Carrollton,Home and lifestyle,,,09/06/25,16:09:00,Ewallet,9.0,0.48
1894,M009,Plano,Fashion accessories,,,02/08/25,22:11:00,Ewallet,4.0,0.48
1895,M010,Laredo,Home and lifestyle,,,01/08/25,12:06:00,Ewallet,4.0,0.48
1896,M069,Rockwall,Fashion accessories,,,21/07/25,15:49:00,Ewallet,4.0,0.33
1897,M093,Angleton,Home and lifestyle,,,15/05/25,12:36:00,Ewallet,9.0,0.33
1898,M098,Mineral Wells,Fashion accessories,,,01/11/25,10:08:00,Ewallet,4.0,0.18
1899,M009,Plano,Home and lifestyle,,,01/10/25,13:05:00,Ewallet,6.0,0.48
1900,M071,Lufkin,Fashion accessories,,,19/05/25,8:36:00,Ewallet,7.0,0.33
1901,M090,Brownwood,Home and lifestyle,,,13/02/25,14:50:00,Ewallet,8.0,0.33
1902,M067,Haltom City,Fashion accessories,,,15/05/25,19:20:00,Ewallet,8.0,0.33
1903,M033,Pearland,Home and lifestyle,,,28/08/25,15:37:00,Ewallet,4.0,0.48
1904,M018,Frisco,Fashion accessories,,,21/04/25,18:30:00,Ewallet,4.0,0.48
1905,M076,Huntsville,Home and lifestyle,,,02/03/25,14:33:00,Ewallet,4.0,0.33
1906,M010,Laredo,Fashion accessories,,,20/08/25,14:25:00,Ewallet,5.0,0.48
1907,M030,Richardson,Home and lifestyle,,,14/12/25,18:12:00,Ewallet,8.0,0.48
1908,M001,Houston,Fashion accessories,,,09/08/25,12:46:00,Ewallet,9.0,0.36
1909,M096,Eagle Pass,Home and lifestyle,,,23/11/25,18:26:00,Ewallet,9.0,0.33
1910,M085,Kerrville,Fashion accessories,,,24/08/25,11:53:00,Ewallet,4.0,0.33
1911,M040,Edinburg,Home and lifestyle,,,27/07/25,21:38:00,Ewallet,9.0,0.48
1912,M080,Nacogdoches,Fashion accessories,,,15/10/25,8:01:00,Ewallet,7.0,0.33
1913,M068,Burleson,Home and lifestyle,,,31/07/25,9:20:00,Ewallet,6.0,0.33
1914,M048,Harlingen,Fashion accessories,,,28/02/25,18:47:00,Ewallet,7.0,0.48
1915,M018,Frisco,Home and lifestyle,,,19/04/25,16:12:00,Ewallet,7.0,0.48
1916,M015,Grand Prairie,Fashion accessories,,,11/08/25,21:28:00,Ewallet,5.0,0.48
1917,M041,Mission,Home and lifestyle,,,25/06/25,13:15:00,Ewallet,6.0,0.48
1918,M045,Missouri City,Fashion accessories,,,11/01/25,10:27:00,Credit card,5.0,0.48
1919,M011,Lubbock,Home and lifestyle,,,01/08/25,14:40:00,Ewallet,8.0,0.48
1920,M052,Mansfield,Fashion accessories,,,09/04/25,12:04:00,Ewallet,5.0,0.57
1921,M022,Mesquite,Home and lifestyle,,,21/03/25,18:16:00,Ewallet,6.0,0.48
1922,M024,Carrollton,Fashion accessories,,,16/03/25,15:39:00,Ewallet,8.0,0.48
1923,M070,Hurst,Home and lifestyle,,,30/10/25,18:39:00,Ewallet,5.0,0.33
1924,M077,Coppell,Fashion accessories,$72,3.0,29/08/25,16:13:00,Ewallet,8.0,0.33
1925,M037,League City,Home and lifestyle,$71,2.0,14/03/25,8:00:00,Ewallet,9.0,0.48
1926,M081,Friendswood,Fashion accessories,$69,3.0,27/03/25,14:56:00,Ewallet,8.0,0.33
1927,M028,Odessa,Home and lifestyle,$49,3.0,13/10/25,6:07:00,Ewallet,4.0,0.48
1928,M033,Pearland,Fashion accessories,$25,1.0,26/10/25,6:49:00,Ewallet,9.0,0.48
1929,M039,Longview,Home and lifestyle,$41,1.0,03/03/25,9:07:00,Ewallet,4.0,0.48
1930,M033,Pearland,Fashion accessories,$68,3.0,19/09/25,9:19:00,Ewallet,5.0,0.48
1931,M088,Cleburne,Home and lifestyle,$39,1.0,15/02/25,21:04:00,Ewallet,6.0,0.33
1932,M020,Killeen,Fashion accessories,$63,3.0,29/11/25,16:09:00,Ewallet,6.0,0.48
1933,M085,Kerrville,Home and lifestyle,$75,1.0,28/05/25,20:11:00,Ewallet,6.0,0.33
1934,M005,Fort Worth,Fashion accessories,$57,3.0,09/08/25,12:03:00,Ewallet,8.0,0.48
1935,M004,Austin,Home and lifestyle,$62,2.0,26/10/25,7:52:00,Ewallet,5.0,0.48
1936,M072,Lancaster,Fashion accessories,$19,2.0,12/01/25,10:38:00,Ewallet,6.0,0.33
1937,M020,Killeen,Home and lifestyle,$63,3.0,30/07/25,18:46:00,Ewallet,8.0,0.48
1938,M063,Georgetown,Fashion accessories,$36,3.0,25/02/25,6:51:00,Ewallet,5.0,0.33
1939,M024,Carrollton,Home and lifestyle,$55,3.0,18/09/25,7:30:00,Ewallet,7.0,0.48
1940,M009,Plano,Fashion accessories,$48,3.0,20/08/25,16:04:00,Ewallet,8.0,0.48
1941,M078,Del Rio,Home and lifestyle,$74,3.0,18/03/25,17:32:00,Ewallet,5.0,0.33
1942,M005,Fort Worth,Fashion accessories,$45,1.0,20/07/25,19:40:00,Ewallet,6.0,0.48
1943,M030,Richardson,Home and lifestyle,$72,1.0,25/01/25,21:14:00,Ewallet,7.0,0.48
1944,M012,Garland,Fashion accessories,$65,3.0,09/07/25,21:01:00,Ewallet,6.0,0.48
1945,M057,Euless,Home and lifestyle,$34,1.0,30/07/25,8:25:00,Ewallet,6.0,0.33
1946,M036,Allen,Fashion accessories,$40,2.0,04/12/25,23:00:00,Ewallet,8.0,0.48
1947,M033,Pearland,Home and lifestyle,$24,1.0,07/04/25,7:10:00,Ewallet,7.0,0.48
1948,M062,Galveston,Fashion accessories,$68,2.0,20/09/25,9:54:00,Ewallet,8.0,0.33
1949,M013,Irving,Home and lifestyle,$22,1.0,28/12/25,7:30:00,Ewallet,6.0,0.48
1950,M012,Garland,Fashion accessories,$40,2.0,12/10/25,19:03:00,Ewallet,4.0,0.48
1951,M006,El Paso,Home and lifestyle,$44,3.0,24/03/25,17:40:00,Ewallet,4.0,0.48
1952,M001,Houston,Fashion accessories,$38,3.0,06/05/25,13:23:00,Ewallet,4.0,0.36
1953,M083,Farmers Branch,Home and lifestyle,$78,1.0,30/07/25,13:18:00,Ewallet,7.0,0.33
1954,M015,Grand Prairie,Fashion accessories,$75,2.0,23/05/25,7:06:00,Ewallet,7.0,0.48
1955,M010,Laredo,Home and lifestyle,$55,1.0,24/09/25,19:01:00,Ewallet,6.0,0.48
1956,M069,Rockwall,Fashion accessories,$42,2.0,02/01/25,15:05:00,Ewallet,6.0,0.33
1957,M063,Georgetown,Home and lifestyle,$22,3.0,20/07/25,10:36:00,Ewallet,9.0,0.33
1958,M045,Missouri City,Fashion accessories,$35,3.0,20/04/25,11:57:00,Credit card,4.0,0.48
1959,M002,Dallas,Home and lifestyle,$58,2.0,17/08/25,16:12:00,Ewallet,9.0,0.36
1960,M053,Conroe,Fashion accessories,$66,3.0,29/08/25,12:29:00,Ewallet,6.0,0.57
1961,M017,McKinney,Home and lifestyle,$66,3.0,05/11/25,20:46:00,Ewallet,6.0,0.48
1962,M008,Corpus Christi,Fashion accessories,$43,1.0,11/12/25,10:50:00,Ewallet,8.0,0.48
1963,M026,Denton,Home and lifestyle,$53,2.0,14/08/25,6:47:00,Ewallet,9.0,0.48
1964,M080,Nacogdoches,Fashion accessories,$47,3.0,18/09/25,22:33:00,Ewallet,5.0,0.33
1965,M012,Garland,Home and lifestyle,$78,1.0,18/12/25,6:45:00,Ewallet,7.0,0.48
1966,M043,Baytown,Fashion accessories,$34,2.0,23/05/25,12:21:00,Ewallet,6.0,0.48
1967,M002,Dallas,Home and lifestyle,$45,3.0,05/08/25,20:25:00,Ewallet,9.0,0.36
1968,M063,Georgetown,Fashion accessories,$41,1.0,25/10/25,6:26:00,Ewallet,4.0,0.33
1969,M042,Bryan,Home and lifestyle,$58,1.0,23/02/25,12:28:00,Ewallet,6.0,0.48
1970,M052,Mansfield,Fashion accessories,$75,3.0,25/07/25,9:12:00,Ewallet,5.0,0.57
1971,M096,Eagle Pass,Home and lifestyle,$66,1.0,06/10/25,19:30:00,Ewallet,7.0,0.33
1972,M069,Rockwall,Fashion accessories,$62,3.0,15/06/25,19:15:00,Ewallet,4.0,0.33
1973,M066,Grapevine,Home and lifestyle,$80,1.0,24/10/25,7:27:00,Ewallet,6.0,0.33
1974,M043,Baytown,Fashion accessories,$58,1.0,26/05/25,9:50:00,Ewallet,7.0,0.48
1975,M027,Abilene,Home and lifestyle,$52,3.0,01/12/25,21:41:00,Ewallet,6.0,0.48
1976,M080,Nacogdoches,Fashion accessories,$44,2.0,30/11/25,18:29:00,Ewallet,8.0,0.33
1977,M078,Del Rio,Home and lifestyle,$70,1.0,25/12/25,14:54:00,Ewallet,4.0,0.33
1978,M018,Frisco,Fashion accessories,$31,2.0,30/04/25,22:17:00,Ewallet,7.0,0.48
1979,M060,DeSoto,Home and lifestyle,$46,2.0,08/02/25,12:25:00,Ewallet,5.0,0.33
1980,M077,Coppell,Fashion accessories,$15,3.0,15/09/25,9:50:00,Ewallet,6.0,0.33
1981,M005,Fort Worth,Home and lifestyle,$50,1.0,04/03/25,17:18:00,Ewallet,7.0,0.48
1982,M026,Denton,Fashion accessories,$52,3.0,02/05/25,19:45:00,Ewallet,8.0,0.48
1983,M016,Brownsville,Home and lifestyle,$26,2.0,13/10/25,16:43:00,Ewallet,4.0,0.48
1984,M067,Haltom City,Fashion accessories,$80,1.0,01/12/25,10:09:00,Ewallet,8.0,0.33
1985,M049,North Richland Hills,Home and lifestyle,$58,1.0,10/05/25,14:47:00,Ewallet,4.0,0.48
1986,M088,Cleburne,Fashion accessories,$83,3.0,18/05/25,8:38:00,Ewallet,6.0,0.33
1987,M098,Mineral Wells,Home and lifestyle,$52,1.0,29/10/25,20:15:00,Ewallet,8.0,0.18
1988,M016,Brownsville,Fashion accessories,$64,1.0,25/08/25,13:05:00,Ewallet,7.0,0.48
1989,M088,Cleburne,Home and lifestyle,$55,1.0,26/05/25,14:54:00,Ewallet,8.0,0.33
1990,M033,Pearland,Fashion accessories,$29,2.0,28/02/25,9:22:00,Ewallet,9.0,0.48
1991,M036,Allen,Home and lifestyle,$66,3.0,30/06/25,19:17:00,Ewallet,8.0,0.48
1992,M067,Haltom City,Fashion accessories,$20,2.0,03/08/25,20:38:00,Ewallet,7.0,0.33
1993,M015,Grand Prairie,Home and lifestyle,$41,3.0,03/04/25,14:03:00,Ewallet,7.0,0.48
1994,M044,Pharr,Fashion accessories,$19,1.0,10/01/25,6:19:00,Ewallet,6.0,0.48
1995,M004,Austin,Home and lifestyle,$52,2.0,20/06/25,7:34:00,Ewallet,9.0,0.48
1996,M037,League City,Fashion accessories,$38,3.0,24/01/25,7:33:00,Ewallet,5.0,0.48
1997,M070,Hurst,Home and lifestyle,$65,3.0,17/04/25,8:09:00,Ewallet,8.0,0.33
1998,M016,Brownsville,Fashion accessories,$36,1.0,14/08/25,16:02:00,Ewallet,7.0,0.48
1999,M002,Dallas,Home and lifestyle,$82,3.0,17/12/25,9:24:00,Ewallet,4.0,0.36
2000,M004,Austin,Fashion accessories,$75,1.0,07/08/25,12:03:00,Ewallet,9.0,0.48
2001,M011,Lubbock,Home and lifestyle,$41,1.0,16/03/25,16:06:00,Ewallet,7.0,0.48
2002,M095,Big Spring,Fashion accessories,$31,2.0,23/12/25,6:47:00,Ewallet,8.0,0.33
2003,M066,Grapevine,Home and lifestyle,$62,3.0,24/07/25,22:29:00,Ewallet,6.0,0.33
2004,M005,Fort Worth,Fashion accessories,$26,2.0,02/11/25,14:51:00,Ewallet,5.0,0.48
2005,M053,Conroe,Home and lifestyle,$39,1.0,24/10/25,18:21:00,Ewallet,7.0,0.57
2006,M094,Alamo,Fashion accessories,$44,3.0,03/03/25,8:50:00,Ewallet,8.0,0.33
2007,M034,College Station,Home and lifestyle,$61,1.0,08/07/25,10:27:00,Ewallet,9.0,0.48
2008,M093,Angleton,Fashion accessories,$37,1.0,20/02/25,7:35:00,Ewallet,7.0,0.33
2009,M008,Corpus Christi,Home and lifestyle,$65,2.0,24/01/25,21:45:00,Ewallet,7.0,0.48
2010,M011,Lubbock,Fashion accessories,$17,2.0,21/10/25,15:23:00,Ewallet,8.0,0.48
2011,M053,Conroe,Home and lifestyle,$71,2.0,03/01/25,21:53:00,Ewallet,6.0,0.57
2012,M088,Cleburne,Fashion accessories,$84,2.0,04/10/25,21:21:00,Ewallet,6.0,0.33
2013,M024,Carrollton,Home and lifestyle,$80,3.0,16/09/25,19:10:00,Ewallet,7.0,0.48
2014,M041,Mission,Fashion accessories,$58,1.0,01/02/25,6:47:00,Ewallet,9.0,0.48
2015,M006,El Paso,Home and lifestyle,$30,2.0,02/04/25,17:20:00,Ewallet,7.0,0.48
2016,M036,Allen,Fashion accessories,$58,3.0,03/12/25,18:24:00,Ewallet,4.0,0.48
2017,M030,Richardson,Home and lifestyle,$19,3.0,01/03/25,17:52:00,Ewallet,7.0,0.48
2018,M090,Brownwood,Fashion accessories,$66,2.0,08/09/25,20:18:00,Ewallet,9.0,0.33
2019,M031,Lewisville,Home and lifestyle,$41,1.0,06/07/25,11:42:00,Ewallet,7.0,0.48
2020,M018,Frisco,Fashion accessories,$18,2.0,24/01/25,22:01:00,Ewallet,4.0,0.48
2021,M043,Baytown,Home and lifestyle,$46,3.0,20/01/25,22:16:00,Ewallet,7.0,0.48
2022,M079,La Porte,Fashion accessories,$64,1.0,27/11/25,16:43:00,Ewallet,9.0,0.33
2023,M064,Bedford,Home and lifestyle,$34,2.0,05/08/25,7:46:00,Ewallet,9.0,0.33
2024,M040,Edinburg,Fashion accessories,$77,3.0,16/05/25,20:30:00,Ewallet,9.0,0.48
2025,M011,Lubbock,Home and lifestyle,$17,2.0,22/05/25,9:08:00,Ewallet,8.0,0.48
2026,M098,Mineral Wells,Fashion accessories,$49,2.0,17/04/25,16:51:00,Ewallet,6.0,0.18
2027,M097,Alice,Home and lifestyle,$85,2.0,24/04/25,16:30:00,Ewallet,4.0,0.18
2028,M071,Lufkin,Fashion accessories,$36,3.0,09/07/25,11:20:00,Ewallet,6.0,0.33
2029,M063,Georgetown,Home and lifestyle,$84,2.0,10/08/25,15:26:00,Ewallet,5.0,0.33
2030,M014,Amarillo,Fashion accessories,$51,1.0,27/04/25,10:44:00,Ewallet,7.0,0.48
2031,M040,Edinburg,Home and lifestyle,$52,2.0,02/06/25,6:54:00,Ewallet,9.0,0.48
2032,M078,Del Rio,Fashion accessories,$48,2.0,15/04/25,13:34:00,Ewallet,9.0,0.33
2033,M100,Canyon,Home and lifestyle,$50,2.0,10/12/25,20:36:00,Ewallet,6.0,0.18
2034,M090,Brownwood,Fashion accessories,$51,1.0,05/01/25,21:08:00,Ewallet,4.0,0.33
2035,M007,Arlington,Home and lifestyle,$15,1.0,01/11/25,6:09:00,Ewallet,7.0,0.48
2036,M077,Coppell,Fashion accessories,$52,3.0,18/02/25,21:18:00,Ewallet,7.0,0.33
2037,M078,Del Rio,Home and lifestyle,$49,3.0,30/06/25,9:31:00,Ewallet,6.0,0.33
2038,M021,McAllen,Fashion accessories,$72,2.0,24/10/25,15:20:00,Ewallet,4.0,0.48
2039,M020,Killeen,Home and lifestyle,$82,2.0,31/08/25,16:56:00,Ewallet,7.0,0.48
2040,M063,Georgetown,Fashion accessories,$74,2.0,22/09/25,6:30:00,Ewallet,4.0,0.33
2041,M047,Flower Mound,Home and lifestyle,$25,2.0,22/05/25,13:59:00,Ewallet,6.0,0.48
2042,M036,Allen,Fashion accessories,$77,2.0,13/07/25,13:04:00,Ewallet,5.0,0.48
2043,M080,Nacogdoches,Home and lifestyle,$73,3.0,01/05/25,15:12:00,Ewallet,7.0,0.33
2044,M004,Austin,Fashion accessories,$85,1.0,11/07/25,13:08:00,Ewallet,6.0,0.48
2045,M014,Amarillo,Home and lifestyle,$79,3.0,24/12/25,7:34:00,Ewallet,9.0,0.48
2046,M072,Lancaster,Fashion accessories,$66,3.0,24/10/25,21:59:00,Ewallet,7.0,0.33
2047,M011,Lubbock,Home and lifestyle,$18,1.0,26/06/25,17:34:00,Ewallet,9.0,0.48
2048,M018,Frisco,Fashion accessories,$40,2.0,28/07/25,19:08:00,Ewallet,4.0,0.48
2049,M097,Alice,Home and lifestyle,$74,3.0,21/10/25,18:44:00,Ewallet,9.0,0.18
2050,M085,Kerrville,Fashion accessories,$58,1.0,22/01/25,13:58:00,Ewallet,7.0,0.33
2051,M093,Angleton,Home and lifestyle,$53,2.0,23/07/25,14:33:00,Ewallet,5.0,0.33
2052,M057,Euless,Fashion accessories,$15,3.0,03/09/25,9:28:00,Ewallet,7.0,0.33
2053,M090,Brownwood,Home and lifestyle,$42,3.0,04/08/25,16:10:00,Ewallet,7.0,0.33
2054,M064,Bedford,Fashion accessories,$46,1.0,04/03/25,7:29:00,Ewallet,8.0,0.33
2055,M033,Pearland,Home and lifestyle,$22,3.0,14/06/25,6:34:00,Ewallet,8.0,0.48
2056,M011,Lubbock,Fashion accessories,$38,2.0,25/10/25,12:17:00,Ewallet,7.0,0.48
2057,M026,Denton,Home and lifestyle,$59,2.0,19/06/25,7:00:00,Ewallet,4.0,0.48
2058,M079,La Porte,Fashion accessories,$83,3.0,01/12/25,13:02:00,Ewallet,9.0,0.33
2059,M009,Plano,Home and lifestyle,$19,3.0,27/11/25,13:50:00,Ewallet,8.0,0.48
2060,M081,Friendswood,Fashion accessories,$77,3.0,24/07/25,21:13:00,Ewallet,5.0,0.33
2061,M040,Edinburg,Home and lifestyle,$49,1.0,22/10/25,7:44:00,Ewallet,6.0,0.48
2062,M012,Garland,Fashion accessories,$47,2.0,25/02/25,14:36:00,Ewallet,8.0,0.48
2063,M068,Burleson,Home and lifestyle,$58,3.0,04/04/25,12:52:00,Ewallet,8.0,0.33
2064,M013,Irving,Fashion accessories,$28,1.0,17/08/25,15:52:00,Ewallet,7.0,0.48
2065,M014,Amarillo,Home and lifestyle,$28,3.0,15/04/25,11:26:00,Ewallet,9.0,0.48
2066,M049,North Richland Hills,Fashion accessories,$43,2.0,26/10/25,21:35:00,Ewallet,5.0,0.48
2067,M057,Euless,Home and lifestyle,$70,1.0,02/10/25,22:58:00,Ewallet,7.0,0.33
2068,M041,Mission,Fashion accessories,$48,3.0,06/02/25,14:29:00,Ewallet,8.0,0.48
2069,M037,League City,Home and lifestyle,$84,2.0,19/09/25,12:53:00,Ewallet,7.0,0.48
2070,M077,Coppell,Fashion accessories,$80,3.0,25/11/25,6:59:00,Ewallet,6.0,0.33
2071,M040,Edinburg,Home and lifestyle,$78,2.0,14/01/25,13:25:00,Ewallet,5.0,0.48
2072,M034,College Station,Fashion accessories,$25,2.0,15/07/25,19:52:00,Ewallet,8.0,0.48
2073,M072,Lancaster,Home and lifestyle,$30,3.0,18/01/25,16:37:00,Ewallet,8.0,0.33
2074,M062,Galveston,Fashion accessories,$62,2.0,19/09/25,15:02:00,Ewallet,8.0,0.33
2075,M010,Laredo,Home and lifestyle,$81,2.0,15/06/25,17:54:00,Ewallet,6.0,0.48
2076,M083,Farmers Branch,Fashion accessories,$42,2.0,15/11/25,15:58:00,Ewallet,9.0,0.33
2077,M002,Dallas,Home and lifestyle,$54,1.0,06/04/25,17:28:00,Ewallet,8.0,0.36
2078,M058,Port Arthur,Fashion accessories,$44,1.0,18/09/25,22:50:00,Ewallet,8.0,0.33
2079,M023,Midland,Home and lifestyle,$29,1.0,30/01/25,12:18:00,Ewallet,9.0,0.48
2080,M041,Mission,Fashion accessories,$82,2.0,17/06/25,18:29:00,Ewallet,4.0,0.48
2081,M090,Brownwood,Home and lifestyle,$33,2.0,07/12/25,19:29:00,Ewallet,6.0,0.33
2082,M076,Huntsville,Fashion accessories,$15,3.0,06/04/25,17:28:00,Ewallet,5.0,0.33
2083,M040,Edinburg,Home and lifestyle,$70,3.0,24/10/25,18:50:00,Ewallet,6.0,0.48
2084,M042,Bryan,Fashion accessories,$18,3.0,29/12/25,22:18:00,Ewallet,6.0,0.48
2085,M059,Pflugerville,Home and lifestyle,$33,1.0,23/08/25,14:06:00,Ewallet,5.0,0.33
2086,M030,Richardson,Fashion accessories,$25,2.0,03/06/25,15:47:00,Ewallet,6.0,0.48
2087,M071,Lufkin,Home and lifestyle,$78,1.0,23/06/25,14:29:00,Ewallet,7.0,0.33
2088,M069,Rockwall,Fashion accessories,$69,2.0,27/12/25,17:38:00,Ewallet,6.0,0.33
2089,M028,Odessa,Home and lifestyle,$64,1.0,26/12/25,11:59:00,Ewallet,7.0,0.48
2090,M015,Grand Prairie,Fashion accessories,$34,3.0,29/12/25,15:25:00,Ewallet,6.0,0.48
2091,M022,Mesquite,Home and lifestyle,$49,2.0,31/10/25,18:06:00,Ewallet,9.0,0.48
2092,M021,McAllen,Fashion accessories,$26,3.0,20/07/25,22:55:00,Ewallet,9.0,0.48
2093,M007,Arlington,Home and lifestyle,$65,3.0,10/05/25,22:40:00,Ewallet,5.0,0.48
2094,M040,Edinburg,Fashion accessories,$85,3.0,16/03/25,10:01:00,Ewallet,8.0,0.48
2095,M049,North Richland Hills,Home and lifestyle,$63,2.0,26/08/25,6:34:00,Ewallet,9.0,0.48
2096,M092,Lake Jackson,Fashion accessories,$81,3.0,06/06/25,15:53:00,Ewallet,9.0,0.33
2097,M039,Longview,Home and lifestyle,$81,1.0,12/08/25,20:12:00,Ewallet,6.0,0.48
2098,M067,Haltom City,Fashion accessories,$46,3.0,27/07/25,7:41:00,Ewallet,7.0,0.33
2099,M013,Irving,Home and lifestyle,$27,1.0,01/10/25,11:09:00,Ewallet,4.0,0.48
2100,M043,Baytown,Fashion accessories,$51,3.0,02/04/25,12:53:00,Ewallet,9.0,0.48
2101,M048,Harlingen,Home and lifestyle,$75,1.0,28/06/25,20:06:00,Ewallet,9.0,0.48
2102,M022,Mesquite,Fashion accessories,$77,3.0,12/10/25,8:22:00,Ewallet,7.0,0.48
2103,M061,Cedar Park,Home and lifestyle,$51,2.0,21/08/25,11:10:00,Ewallet,5.0,0.33
2104,M022,Mesquite,Fashion accessories,$60,2.0,09/11/25,17:47:00,Ewallet,8.0,0.48
2105,M078,Del Rio,Home and lifestyle,$80,2.0,06/06/25,19:49:00,Ewallet,4.0,0.33
2106,M018,Frisco,Fashion accessories,$79,1.0,02/07/25,15:28:00,Ewallet,9.0,0.48
2107,M063,Georgetown,Home and lifestyle,$42,1.0,10/02/25,12:06:00,Ewallet,7.0,0.33
2108,M081,Friendswood,Fashion accessories,$42,2.0,26/11/25,6:38:00,Ewallet,8.0,0.33
2109,M080,Nacogdoches,Home and lifestyle,$39,1.0,11/08/25,14:33:00,Ewallet,7.0,0.33
2110,M098,Mineral Wells,Fashion accessories,$50,3.0,08/03/25,19:46:00,Ewallet,9.0,0.18
2111,M037,League City,Home and lifestyle,$16,3.0,08/09/25,21:53:00,Ewallet,4.0,0.48
2112,M090,Brownwood,Fashion accessories,$27,1.0,06/12/25,18:24:00,Ewallet,8.0,0.33
2113,M077,Coppell,Home and lifestyle,$74,1.0,27/08/25,7:00:00,Ewallet,8.0,0.33
2114,M068,Burleson,Fashion accessories,$67,2.0,04/07/25,16:59:00,Ewallet,6.0,0.33
2115,M039,Longview,Home and lifestyle,$82,2.0,20/07/25,14:26:00,Ewallet,8.0,0.48
2116,M098,Mineral Wells,Fashion accessories,$32,3.0,02/05/25,13:53:00,Ewallet,8.0,0.18
2117,M020,Killeen,Home and lifestyle,$44,1.0,14/05/25,21:17:00,Ewallet,8.0,0.48
2118,M090,Brownwood,Fashion accessories,$25,3.0,15/11/25,16:35:00,Ewallet,4.0,0.33
2119,M030,Richardson,Home and lifestyle,$25,2.0,29/11/25,11:43:00,Ewallet,4.0,0.48
2120,M071,Lufkin,Fashion accessories,$80,1.0,02/08/25,17:36:00,Ewallet,4.0,0.33
2121,M002,Dallas,Home and lifestyle,$74,2.0,12/10/25,7:14:00,Ewallet,8.0,0.36
2122,M016,Brownsville,Fashion accessories,$48,1.0,23/07/25,17:24:00,Ewallet,5.0,0.48
2123,M062,Galveston,Home and lifestyle,$71,3.0,21/07/25,22:55:00,Ewallet,4.0,0.33
2124,M005,Fort Worth,Fashion accessories,$15,1.0,16/06/25,17:22:00,Ewallet,7.0,0.48
2125,M027,Abilene,Home and lifestyle,$35,1.0,09/01/25,18:46:00,Ewallet,6.0,0.48
2126,M085,Kerrville,Fashion accessories,$51,2.0,12/03/25,19:18:00,Ewallet,9.0,0.33
2127,M012,Garland,Home and lifestyle,$84,3.0,13/05/25,18:50:00,Ewallet,8.0,0.48
2128,M093,Angleton,Fashion accessories,$43,1.0,31/12/25,16:10:00,Ewallet,6.0,0.33
2129,M010,Laredo,Home and lifestyle,$72,3.0,11/02/25,17:35:00,Ewallet,5.0,0.48
2130,M091,Little Elm,Fashion accessories,$53,1.0,27/06/25,17:11:00,Ewallet,4.0,0.33
2131,M023,Midland,Home and lifestyle,$69,2.0,28/02/25,10:04:00,Ewallet,9.0,0.48
2132,M024,Carrollton,Fashion accessories,$15,1.0,13/09/25,7:45:00,Ewallet,4.0,0.48
2133,M024,Carrollton,Home and lifestyle,$65,2.0,22/06/25,21:04:00,Ewallet,8.0,0.48
2134,M040,Edinburg,Fashion accessories,$25,2.0,01/07/25,6:03:00,Ewallet,6.0,0.48
2135,M081,Friendswood,Home and lifestyle,$15,2.0,09/08/25,13:14:00,Ewallet,4.0,0.33
2136,M027,Abilene,Fashion accessories,$22,1.0,21/04/25,21:18:00,Ewallet,4.0,0.48
2137,M023,Midland,Home and lifestyle,$20,1.0,26/12/25,8:40:00,Ewallet,5.0,0.48
2138,M006,El Paso,Fashion accessories,$54,3.0,28/02/25,19:29:00,Ewallet,5.0,0.48
2139,M098,Mineral Wells,Home and lifestyle,$48,1.0,20/10/25,19:32:00,Ewallet,5.0,0.18
2140,M013,Irving,Fashion accessories,$51,2.0,27/02/25,20:14:00,Ewallet,5.0,0.48
2141,M095,Big Spring,Home and lifestyle,$50,3.0,28/02/25,22:40:00,Ewallet,7.0,0.33
2142,M053,Conroe,Fashion accessories,$48,2.0,22/03/25,22:56:00,Ewallet,8.0,0.57
2143,M094,Alamo,Home and lifestyle,$69,2.0,21/01/25,7:09:00,Ewallet,9.0,0.33
2144,M044,Pharr,Fashion accessories,$69,3.0,10/10/25,9:41:00,Ewallet,7.0,0.48
2145,M080,Nacogdoches,Home and lifestyle,$23,1.0,15/01/25,7:45:00,Ewallet,4.0,0.33
2146,M088,Cleburne,Fashion accessories,$46,3.0,24/06/25,10:41:00,Ewallet,9.0,0.33
2147,M051,New Braunfels,Home and lifestyle,$24,3.0,25/06/25,14:28:00,Ewallet,5.0,0.48
2148,M059,Pflugerville,Fashion accessories,$25,1.0,14/06/25,6:37:00,Ewallet,6.0,0.33
2149,M020,Killeen,Home and lifestyle,$80,3.0,29/10/25,13:30:00,Ewallet,9.0,0.48
2150,M007,Arlington,Fashion accessories,$48,3.0,01/10/25,18:02:00,Ewallet,8.0,0.48
2151,M070,Hurst,Home and lifestyle,$32,2.0,21/07/25,9:28:00,Ewallet,9.0,0.33
2152,M078,Del Rio,Fashion accessories,$51,3.0,01/10/25,10:14:00,Ewallet,7.0,0.33
2153,M061,Cedar Park,Home and lifestyle,$21,1.0,21/11/25,14:05:00,Ewallet,5.0,0.33
2154,M007,Arlington,Fashion accessories,$44,1.0,12/05/25,18:23:00,Ewallet,4.0,0.48
2155,M039,Longview,Home and lifestyle,$37,1.0,30/01/25,13:32:00,Ewallet,9.0,0.48
2156,M012,Garland,Fashion accessories,$31,1.0,23/01/25,8:40:00,Ewallet,9.0,0.48
2157,M026,Denton,Home and lifestyle,$47,2.0,14/07/25,16:57:00,Ewallet,8.0,0.48
2158,M015,Grand Prairie,Fashion accessories,$39,2.0,04/08/25,19:03:00,Ewallet,6.0,0.48
2159,M076,Huntsville,Home and lifestyle,$19,1.0,10/03/25,6:29:00,Ewallet,7.0,0.33
2160,M066,Grapevine,Fashion accessories,$69,3.0,13/09/25,18:32:00,Ewallet,9.0,0.33
2161,M018,Frisco,Home and lifestyle,$81,3.0,07/02/25,9:52:00,Ewallet,6.0,0.48
2162,M044,Pharr,Fashion accessories,$25,3.0,19/03/25,8:29:00,Ewallet,6.0,0.48
2163,M085,Kerrville,Home and lifestyle,$22,3.0,06/06/25,20:49:00,Ewallet,6.0,0.33
2164,M031,Lewisville,Fashion accessories,$55,3.0,24/10/25,20:20:00,Ewallet,8.0,0.48
2165,M037,League City,Home and lifestyle,$42,3.0,28/12/25,21:55:00,Ewallet,6.0,0.48
2166,M023,Midland,Fashion accessories,$39,1.0,07/03/25,10:12:00,Ewallet,6.0,0.48
2167,M005,Fort Worth,Home and lifestyle,$40,2.0,30/01/25,17:52:00,Ewallet,8.0,0.48
2168,M014,Amarillo,Fashion accessories,$21,2.0,04/09/25,19:14:00,Ewallet,8.0,0.48
2169,M027,Abilene,Home and lifestyle,$72,3.0,05/12/25,9:26:00,Ewallet,5.0,0.48
2170,M026,Denton,Fashion accessories,$23,3.0,19/04/25,18:34:00,Ewallet,4.0,0.48
2171,M090,Brownwood,Home and lifestyle,$62,2.0,02/02/25,18:32:00,Ewallet,6.0,0.33
2172,M015,Grand Prairie,Fashion accessories,$51,1.0,15/09/25,10:11:00,Ewallet,9.0,0.48
2173,M015,Grand Prairie,Home and lifestyle,$26,1.0,05/05/25,10:50:00,Ewallet,6.0,0.48
2174,M043,Baytown,Fashion accessories,$32,1.0,29/12/25,9:18:00,Ewallet,4.0,0.48
2175,M037,League City,Home and lifestyle,$43,1.0,05/07/25,6:05:00,Ewallet,5.0,0.48
2176,M081,Friendswood,Fashion accessories,$19,2.0,19/06/25,11:46:00,Ewallet,4.0,0.33
2177,M001,Houston,Home and lifestyle,$63,3.0,11/02/25,9:54:00,Ewallet,9.0,0.36
2178,M015,Grand Prairie,Fashion accessories,$69,3.0,02/09/25,12:11:00,Ewallet,6.0,0.48
2179,M001,Houston,Home and lifestyle,$37,1.0,11/09/25,13:10:00,Ewallet,4.0,0.36
2180,M060,DeSoto,Fashion accessories,$60,1.0,20/02/25,12:57:00,Ewallet,7.0,0.33
2181,M015,Grand Prairie,Home and lifestyle,$46,2.0,15/06/25,9:25:00,Ewallet,4.0,0.48
2182,M013,Irving,Fashion accessories,$32,3.0,19/10/25,9:00:00,Ewallet,7.0,0.48
2183,M071,Lufkin,Home and lifestyle,$24,3.0,20/02/25,12:56:00,Ewallet,7.0,0.33
2184,M039,Longview,Fashion accessories,$33,3.0,16/03/25,15:45:00,Ewallet,8.0,0.48
2185,M076,Huntsville,Home and lifestyle,$57,2.0,24/07/25,17:47:00,Ewallet,5.0,0.33
2186,M049,North Richland Hills,Fashion accessories,$49,2.0,05/10/25,16:13:00,Ewallet,8.0,0.48
2187,M060,DeSoto,Home and lifestyle,$59,3.0,30/05/25,6:50:00,Ewallet,6.0,0.33
2188,M071,Lufkin,Fashion accessories,$57,1.0,21/06/25,6:16:00,Ewallet,5.0,0.33
2189,M100,Canyon,Home and lifestyle,$58,1.0,29/03/25,9:44:00,Ewallet,8.0,0.18
2190,M070,Hurst,Fashion accessories,$17,1.0,01/05/25,20:24:00,Ewallet,8.0,0.33
2191,M076,Huntsville,Home and lifestyle,$48,2.0,18/12/25,13:34:00,Ewallet,4.0,0.33
2192,M053,Conroe,Fashion accessories,$54,1.0,23/11/25,19:51:00,Ewallet,8.0,0.57
2193,M031,Lewisville,Home and lifestyle,$32,2.0,25/05/25,20:09:00,Ewallet,5.0,0.48
2194,M017,McKinney,Fashion accessories,$42,3.0,08/05/25,7:48:00,Ewallet,4.0,0.48
2195,M017,McKinney,Home and lifestyle,$61,1.0,02/08/25,16:00:00,Ewallet,4.0,0.48
2196,M085,Kerrville,Fashion accessories,$77,1.0,19/11/25,8:39:00,Ewallet,7.0,0.33
2197,M063,Georgetown,Home and lifestyle,$44,2.0,06/12/25,7:37:00,Ewallet,6.0,0.33
2198,M068,Burleson,Fashion accessories,$80,3.0,26/01/25,20:51:00,Ewallet,4.0,0.33
2199,M020,Killeen,Home and lifestyle,$50,1.0,04/11/25,15:10:00,Ewallet,9.0,0.48
2200,M061,Cedar Park,Fashion accessories,$32,1.0,03/03/25,6:47:00,Ewallet,9.0,0.33
2201,M100,Canyon,Home and lifestyle,$65,2.0,05/08/25,16:18:00,Ewallet,5.0,0.18
2202,M060,DeSoto,Fashion accessories,$84,2.0,26/11/25,15:55:00,Ewallet,9.0,0.33
2203,M022,Mesquite,Home and lifestyle,$78,1.0,12/06/25,21:06:00,Ewallet,8.0,0.48
2204,M047,Flower Mound,Fashion accessories,$50,1.0,01/12/25,10:59:00,Ewallet,8.0,0.48
2205,M022,Mesquite,Home and lifestyle,$46,2.0,26/04/25,18:28:00,Ewallet,7.0,0.48
2206,M045,Missouri City,Fashion accessories,$67,3.0,01/02/25,6:41:00,Credit card,6.0,0.48
2207,M060,DeSoto,Home and lifestyle,$45,2.0,15/10/25,14:42:00,Ewallet,4.0,0.33
2208,M080,Nacogdoches,Fashion accessories,$59,3.0,21/04/25,21:58:00,Ewallet,7.0,0.33
2209,M043,Baytown,Home and lifestyle,$21,3.0,21/06/25,18:48:00,Ewallet,5.0,0.48
2210,M070,Hurst,Fashion accessories,$16,3.0,15/07/25,6:49:00,Ewallet,7.0,0.33
2211,M042,Bryan,Home and lifestyle,$51,2.0,08/01/25,10:57:00,Ewallet,9.0,0.48
2212,M017,McKinney,Fashion accessories,$77,1.0,03/08/25,8:11:00,Ewallet,8.0,0.48
2213,M049,North Richland Hills,Home and lifestyle,$82,2.0,28/03/25,15:58:00,Ewallet,8.0,0.48
2214,M015,Grand Prairie,Fashion accessories,$56,3.0,31/08/25,16:09:00,Ewallet,8.0,0.48
2215,M071,Lufkin,Home and lifestyle,$63,3.0,23/06/25,13:54:00,Ewallet,9.0,0.33
2216,M034,College Station,Fashion accessories,$84,3.0,20/08/25,21:07:00,Ewallet,9.0,0.48
2217,M034,College Station,Home and lifestyle,$43,3.0,17/01/25,18:01:00,Ewallet,5.0,0.48
2218,M070,Hurst,Fashion accessories,$69,2.0,12/02/25,21:51:00,Ewallet,5.0,0.33
2219,M049,North Richland Hills,Home and lifestyle,$50,3.0,07/06/25,17:04:00,Ewallet,4.0,0.48
2220,M024,Carrollton,Fashion accessories,$60,1.0,19/06/25,11:47:00,Ewallet,6.0,0.48
2221,M045,Missouri City,Home and lifestyle,$66,3.0,24/01/25,15:40:00,Credit card,9.0,0.48
2222,M006,El Paso,Fashion accessories,$54,3.0,20/07/25,17:16:00,Ewallet,9.0,0.48
2223,M066,Grapevine,Home and lifestyle,$37,3.0,28/02/25,10:16:00,Ewallet,6.0,0.33
2224,M067,Haltom City,Fashion accessories,$68,1.0,15/06/25,20:59:00,Ewallet,5.0,0.33
2225,M066,Grapevine,Home and lifestyle,$46,1.0,19/02/25,9:15:00,Ewallet,9.0,0.33
2226,M044,Pharr,Fashion accessories,$39,3.0,19/03/25,8:37:00,Ewallet,8.0,0.48
2227,M036,Allen,Home and lifestyle,$37,1.0,26/03/25,19:28:00,Ewallet,7.0,0.48
2228,M091,Little Elm,Fashion accessories,$80,2.0,15/06/25,19:02:00,Ewallet,6.0,0.33
2229,M077,Coppell,Home and lifestyle,$37,1.0,02/01/25,17:53:00,Ewallet,9.0,0.33
2230,M080,Nacogdoches,Fashion accessories,$70,2.0,06/07/25,14:35:00,Ewallet,7.0,0.33
2231,M011,Lubbock,Home and lifestyle,$62,3.0,05/04/25,9:57:00,Ewallet,9.0,0.48
2232,M091,Little Elm,Fashion accessories,$38,2.0,12/04/25,16:18:00,Ewallet,6.0,0.33
2233,M011,Lubbock,Home and lifestyle,$59,2.0,17/10/25,15:06:00,Ewallet,4.0,0.48
2234,M078,Del Rio,Fashion accessories,$19,1.0,03/12/25,17:47:00,Ewallet,8.0,0.33
2235,M079,La Porte,Home and lifestyle,$57,1.0,03/01/25,10:53:00,Ewallet,9.0,0.33
2236,M059,Pflugerville,Fashion accessories,$82,3.0,27/07/25,16:09:00,Ewallet,8.0,0.33
2237,M019,Pasadena,Home and lifestyle,$39,3.0,05/12/25,15:29:00,Ewallet,7.0,0.48
2238,M052,Mansfield,Fashion accessories,$56,1.0,07/12/25,16:15:00,Ewallet,4.0,0.57
2239,M098,Mineral Wells,Home and lifestyle,$75,2.0,30/05/25,7:34:00,Ewallet,8.0,0.18
2240,M036,Allen,Fashion accessories,$16,1.0,25/06/25,15:09:00,Ewallet,8.0,0.48
2241,M031,Lewisville,Home and lifestyle,$24,2.0,25/03/25,7:57:00,Ewallet,5.0,0.48
2242,M013,Irving,Fashion accessories,$74,2.0,02/04/25,18:52:00,Ewallet,9.0,0.48
2243,M057,Euless,Home and lifestyle,$19,1.0,29/12/25,6:43:00,Ewallet,4.0,0.33
2244,M012,Garland,Fashion accessories,$29,2.0,14/04/25,11:25:00,Ewallet,5.0,0.48
2245,M022,Mesquite,Home and lifestyle,$41,3.0,31/07/25,13:13:00,Ewallet,6.0,0.48
2246,M008,Corpus Christi,Fashion accessories,$59,1.0,02/12/25,21:19:00,Ewallet,5.0,0.48
2247,M094,Alamo,Home and lifestyle,$80,3.0,26/10/25,17:46:00,Ewallet,9.0,0.33
2248,M021,McAllen,Fashion accessories,$51,3.0,28/07/25,6:48:00,Ewallet,6.0,0.48
2249,M066,Grapevine,Home and lifestyle,$34,3.0,12/01/25,7:36:00,Ewallet,7.0,0.33
2250,M081,Friendswood,Fashion accessories,$54,1.0,02/10/25,7:17:00,Ewallet,9.0,0.33
2251,M096,Eagle Pass,Home and lifestyle,$56,2.0,11/11/25,15:21:00,Ewallet,4.0,0.33
2252,M090,Brownwood,Fashion accessories,$80,3.0,06/11/25,21:16:00,Ewallet,9.0,0.33
2253,M067,Haltom City,Home and lifestyle,$19,2.0,27/05/25,11:36:00,Ewallet,5.0,0.33
2254,M058,Port Arthur,Fashion accessories,$19,2.0,08/02/25,16:35:00,Ewallet,5.0,0.33
2255,M010,Laredo,Home and lifestyle,$31,3.0,12/02/25,14:43:00,Ewallet,5.0,0.48
2256,M024,Carrollton,Fashion accessories,$73,3.0,01/11/25,11:42:00,Ewallet,7.0,0.48
2257,M005,Fort Worth,Home and lifestyle,$63,3.0,15/11/25,11:10:00,Ewallet,4.0,0.48
2258,M049,North Richland Hills,Fashion accessories,$35,2.0,16/04/25,9:36:00,Ewallet,6.0,0.48
2259,M018,Frisco,Home and lifestyle,$56,2.0,29/11/25,16:17:00,Ewallet,7.0,0.48
2260,M051,New Braunfels,Fashion accessories,$29,3.0,23/06/25,12:33:00,Ewallet,4.0,0.48
2261,M088,Cleburne,Home and lifestyle,$38,1.0,22/10/25,20:47:00,Ewallet,6.0,0.33
2262,M100,Canyon,Fashion accessories,$44,1.0,19/10/25,13:44:00,Ewallet,9.0,0.18
2263,M080,Nacogdoches,Home and lifestyle,$73,3.0,14/01/25,17:56:00,Ewallet,4.0,0.33
2264,M049,North Richland Hills,Fashion accessories,$33,1.0,02/01/25,15:06:00,Ewallet,8.0,0.48
2265,M047,Flower Mound,Home and lifestyle,$54,1.0,03/12/25,21:16:00,Ewallet,8.0,0.48
2266,M085,Kerrville,Fashion accessories,$24,1.0,14/01/25,22:33:00,Ewallet,4.0,0.33
2267,M070,Hurst,Home and lifestyle,$31,3.0,01/01/25,14:37:00,Ewallet,9.0,0.33
2268,M015,Grand Prairie,Fashion accessories,$76,2.0,03/10/25,19:21:00,Ewallet,6.0,0.48
2269,M015,Grand Prairie,Home and lifestyle,$23,1.0,10/10/25,22:51:00,Ewallet,4.0,0.48
2270,M044,Pharr,Fashion accessories,$27,2.0,04/09/25,20:34:00,Ewallet,9.0,0.48
2271,M043,Baytown,Home and lifestyle,$46,2.0,02/06/25,10:23:00,Ewallet,7.0,0.48
2272,M044,Pharr,Fashion accessories,$51,1.0,16/10/25,13:11:00,Ewallet,6.0,0.48
2273,M078,Del Rio,Home and lifestyle,$70,3.0,13/02/25,21:50:00,Ewallet,4.0,0.33
2274,M019,Pasadena,Fashion accessories,$49,3.0,18/11/25,6:39:00,Ewallet,4.0,0.48
2275,M010,Laredo,Home and lifestyle,$72,1.0,01/01/25,8:17:00,Ewallet,6.0,0.48
2276,M019,Pasadena,Fashion accessories,$18,1.0,05/12/25,14:45:00,Ewallet,9.0,0.48
2277,M081,Friendswood,Home and lifestyle,$44,3.0,18/09/25,16:18:00,Ewallet,4.0,0.33
2278,M012,Garland,Fashion accessories,$75,3.0,08/05/25,12:45:00,Ewallet,4.0,0.48
2279,M090,Brownwood,Home and lifestyle,$55,3.0,11/12/25,11:34:00,Ewallet,6.0,0.33
2280,M062,Galveston,Fashion accessories,$82,2.0,22/08/25,12:26:00,Ewallet,4.0,0.33
2281,M078,Del Rio,Home and lifestyle,$70,3.0,16/10/25,18:30:00,Ewallet,4.0,0.33
2282,M069,Rockwall,Fashion accessories,$65,2.0,27/07/25,22:38:00,Ewallet,6.0,0.33
2283,M051,New Braunfels,Home and lifestyle,$72,2.0,07/04/25,18:52:00,Ewallet,7.0,0.48
2284,M026,Denton,Fashion accessories,$28,3.0,21/08/25,9:54:00,Ewallet,9.0,0.48
2285,M016,Brownsville,Home and lifestyle,$26,3.0,05/07/25,11:52:00,Ewallet,6.0,0.48
2286,M066,Grapevine,Fashion accessories,$85,2.0,31/03/25,17:25:00,Ewallet,4.0,0.33
2287,M067,Haltom City,Home and lifestyle,$46,1.0,20/01/25,8:45:00,Ewallet,9.0,0.33
2288,M008,Corpus Christi,Fashion accessories,$66,1.0,05/03/25,13:51:00,Ewallet,9.0,0.48
2289,M067,Haltom City,Home and lifestyle,$72,2.0,23/01/25,10:48:00,Ewallet,6.0,0.33
2290,M062,Galveston,Fashion accessories,$74,3.0,06/08/25,19:52:00,Ewallet,8.0,0.33
2291,M097,Alice,Home and lifestyle,$22,1.0,13/03/25,6:08:00,Ewallet,6.0,0.18
2292,M036,Allen,Fashion accessories,$22,3.0,07/10/25,17:48:00,Ewallet,7.0,0.48
2293,M100,Canyon,Home and lifestyle,$67,1.0,15/02/25,17:46:00,Ewallet,8.0,0.18
2294,M060,DeSoto,Fashion accessories,$73,1.0,04/03/25,20:02:00,Ewallet,4.0,0.33
2295,M095,Big Spring,Home and lifestyle,$39,2.0,18/12/25,11:03:00,Ewallet,5.0,0.33
2296,M060,DeSoto,Fashion accessories,$47,1.0,19/12/25,8:16:00,Ewallet,7.0,0.33
2297,M057,Euless,Home and lifestyle,$82,1.0,21/08/25,12:44:00,Ewallet,5.0,0.33
2298,M048,Harlingen,Fashion accessories,$72,1.0,01/08/25,15:55:00,Ewallet,5.0,0.48
2299,M091,Little Elm,Home and lifestyle,$33,3.0,03/01/25,8:14:00,Ewallet,4.0,0.33
2300,M045,Missouri City,Fashion accessories,$58,2.0,09/04/25,15:35:00,Credit card,4.0,0.48
2301,M085,Kerrville,Home and lifestyle,$72,3.0,31/10/25,19:31:00,Ewallet,7.0,0.33
2302,M090,Brownwood,Fashion accessories,$84,1.0,16/11/25,22:38:00,Ewallet,7.0,0.33
2303,M093,Angleton,Home and lifestyle,$56,2.0,02/11/25,18:14:00,Ewallet,5.0,0.33
2304,M010,Laredo,Fashion accessories,$31,1.0,08/05/25,13:33:00,Ewallet,7.0,0.48
2305,M024,Carrollton,Home and lifestyle,$18,3.0,31/12/25,8:05:00,Ewallet,9.0,0.48
2306,M036,Allen,Fashion accessories,$22,1.0,21/02/25,7:52:00,Ewallet,4.0,0.48
2307,M012,Garland,Home and lifestyle,$21,3.0,28/03/25,12:29:00,Ewallet,6.0,0.48
2308,M085,Kerrville,Fashion accessories,$80,3.0,13/04/25,13:49:00,Ewallet,9.0,0.33
2309,M011,Lubbock,Home and lifestyle,$23,3.0,21/12/25,16:05:00,Ewallet,6.0,0.48
2310,M028,Odessa,Fashion accessories,$69,1.0,26/03/25,20:24:00,Ewallet,9.0,0.48
2311,M016,Brownsville,Home and lifestyle,$47,1.0,20/03/25,22:10:00,Ewallet,7.0,0.48
2312,M033,Pearland,Fashion accessories,$81,3.0,01/05/25,8:05:00,Ewallet,4.0,0.48
2313,M004,Austin,Home and lifestyle,$61,3.0,17/05/25,12:30:00,Ewallet,4.0,0.48
2314,M063,Georgetown,Fashion accessories,$27,2.0,16/12/25,7:04:00,Ewallet,5.0,0.33
2315,M095,Big Spring,Home and lifestyle,$63,2.0,30/05/25,8:54:00,Ewallet,7.0,0.33
2316,M053,Conroe,Fashion accessories,$26,1.0,04/11/25,13:07:00,Ewallet,6.0,0.57
2317,M044,Pharr,Home and lifestyle,$33,3.0,04/03/25,12:41:00,Ewallet,4.0,0.48
2318,M028,Odessa,Fashion accessories,$34,3.0,25/03/25,14:36:00,Ewallet,4.0,0.48
2319,M077,Coppell,Home and lifestyle,$29,3.0,01/05/25,19:38:00,Ewallet,4.0,0.33
2320,M076,Huntsville,Fashion accessories,$58,1.0,03/01/25,6:54:00,Ewallet,5.0,0.33
2321,M096,Eagle Pass,Home and lifestyle,$69,2.0,27/06/25,22:02:00,Ewallet,7.0,0.33
2322,M052,Mansfield,Fashion accessories,$54,2.0,19/12/25,17:16:00,Ewallet,5.0,0.57
2323,M100,Canyon,Home and lifestyle,$81,2.0,28/10/25,7:43:00,Ewallet,8.0,0.18
2324,M096,Eagle Pass,Fashion accessories,$64,1.0,15/12/25,14:14:00,Ewallet,8.0,0.18
2325,M080,Nacogdoches,Home and lifestyle,$29,2.0,08/02/25,7:32:00,Ewallet,9.0,0.33
2326,M024,Carrollton,Fashion accessories,$53,1.0,24/02/25,21:46:00,Ewallet,9.0,0.48
2327,M085,Kerrville,Home and lifestyle,$54,2.0,18/12/25,8:48:00,Ewallet,8.0,0.33
2328,M004,Austin,Fashion accessories,$17,1.0,27/08/25,7:46:00,Ewallet,8.0,0.48
2329,M100,Canyon,Home and lifestyle,$82,1.0,23/09/25,18:38:00,Ewallet,6.0,0.18
2330,M049,North Richland Hills,Fashion accessories,$74,3.0,15/11/25,6:33:00,Ewallet,4.0,0.48
2331,M100,Canyon,Home and lifestyle,$49,1.0,01/06/25,7:38:00,Ewallet,5.0,0.18
2332,M080,Nacogdoches,Fashion accessories,$19,3.0,10/01/25,9:15:00,Ewallet,8.0,0.33
2333,M039,Longview,Home and lifestyle,$21,2.0,01/03/25,10:51:00,Ewallet,7.0,0.48
2334,M091,Little Elm,Fashion accessories,$53,2.0,03/04/25,18:56:00,Ewallet,7.0,0.33
2335,M018,Frisco,Home and lifestyle,$17,3.0,17/01/25,8:41:00,Ewallet,7.0,0.48
2336,M091,Little Elm,Fashion accessories,$41,3.0,12/04/25,8:54:00,Ewallet,5.0,0.33
2337,M005,Fort Worth,Home and lifestyle,$66,3.0,05/10/25,18:51:00,Ewallet,8.0,0.48
2338,M064,Bedford,Fashion accessories,$45,2.0,01/12/25,19:05:00,Ewallet,8.0,0.33
2339,M078,Del Rio,Home and lifestyle,$23,1.0,02/09/25,14:10:00,Ewallet,7.0,0.33
2340,M091,Little Elm,Fashion accessories,$48,1.0,29/11/25,11:17:00,Ewallet,6.0,0.33
2341,M072,Lancaster,Home and lifestyle,$73,3.0,27/01/25,18:19:00,Ewallet,5.0,0.33
2342,M001,Houston,Fashion accessories,$22,2.0,23/12/25,22:04:00,Ewallet,9.0,0.36
2343,M096,Eagle Pass,Home and lifestyle,$25,1.0,13/09/25,15:23:00,Ewallet,4.0,0.33
2344,M060,DeSoto,Fashion accessories,$27,2.0,30/12/25,13:21:00,Ewallet,9.0,0.33
2345,M041,Mission,Home and lifestyle,$52,2.0,14/03/25,8:32:00,Ewallet,8.0,0.48
2346,M014,Amarillo,Fashion accessories,$44,3.0,30/03/25,21:27:00,Ewallet,5.0,0.48
2347,M043,Baytown,Home and lifestyle,$55,1.0,23/04/25,14:39:00,Ewallet,6.0,0.48
2348,M027,Abilene,Fashion accessories,$23,2.0,14/01/25,12:18:00,Ewallet,6.0,0.48
2349,M007,Arlington,Home and lifestyle,$82,1.0,31/07/25,19:43:00,Ewallet,9.0,0.48
2350,M028,Odessa,Fashion accessories,$44,3.0,26/02/25,13:32:00,Ewallet,9.0,0.48
2351,M043,Baytown,Home and lifestyle,$77,1.0,08/01/25,21:40:00,Ewallet,7.0,0.48
2352,M026,Denton,Fashion accessories,$43,1.0,28/10/25,8:29:00,Ewallet,5.0,0.48
2353,M008,Corpus Christi,Home and lifestyle,$83,2.0,24/04/25,13:15:00,Ewallet,9.0,0.48
2354,M080,Nacogdoches,Fashion accessories,$77,3.0,14/05/25,13:41:00,Ewallet,9.0,0.33
2355,M008,Corpus Christi,Home and lifestyle,$63,3.0,19/06/25,12:10:00,Ewallet,7.0,0.48
2356,M093,Angleton,Fashion accessories,$83,1.0,18/01/25,7:52:00,Ewallet,7.0,0.33
2357,M019,Pasadena,Home and lifestyle,$43,1.0,03/04/25,20:52:00,Ewallet,6.0,0.48
2358,M057,Euless,Fashion accessories,$30,1.0,31/05/25,12:06:00,Ewallet,4.0,0.33
2359,M027,Abilene,Home and lifestyle,$67,3.0,11/12/25,18:55:00,Ewallet,4.0,0.48
2360,M036,Allen,Fashion accessories,$68,2.0,06/02/25,20:23:00,Ewallet,7.0,0.48
2361,M076,Huntsville,Home and lifestyle,$23,2.0,23/10/25,21:52:00,Ewallet,9.0,0.33
2362,M011,Lubbock,Fashion accessories,$23,3.0,25/08/25,16:21:00,Ewallet,7.0,0.48
2363,M040,Edinburg,Home and lifestyle,$25,1.0,18/04/25,10:06:00,Ewallet,4.0,0.48
2364,M007,Arlington,Fashion accessories,$26,3.0,28/02/25,18:46:00,Ewallet,9.0,0.48
2365,M005,Fort Worth,Home and lifestyle,$73,1.0,12/05/25,20:24:00,Ewallet,9.0,0.48
2366,M044,Pharr,Fashion accessories,$23,2.0,02/07/25,16:48:00,Ewallet,8.0,0.48
2367,M021,McAllen,Home and lifestyle,$82,3.0,23/02/25,9:33:00,Ewallet,4.0,0.48
2368,M063,Georgetown,Fashion accessories,$34,1.0,06/09/25,18:09:00,Ewallet,9.0,0.33
2369,M076,Huntsville,Home and lifestyle,$53,1.0,30/08/25,15:39:00,Ewallet,7.0,0.33
2370,M020,Killeen,Fashion accessories,$40,3.0,07/06/25,21:25:00,Ewallet,5.0,0.48
2371,M005,Fort Worth,Home and lifestyle,$57,1.0,28/06/25,12:39:00,Ewallet,7.0,0.48
2372,M019,Pasadena,Fashion accessories,$23,2.0,11/05/25,21:18:00,Ewallet,5.0,0.48
2373,M051,New Braunfels,Home and lifestyle,$36,2.0,17/07/25,13:25:00,Ewallet,9.0,0.48
2374,M023,Midland,Fashion accessories,$41,2.0,14/05/25,18:09:00,Ewallet,6.0,0.48
2375,M006,El Paso,Home and lifestyle,$26,1.0,01/12/25,11:06:00,Ewallet,5.0,0.48
2376,M002,Dallas,Fashion accessories,$57,1.0,14/06/25,18:12:00,Ewallet,4.0,0.36
2377,M081,Friendswood,Home and lifestyle,$38,2.0,19/04/25,17:04:00,Ewallet,9.0,0.33
2378,M070,Hurst,Fashion accessories,$44,1.0,26/05/25,14:53:00,Ewallet,4.0,0.33
2379,M006,El Paso,Home and lifestyle,$54,1.0,29/11/25,15:53:00,Ewallet,7.0,0.48
2380,M033,Pearland,Fashion accessories,$46,1.0,19/09/25,7:12:00,Ewallet,5.0,0.48
2381,M079,La Porte,Home and lifestyle,$54,1.0,13/01/25,9:36:00,Ewallet,4.0,0.33
2382,M007,Arlington,Fashion accessories,$24,1.0,08/12/25,16:56:00,Ewallet,6.0,0.48
2383,M059,Pflugerville,Home and lifestyle,$53,2.0,26/04/25,16:40:00,Ewallet,9.0,0.33
2384,M010,Laredo,Fashion accessories,$64,3.0,13/08/25,12:57:00,Ewallet,9.0,0.48
2385,M098,Mineral Wells,Home and lifestyle,$75,1.0,14/02/25,11:20:00,Ewallet,6.0,0.18
2386,M079,La Porte,Fashion accessories,$43,3.0,25/04/25,8:01:00,Ewallet,9.0,0.33
2387,M052,Mansfield,Home and lifestyle,$68,3.0,06/03/25,11:24:00,Ewallet,9.0,0.57
2388,M052,Mansfield,Fashion accessories,$80,1.0,25/04/25,6:33:00,Ewallet,4.0,0.57
2389,M088,Cleburne,Home and lifestyle,$17,3.0,05/03/25,8:12:00,Ewallet,9.0,0.33
2390,M070,Hurst,Fashion accessories,$29,1.0,14/05/25,9:17:00,Ewallet,5.0,0.33
2391,M071,Lufkin,Home and lifestyle,$45,1.0,28/07/25,14:41:00,Ewallet,8.0,0.33
2392,M052,Mansfield,Fashion accessories,$67,1.0,26/11/25,9:08:00,Ewallet,7.0,0.57
2393,M066,Grapevine,Home and lifestyle,$62,3.0,23/06/25,15:46:00,Ewallet,8.0,0.33
2394,M036,Allen,Fashion accessories,$26,2.0,03/01/25,7:23:00,Ewallet,8.0,0.48
2395,M031,Lewisville,Home and lifestyle,$28,3.0,22/04/25,13:05:00,Ewallet,7.0,0.48
2396,M052,Mansfield,Fashion accessories,$84,1.0,19/12/25,11:11:00,Ewallet,7.0,0.57
2397,M100,Canyon,Home and lifestyle,$36,1.0,16/08/25,18:00:00,Ewallet,6.0,0.18
2398,M078,Del Rio,Fashion accessories,$57,1.0,09/05/25,14:47:00,Ewallet,4.0,0.33
2399,M013,Irving,Home and lifestyle,$49,3.0,02/03/25,17:31:00,Ewallet,6.0,0.48
2400,M020,Killeen,Fashion accessories,$61,1.0,17/01/25,8:49:00,Ewallet,4.0,0.48
2401,M071,Lufkin,Home and lifestyle,$65,1.0,22/09/25,13:45:00,Ewallet,6.0,0.33
2402,M060,DeSoto,Fashion accessories,$73,3.0,20/10/25,7:40:00,Ewallet,7.0,0.33
2403,M047,Flower Mound,Home and lifestyle,$38,1.0,05/12/25,10:47:00,Ewallet,9.0,0.48
2404,M092,Lake Jackson,Fashion accessories,$85,2.0,02/12/25,7:09:00,Ewallet,5.0,0.33
2405,M098,Mineral Wells,Home and lifestyle,$74,3.0,07/01/25,14:53:00,Ewallet,5.0,0.18
2406,M013,Irving,Fashion accessories,$16,1.0,14/11/25,12:08:00,Ewallet,6.0,0.48
2407,M023,Midland,Home and lifestyle,$17,2.0,02/06/25,20:13:00,Ewallet,4.0,0.48
2408,M004,Austin,Fashion accessories,$33,2.0,04/04/25,7:10:00,Ewallet,8.0,0.48
2409,M077,Coppell,Home and lifestyle,$47,1.0,22/04/25,14:21:00,Ewallet,6.0,0.33
2410,M047,Flower Mound,Fashion accessories,$29,3.0,29/05/25,19:46:00,Ewallet,5.0,0.48
2411,M080,Nacogdoches,Home and lifestyle,$68,1.0,26/07/25,20:15:00,Ewallet,6.0,0.33
2412,M013,Irving,Fashion accessories,$32,3.0,26/05/25,8:57:00,Ewallet,5.0,0.48
2413,M037,League City,Home and lifestyle,$38,3.0,22/04/25,15:36:00,Ewallet,9.0,0.48
2414,M095,Big Spring,Fashion accessories,$82,3.0,02/06/25,14:47:00,Ewallet,5.0,0.33
2415,M028,Odessa,Home and lifestyle,$15,1.0,21/01/25,18:59:00,Ewallet,4.0,0.48
2416,M014,Amarillo,Fashion accessories,$28,3.0,27/06/25,11:04:00,Ewallet,8.0,0.48
2417,M022,Mesquite,Home and lifestyle,$70,2.0,27/09/25,21:21:00,Ewallet,9.0,0.48
2418,M027,Abilene,Fashion accessories,$71,3.0,20/05/25,18:31:00,Ewallet,8.0,0.48
2419,M064,Bedford,Home and lifestyle,$82,2.0,08/07/25,8:39:00,Ewallet,4.0,0.33
2420,M052,Mansfield,Fashion accessories,$75,3.0,16/02/25,22:00:00,Ewallet,6.0,0.57
2421,M083,Farmers Branch,Home and lifestyle,$71,3.0,19/02/25,9:03:00,Ewallet,8.0,0.33
2422,M088,Cleburne,Fashion accessories,$35,1.0,28/01/25,17:43:00,Ewallet,8.0,0.33
2423,M077,Coppell,Home and lifestyle,$22,2.0,24/10/25,11:52:00,Ewallet,6.0,0.33
2424,M062,Galveston,Fashion accessories,$70,1.0,20/01/25,9:02:00,Ewallet,4.0,0.33
2425,M010,Laredo,Home and lifestyle,$62,2.0,20/08/25,14:19:00,Ewallet,8.0,0.48
2426,M085,Kerrville,Fashion accessories,$18,1.0,09/07/25,13:17:00,Ewallet,8.0,0.33
2427,M027,Abilene,Home and lifestyle,$27,2.0,30/05/25,18:27:00,Ewallet,9.0,0.48
2428,M034,College Station,Fashion accessories,$82,1.0,07/09/25,22:43:00,Ewallet,4.0,0.48
2429,M015,Grand Prairie,Home and lifestyle,$77,2.0,13/05/25,22:55:00,Ewallet,9.0,0.48
2430,M028,Odessa,Fashion accessories,$31,2.0,14/03/25,19:28:00,Ewallet,4.0,0.48
2431,M017,McKinney,Home and lifestyle,$84,2.0,18/05/25,14:47:00,Ewallet,9.0,0.48
2432,M052,Mansfield,Fashion accessories,$39,2.0,15/04/25,10:50:00,Ewallet,9.0,0.57
2433,M083,Farmers Branch,Home and lifestyle,$64,1.0,16/08/25,22:47:00,Ewallet,5.0,0.33
2434,M096,Eagle Pass,Fashion accessories,$65,3.0,29/05/25,11:54:00,Ewallet,4.0,0.18
2435,M036,Allen,Home and lifestyle,$73,1.0,05/09/25,7:07:00,Ewallet,4.0,0.48
2436,M064,Bedford,Fashion accessories,$17,1.0,12/04/25,11:53:00,Ewallet,4.0,0.33
2437,M039,Longview,Home and lifestyle,$37,1.0,01/10/25,11:43:00,Ewallet,8.0,0.48
2438,M097,Alice,Fashion accessories,$65,3.0,18/04/25,10:57:00,Ewallet,9.0,0.18
2439,M047,Flower Mound,Home and lifestyle,$67,2.0,24/04/25,20:46:00,Ewallet,5.0,0.48
2440,M036,Allen,Fashion accessories,$21,2.0,10/03/25,19:48:00,Ewallet,5.0,0.48
2441,M071,Lufkin,Home and lifestyle,$25,1.0,08/10/25,16:27:00,Ewallet,9.0,0.33
2442,M039,Longview,Fashion accessories,$17,3.0,01/08/25,12:00:00,Ewallet,7.0,0.48
2443,M022,Mesquite,Home and lifestyle,$81,1.0,11/10/25,8:20:00,Ewallet,8.0,0.48
2444,M005,Fort Worth,Fashion accessories,$62,2.0,07/05/25,8:21:00,Ewallet,9.0,0.48
2445,M027,Abilene,Home and lifestyle,$68,2.0,14/10/25,10:33:00,Ewallet,8.0,0.48
2446,M009,Plano,Fashion accessories,$31,2.0,26/07/25,12:39:00,Ewallet,5.0,0.48
2447,M057,Euless,Home and lifestyle,$38,1.0,10/10/25,11:41:00,Ewallet,4.0,0.33
2448,M027,Abilene,Fashion accessories,$77,3.0,13/05/25,12:08:00,Ewallet,4.0,0.48
2449,M021,McAllen,Home and lifestyle,$27,3.0,03/02/25,8:29:00,Ewallet,9.0,0.48
2450,M013,Irving,Fashion accessories,$72,2.0,19/02/25,8:43:00,Ewallet,4.0,0.48
2451,M097,Alice,Home and lifestyle,$39,2.0,08/04/25,20:44:00,Ewallet,6.0,0.18
2452,M013,Irving,Fashion accessories,$68,1.0,27/07/25,22:20:00,Ewallet,8.0,0.48
2453,M041,Mission,Home and lifestyle,$30,2.0,28/09/25,12:13:00,Ewallet,6.0,0.48
2454,M009,Plano,Fashion accessories,$83,2.0,20/07/25,13:39:00,Ewallet,4.0,0.48
2455,M078,Del Rio,Home and lifestyle,$17,1.0,15/10/25,8:55:00,Ewallet,5.0,0.33
2456,M088,Cleburne,Fashion accessories,$80,1.0,13/10/25,17:10:00,Ewallet,9.0,0.33
2457,M049,North Richland Hills,Home and lifestyle,$35,1.0,08/04/25,15:39:00,Ewallet,4.0,0.48
2458,M016,Brownsville,Fashion accessories,$17,2.0,17/10/25,18:30:00,Ewallet,8.0,0.48
2459,M049,North Richland Hills,Home and lifestyle,$46,1.0,16/07/25,20:29:00,Ewallet,6.0,0.48
2460,M068,Burleson,Fashion accessories,$46,2.0,13/01/25,22:58:00,Ewallet,7.0,0.33
2461,M034,College Station,Home and lifestyle,$71,1.0,28/07/25,22:28:00,Ewallet,7.0,0.48
2462,M094,Alamo,Fashion accessories,$29,2.0,09/07/25,18:51:00,Ewallet,6.0,0.33
2463,M011,Lubbock,Home and lifestyle,$59,3.0,29/11/25,20:23:00,Ewallet,4.0,0.48
2464,M076,Huntsville,Fashion accessories,$36,1.0,10/06/25,7:13:00,Ewallet,9.0,0.33
2465,M009,Plano,Home and lifestyle,$63,2.0,02/09/25,21:54:00,Ewallet,4.0,0.48
2466,M009,Plano,Fashion accessories,$78,2.0,02/02/25,13:15:00,Ewallet,4.0,0.48
2467,M098,Mineral Wells,Home and lifestyle,$44,2.0,27/07/25,14:21:00,Ewallet,9.0,0.18
2468,M017,McKinney,Fashion accessories,$74,1.0,19/03/25,16:10:00,Ewallet,6.0,0.48
2469,M019,Pasadena,Home and lifestyle,$70,1.0,30/05/25,6:34:00,Ewallet,5.0,0.48
2470,M063,Georgetown,Fashion accessories,$36,1.0,20/04/25,13:14:00,Ewallet,5.0,0.33
2471,M007,Arlington,Home and lifestyle,$84,1.0,21/06/25,17:06:00,Ewallet,8.0,0.48
2472,M062,Galveston,Fashion accessories,$75,3.0,24/03/25,22:16:00,Ewallet,5.0,0.33
2473,M070,Hurst,Home and lifestyle,$20,1.0,29/04/25,14:02:00,Ewallet,4.0,0.33
2474,M037,League City,Fashion accessories,$51,1.0,09/12/25,13:03:00,Ewallet,6.0,0.48
2475,M001,Houston,Home and lifestyle,$84,3.0,14/11/25,22:26:00,Ewallet,8.0,0.36
2476,M047,Flower Mound,Fashion accessories,$25,2.0,02/02/25,6:14:00,Ewallet,9.0,0.48
2477,M090,Brownwood,Home and lifestyle,$31,2.0,29/09/25,13:27:00,Ewallet,6.0,0.33
2478,M093,Angleton,Fashion accessories,$74,1.0,24/01/25,16:09:00,Ewallet,7.0,0.33
2479,M015,Grand Prairie,Home and lifestyle,$50,1.0,04/02/25,11:18:00,Ewallet,7.0,0.48
2480,M100,Canyon,Fashion accessories,$66,2.0,02/12/25,11:47:00,Ewallet,6.0,0.18
2481,M004,Austin,Home and lifestyle,$36,2.0,29/04/25,15:30:00,Ewallet,9.0,0.48
2482,M064,Bedford,Fashion accessories,$27,1.0,19/03/25,12:10:00,Ewallet,7.0,0.33
2483,M002,Dallas,Home and lifestyle,$60,1.0,02/03/25,21:28:00,Ewallet,6.0,0.36
2484,M010,Laredo,Fashion accessories,$78,3.0,30/05/25,12:20:00,Ewallet,8.0,0.48
2485,M088,Cleburne,Home and lifestyle,$27,3.0,21/11/25,11:17:00,Ewallet,7.0,0.33
2486,M019,Pasadena,Fashion accessories,$71,2.0,03/04/25,8:05:00,Ewallet,4.0,0.48
2487,M010,Laredo,Home and lifestyle,$65,3.0,19/07/25,20:38:00,Ewallet,5.0,0.48
2488,M042,Bryan,Fashion accessories,$47,1.0,25/07/25,14:01:00,Ewallet,4.0,0.48
2489,M037,League City,Home and lifestyle,$16,2.0,25/04/25,7:12:00,Ewallet,4.0,0.48
2490,M068,Burleson,Fashion accessories,$65,3.0,30/07/25,8:25:00,Ewallet,9.0,0.33
2491,M012,Garland,Home and lifestyle,$48,2.0,05/08/25,20:27:00,Ewallet,7.0,0.48
2492,M034,College Station,Fashion accessories,$16,2.0,01/06/25,19:05:00,Ewallet,6.0,0.48
2493,M019,Pasadena,Home and lifestyle,$23,3.0,16/10/25,12:36:00,Ewallet,9.0,0.48
2494,M024,Carrollton,Fashion accessories,$77,3.0,17/11/25,8:26:00,Ewallet,5.0,0.48
2495,M051,New Braunfels,Home and lifestyle,$60,2.0,03/02/25,8:00:00,Ewallet,7.0,0.48
2496,M018,Frisco,Fashion accessories,$25,3.0,03/05/25,7:36:00,Ewallet,7.0,0.48
2497,M061,Cedar Park,Home and lifestyle,$75,3.0,31/07/25,15:03:00,Ewallet,9.0,0.33
2498,M044,Pharr,Fashion accessories,$80,2.0,26/12/25,16:16:00,Ewallet,4.0,0.48
2499,M011,Lubbock,Home and lifestyle,$73,3.0,28/11/25,13:07:00,Ewallet,4.0,0.48
2500,M024,Carrollton,Fashion accessories,$39,2.0,01/05/25,7:43:00,Ewallet,7.0,0.48
2501,M058,Port Arthur,Home and lifestyle,$71,1.0,09/02/25,9:23:00,Ewallet,5.0,0.33
2502,M044,Pharr,Fashion accessories,$69,3.0,28/02/25,15:54:00,Ewallet,9.0,0.48
2503,M081,Friendswood,Home and lifestyle,$83,2.0,02/12/25,21:30:00,Ewallet,5.0,0.33
2504,M034,College Station,Fashion accessories,$31,3.0,18/06/25,15:03:00,Ewallet,8.0,0.48
2505,M040,Edinburg,Home and lifestyle,$82,1.0,07/05/25,9:52:00,Ewallet,8.0,0.48
2506,M072,Lancaster,Fashion accessories,$66,2.0,09/06/25,11:10:00,Ewallet,4.0,0.33
2507,M024,Carrollton,Home and lifestyle,$17,1.0,03/10/25,16:05:00,Ewallet,9.0,0.48
2508,M004,Austin,Fashion accessories,$77,2.0,21/06/25,12:16:00,Ewallet,6.0,0.48
2509,M024,Carrollton,Home and lifestyle,$27,3.0,16/07/25,11:38:00,Ewallet,6.0,0.48
2510,M030,Richardson,Fashion accessories,$42,3.0,22/04/25,17:24:00,Ewallet,4.0,0.48
2511,M063,Georgetown,Home and lifestyle,$75,1.0,25/12/25,6:37:00,Ewallet,9.0,0.33
2512,M067,Haltom City,Fashion accessories,$66,2.0,17/02/25,9:45:00,Ewallet,4.0,0.33
2513,M094,Alamo,Home and lifestyle,$64,1.0,18/11/25,17:55:00,Ewallet,8.0,0.33
2514,M100,Canyon,Fashion accessories,$79,2.0,11/05/25,12:44:00,Ewallet,7.0,0.18
2515,M069,Rockwall,Home and lifestyle,$81,2.0,03/08/25,8:45:00,Ewallet,4.0,0.33
2516,M015,Grand Prairie,Fashion accessories,$20,3.0,13/02/25,16:45:00,Ewallet,6.0,0.48
2517,M012,Garland,Home and lifestyle,$81,1.0,26/07/25,20:02:00,Ewallet,4.0,0.48
2518,M092,Lake Jackson,Fashion accessories,$29,1.0,06/06/25,12:12:00,Ewallet,4.0,0.33
2519,M005,Fort Worth,Home and lifestyle,$77,3.0,28/10/25,8:33:00,Ewallet,7.0,0.48
2520,M023,Midland,Fashion accessories,$61,1.0,01/03/25,7:21:00,Ewallet,8.0,0.48
2521,M006,El Paso,Home and lifestyle,$64,1.0,01/04/25,15:42:00,Ewallet,9.0,0.48
2522,M080,Nacogdoches,Fashion accessories,$72,1.0,19/01/25,10:18:00,Ewallet,5.0,0.33
2523,M001,Houston,Home and lifestyle,$49,1.0,24/04/25,9:47:00,Ewallet,9.0,0.36
2524,M083,Farmers Branch,Fashion accessories,$54,2.0,05/11/25,22:09:00,Ewallet,4.0,0.33
2525,M097,Alice,Home and lifestyle,$39,2.0,15/08/25,12:19:00,Ewallet,8.0,0.18
2526,M026,Denton,Fashion accessories,$55,3.0,28/09/25,12:18:00,Ewallet,9.0,0.48
2527,M019,Pasadena,Home and lifestyle,$27,3.0,21/08/25,14:34:00,Ewallet,4.0,0.48
2528,M042,Bryan,Fashion accessories,$77,2.0,07/01/25,21:57:00,Ewallet,9.0,0.48
2529,M061,Cedar Park,Home and lifestyle,$71,2.0,02/03/25,9:50:00,Ewallet,9.0,0.33
2530,M059,Pflugerville,Fashion accessories,$39,3.0,13/01/25,20:15:00,Ewallet,8.0,0.33
2531,M047,Flower Mound,Home and lifestyle,$31,1.0,01/09/25,7:53:00,Ewallet,5.0,0.48
2532,M092,Lake Jackson,Fashion accessories,$74,1.0,28/03/25,12:45:00,Ewallet,9.0,0.33
2533,M064,Bedford,Home and lifestyle,$44,1.0,28/05/25,17:46:00,Ewallet,8.0,0.33
2534,M098,Mineral Wells,Fashion accessories,$58,2.0,12/03/25,14:19:00,Ewallet,4.0,0.18
2535,M080,Nacogdoches,Home and lifestyle,$50,1.0,15/04/25,11:42:00,Ewallet,6.0,0.33
2536,M078,Del Rio,Fashion accessories,$50,2.0,14/09/25,12:33:00,Ewallet,5.0,0.33
2537,M045,Missouri City,Home and lifestyle,$30,1.0,21/11/25,17:46:00,Credit card,9.0,0.48
2538,M088,Cleburne,Fashion accessories,$73,3.0,18/03/25,17:55:00,Ewallet,6.0,0.33
2539,M042,Bryan,Home and lifestyle,$81,3.0,21/08/25,6:45:00,Ewallet,5.0,0.48
2540,M043,Baytown,Fashion accessories,$61,1.0,15/11/25,15:41:00,Ewallet,7.0,0.48
2541,M028,Odessa,Home and lifestyle,$50,2.0,28/03/25,7:14:00,Ewallet,9.0,0.48
2542,M017,McKinney,Fashion accessories,$70,3.0,14/01/25,14:37:00,Ewallet,7.0,0.48
2543,M069,Rockwall,Home and lifestyle,$17,2.0,25/09/25,22:13:00,Ewallet,4.0,0.33
2544,M026,Denton,Fashion accessories,$68,3.0,01/10/25,14:39:00,Ewallet,7.0,0.48
2545,M037,League City,Home and lifestyle,$22,3.0,22/06/25,16:19:00,Ewallet,6.0,0.48
2546,M040,Edinburg,Fashion accessories,$41,3.0,03/04/25,19:51:00,Ewallet,4.0,0.48
2547,M080,Nacogdoches,Home and lifestyle,$39,2.0,23/04/25,6:51:00,Ewallet,4.0,0.33
2548,M052,Mansfield,Fashion accessories,$37,2.0,18/05/25,20:43:00,Ewallet,6.0,0.57
2549,M043,Baytown,Home and lifestyle,$65,1.0,12/12/25,16:51:00,Ewallet,6.0,0.48
2550,M001,Houston,Fashion accessories,$35,1.0,30/05/25,14:27:00,Ewallet,4.0,0.36
2551,M006,El Paso,Home and lifestyle,$35,3.0,26/12/25,11:22:00,Ewallet,6.0,0.48
2552,M094,Alamo,Fashion accessories,$34,1.0,04/04/25,13:54:00,Ewallet,7.0,0.33
2553,M095,Big Spring,Home and lifestyle,$57,3.0,08/01/25,6:51:00,Ewallet,4.0,0.33
2554,M007,Arlington,Fashion accessories,$76,3.0,16/12/25,10:03:00,Ewallet,9.0,0.48
2555,M041,Mission,Home and lifestyle,$73,3.0,01/03/25,12:12:00,Ewallet,4.0,0.48
2556,M088,Cleburne,Fashion accessories,$19,3.0,08/03/25,11:44:00,Ewallet,5.0,0.33
2557,M008,Corpus Christi,Home and lifestyle,$35,2.0,06/06/25,21:25:00,Ewallet,9.0,0.48
2558,M010,Laredo,Fashion accessories,$50,1.0,03/10/25,17:08:00,Ewallet,7.0,0.48
2559,M072,Lancaster,Home and lifestyle,$36,3.0,04/02/25,21:03:00,Ewallet,8.0,0.33
2560,M047,Flower Mound,Fashion accessories,$73,2.0,17/01/25,8:36:00,Ewallet,6.0,0.48
2561,M039,Longview,Home and lifestyle,$16,3.0,03/04/25,18:18:00,Ewallet,7.0,0.48
2562,M021,McAllen,Fashion accessories,$54,3.0,30/03/25,16:20:00,Ewallet,4.0,0.48
2563,M021,McAllen,Home and lifestyle,$62,3.0,11/01/25,8:07:00,Ewallet,4.0,0.48
2564,M009,Plano,Fashion accessories,$36,3.0,16/11/25,6:40:00,Ewallet,8.0,0.48
2565,M088,Cleburne,Home and lifestyle,$57,1.0,25/08/25,6:52:00,Ewallet,9.0,0.33
2566,M048,Harlingen,Fashion accessories,$28,1.0,10/10/25,20:43:00,Ewallet,9.0,0.48
2567,M070,Hurst,Home and lifestyle,$54,2.0,01/10/25,21:45:00,Ewallet,9.0,0.33
2568,M052,Mansfield,Fashion accessories,$30,2.0,11/01/25,14:02:00,Ewallet,8.0,0.57
2569,M021,McAllen,Home and lifestyle,$26,1.0,10/11/25,7:12:00,Ewallet,6.0,0.48
2570,M076,Huntsville,Fashion accessories,$52,1.0,16/02/25,9:59:00,Ewallet,9.0,0.33
2571,M015,Grand Prairie,Home and lifestyle,$42,1.0,10/07/25,18:34:00,Ewallet,5.0,0.48
2572,M051,New Braunfels,Fashion accessories,$67,2.0,27/04/25,15:02:00,Ewallet,4.0,0.57
2573,M030,Richardson,Home and lifestyle,$30,3.0,18/03/25,20:38:00,Ewallet,4.0,0.48
2574,M011,Lubbock,Fashion accessories,$17,2.0,06/07/25,6:05:00,Ewallet,7.0,0.48
2575,M031,Lewisville,Home and lifestyle,$23,2.0,24/05/25,15:39:00,Ewallet,7.0,0.48
2576,M061,Cedar Park,Fashion accessories,$57,2.0,01/06/25,9:19:00,Ewallet,6.0,0.33
2577,M060,DeSoto,Home and lifestyle,$35,1.0,29/09/25,9:18:00,Ewallet,5.0,0.33
2578,M027,Abilene,Fashion accessories,$57,1.0,04/07/25,6:05:00,Ewallet,6.0,0.48
2579,M096,Eagle Pass,Home and lifestyle,$83,3.0,19/03/25,20:54:00,Ewallet,8.0,0.33
2580,M013,Irving,Fashion accessories,$83,1.0,20/10/25,8:04:00,Ewallet,5.0,0.48
2581,M037,League City,Home and lifestyle,$72,3.0,18/02/25,15:16:00,Ewallet,7.0,0.48
2582,M041,Mission,Fashion accessories,$77,2.0,08/05/25,19:22:00,Ewallet,9.0,0.48
2583,M005,Fort Worth,Home and lifestyle,$29,1.0,01/06/25,17:38:00,Ewallet,4.0,0.48
2584,M018,Frisco,Fashion accessories,$16,2.0,23/06/25,22:38:00,Ewallet,6.0,0.48
2585,M058,Port Arthur,Home and lifestyle,$38,1.0,09/07/25,8:29:00,Ewallet,8.0,0.33
2586,M020,Killeen,Fashion accessories,$73,3.0,29/10/25,20:14:00,Ewallet,4.0,0.48
2587,M009,Plano,Home and lifestyle,$22,1.0,05/02/25,11:13:00,Ewallet,6.0,0.48
2588,M064,Bedford,Fashion accessories,$61,3.0,05/07/25,13:51:00,Ewallet,5.0,0.33
2589,M092,Lake Jackson,Home and lifestyle,$54,2.0,23/09/25,12:57:00,Ewallet,5.0,0.33
2590,M005,Fort Worth,Fashion accessories,$85,1.0,11/04/25,6:35:00,Ewallet,4.0,0.48
2591,M001,Houston,Home and lifestyle,$16,2.0,15/06/25,11:19:00,Ewallet,9.0,0.36
2592,M011,Lubbock,Fashion accessories,$44,2.0,20/09/25,16:14:00,Ewallet,9.0,0.48
2593,M048,Harlingen,Home and lifestyle,$51,1.0,05/10/25,20:55:00,Ewallet,4.0,0.48
2594,M013,Irving,Fashion accessories,$45,3.0,08/01/25,9:01:00,Ewallet,9.0,0.48
2595,M030,Richardson,Home and lifestyle,$24,1.0,15/11/25,19:01:00,Ewallet,4.0,0.48
2596,M026,Denton,Fashion accessories,$30,2.0,25/01/25,10:55:00,Ewallet,7.0,0.48
2597,M088,Cleburne,Home and lifestyle,$72,2.0,23/05/25,9:27:00,Ewallet,7.0,0.33
2598,M094,Alamo,Fashion accessories,$41,2.0,12/08/25,8:04:00,Ewallet,9.0,0.33
2599,M052,Mansfield,Home and lifestyle,$79,1.0,22/09/25,9:10:00,Ewallet,9.0,0.57
2600,M043,Baytown,Fashion accessories,$74,1.0,14/07/25,9:11:00,Ewallet,4.0,0.48
2601,M097,Alice,Home and lifestyle,$74,1.0,15/03/25,10:30:00,Ewallet,4.0,0.18
2602,M015,Grand Prairie,Fashion accessories,$25,1.0,16/08/25,6:36:00,Ewallet,4.0,0.48
2603,M024,Carrollton,Home and lifestyle,$33,3.0,18/12/25,19:53:00,Ewallet,5.0,0.48
2604,M066,Grapevine,Fashion accessories,$50,2.0,22/04/25,22:53:00,Ewallet,5.0,0.33
2605,M016,Brownsville,Home and lifestyle,$80,3.0,19/03/25,11:04:00,Ewallet,8.0,0.48
2606,M085,Kerrville,Fashion accessories,$23,2.0,18/07/25,14:14:00,Ewallet,8.0,0.33
2607,M020,Killeen,Home and lifestyle,$33,3.0,14/07/25,13:46:00,Ewallet,6.0,0.48
2608,M085,Kerrville,Fashion accessories,$41,2.0,27/10/25,16:58:00,Ewallet,9.0,0.33
2609,M093,Angleton,Home and lifestyle,$80,2.0,27/11/25,18:41:00,Ewallet,6.0,0.33
2610,M027,Abilene,Fashion accessories,$47,2.0,19/08/25,11:43:00,Ewallet,6.0,0.48
2611,M028,Odessa,Home and lifestyle,$16,2.0,11/10/25,21:09:00,Ewallet,8.0,0.48
2612,M019,Pasadena,Fashion accessories,$23,2.0,12/02/25,7:10:00,Ewallet,5.0,0.48
2613,M006,El Paso,Home and lifestyle,$73,1.0,25/10/25,13:02:00,Ewallet,6.0,0.48
2614,M059,Pflugerville,Fashion accessories,$66,2.0,16/02/25,15:49:00,Ewallet,9.0,0.33
2615,M064,Bedford,Home and lifestyle,$63,1.0,30/05/25,20:00:00,Ewallet,6.0,0.33
2616,M006,El Paso,Fashion accessories,$46,1.0,25/08/25,9:45:00,Ewallet,5.0,0.48
2617,M081,Friendswood,Home and lifestyle,$43,2.0,05/01/25,16:17:00,Ewallet,6.0,0.33
2618,M018,Frisco,Fashion accessories,$53,1.0,02/08/25,18:51:00,Ewallet,9.0,0.48
2619,M094,Alamo,Home and lifestyle,$24,3.0,14/03/25,8:38:00,Ewallet,4.0,0.33
2620,M057,Euless,Fashion accessories,$50,2.0,08/05/25,8:32:00,Ewallet,5.0,0.33
2621,M091,Little Elm,Home and lifestyle,$85,3.0,21/05/25,7:18:00,Ewallet,6.0,0.33
2622,M007,Arlington,Fashion accessories,$41,3.0,01/09/25,17:15:00,Ewallet,7.0,0.48
2623,M034,College Station,Home and lifestyle,$69,2.0,15/05/25,16:39:00,Ewallet,7.0,0.48
2624,M095,Big Spring,Fashion accessories,$59,3.0,23/07/25,11:45:00,Ewallet,6.0,0.33
2625,M081,Friendswood,Home and lifestyle,$76,1.0,22/11/25,12:21:00,Ewallet,9.0,0.33
2626,M033,Pearland,Fashion accessories,$30,3.0,05/06/25,20:32:00,Ewallet,9.0,0.48
2627,M049,North Richland Hills,Home and lifestyle,$42,3.0,13/02/25,9:16:00,Ewallet,4.0,0.48
2628,M083,Farmers Branch,Fashion accessories,$52,2.0,30/11/25,12:04:00,Ewallet,5.0,0.33
2629,M016,Brownsville,Home and lifestyle,$74,2.0,13/12/25,19:51:00,Ewallet,8.0,0.48
2630,M043,Baytown,Fashion accessories,$62,3.0,26/02/25,14:13:00,Ewallet,4.0,0.48
2631,M017,McKinney,Home and lifestyle,$72,2.0,25/02/25,10:58:00,Ewallet,6.0,0.48
2632,M039,Longview,Fashion accessories,$39,3.0,10/05/25,16:26:00,Ewallet,4.0,0.48
2633,M036,Allen,Home and lifestyle,$55,1.0,15/07/25,17:23:00,Ewallet,4.0,0.48
2634,M057,Euless,Fashion accessories,$55,3.0,14/12/25,17:21:00,Ewallet,4.0,0.33
2635,M062,Galveston,Home and lifestyle,$35,3.0,02/11/25,12:53:00,Ewallet,5.0,0.33
2636,M034,College Station,Fashion accessories,$76,2.0,28/04/25,8:52:00,Ewallet,7.0,0.48
2637,M018,Frisco,Home and lifestyle,$39,3.0,07/03/25,10:22:00,Ewallet,8.0,0.48
2638,M070,Hurst,Fashion accessories,$50,2.0,14/08/25,22:21:00,Ewallet,8.0,0.33
2639,M042,Bryan,Home and lifestyle,$44,3.0,30/01/25,6:22:00,Ewallet,4.0,0.48
2640,M066,Grapevine,Fashion accessories,$55,3.0,16/11/25,15:50:00,Ewallet,8.0,0.33
2641,M096,Eagle Pass,Home and lifestyle,$31,3.0,07/10/25,12:40:00,Ewallet,7.0,0.33
2642,M070,Hurst,Fashion accessories,$22,1.0,01/12/25,12:28:00,Ewallet,4.0,0.33
2643,M064,Bedford,Home and lifestyle,$31,2.0,24/05/25,13:02:00,Ewallet,5.0,0.33
2644,M006,El Paso,Fashion accessories,$36,3.0,13/07/25,16:38:00,Ewallet,9.0,0.48
2645,M016,Brownsville,Home and lifestyle,$16,2.0,09/11/25,20:08:00,Ewallet,5.0,0.48
2646,M010,Laredo,Fashion accessories,$38,2.0,25/04/25,21:49:00,Ewallet,7.0,0.48
2647,M047,Flower Mound,Home and lifestyle,$76,1.0,29/11/25,14:19:00,Ewallet,5.0,0.48
2648,M030,Richardson,Fashion accessories,$32,1.0,30/07/25,17:27:00,Ewallet,5.0,0.48
2649,M006,El Paso,Home and lifestyle,$85,1.0,03/05/25,19:10:00,Ewallet,8.0,0.48
2650,M068,Burleson,Fashion accessories,$32,1.0,05/04/25,9:00:00,Ewallet,6.0,0.33
2651,M010,Laredo,Home and lifestyle,$33,1.0,07/12/25,14:11:00,Ewallet,5.0,0.48
2652,M097,Alice,Fashion accessories,$33,3.0,19/06/25,17:09:00,Ewallet,6.0,0.18
2653,M016,Brownsville,Home and lifestyle,$79,3.0,04/10/25,14:05:00,Ewallet,8.0,0.48
2654,M005,Fort Worth,Fashion accessories,$80,2.0,21/06/25,12:51:00,Ewallet,9.0,0.48
2655,M048,Harlingen,Home and lifestyle,$46,1.0,31/03/25,16:44:00,Ewallet,7.0,0.48
2656,M058,Port Arthur,Fashion accessories,$27,2.0,09/02/25,10:26:00,Ewallet,5.0,0.33
2657,M083,Farmers Branch,Home and lifestyle,$71,3.0,30/03/25,13:36:00,Ewallet,6.0,0.33
2658,M080,Nacogdoches,Fashion accessories,$39,1.0,17/10/25,13:41:00,Ewallet,4.0,0.33
2659,M061,Cedar Park,Home and lifestyle,$46,1.0,03/01/25,7:48:00,Ewallet,7.0,0.33
2660,M014,Amarillo,Fashion accessories,$58,3.0,15/01/25,18:55:00,Ewallet,9.0,0.48
2661,M001,Houston,Home and lifestyle,$39,1.0,31/12/25,12:03:00,Ewallet,6.0,0.36
2662,M079,La Porte,Fashion accessories,$74,1.0,10/02/25,7:57:00,Ewallet,5.0,0.33
2663,M042,Bryan,Home and lifestyle,$51,3.0,23/12/25,17:30:00,Ewallet,7.0,0.48
2664,M063,Georgetown,Fashion accessories,$47,1.0,06/01/25,12:55:00,Ewallet,8.0,0.33
2665,M067,Haltom City,Home and lifestyle,$31,3.0,23/07/25,18:22:00,Ewallet,4.0,0.33
2666,M027,Abilene,Fashion accessories,$58,2.0,24/05/25,19:53:00,Ewallet,9.0,0.48
2667,M040,Edinburg,Home and lifestyle,$78,2.0,05/11/25,22:54:00,Ewallet,6.0,0.48
2668,M011,Lubbock,Fashion accessories,$50,1.0,30/09/25,19:44:00,Ewallet,5.0,0.48
2669,M063,Georgetown,Home and lifestyle,$28,3.0,21/11/25,14:29:00,Ewallet,6.0,0.33
2670,M039,Longview,Fashion accessories,$23,2.0,27/06/25,17:38:00,Ewallet,9.0,0.48
2671,M096,Eagle Pass,Home and lifestyle,$73,2.0,19/12/25,9:20:00,Ewallet,8.0,0.33
2672,M012,Garland,Fashion accessories,$41,2.0,18/10/25,7:17:00,Ewallet,6.0,0.48
2673,M066,Grapevine,Home and lifestyle,$78,2.0,25/08/25,16:19:00,Ewallet,7.0,0.33
2674,M095,Big Spring,Fashion accessories,$22,2.0,22/10/25,9:36:00,Ewallet,9.0,0.33
2675,M098,Mineral Wells,Home and lifestyle,$60,3.0,27/12/25,20:49:00,Ewallet,5.0,0.18
2676,M037,League City,Fashion accessories,$60,2.0,01/11/25,11:37:00,Ewallet,5.0,0.48
2677,M092,Lake Jackson,Home and lifestyle,$21,3.0,10/12/25,15:31:00,Ewallet,4.0,0.33
2678,M020,Killeen,Fashion accessories,$17,3.0,04/08/25,12:41:00,Ewallet,4.0,0.48
2679,M076,Huntsville,Home and lifestyle,$56,2.0,08/05/25,19:08:00,Ewallet,4.0,0.33
2680,M036,Allen,Fashion accessories,$21,2.0,17/10/25,12:08:00,Ewallet,9.0,0.48
2681,M059,Pflugerville,Home and lifestyle,$19,2.0,01/05/25,6:25:00,Ewallet,9.0,0.33
2682,M062,Galveston,Fashion accessories,$54,1.0,29/08/25,16:43:00,Ewallet,6.0,0.33
2683,M042,Bryan,Home and lifestyle,$64,2.0,01/07/25,8:42:00,Ewallet,5.0,0.48
2684,M066,Grapevine,Fashion accessories,$77,2.0,11/11/25,19:00:00,Ewallet,9.0,0.33
2685,M080,Nacogdoches,Home and lifestyle,$33,1.0,06/04/25,18:05:00,Ewallet,8.0,0.33
2686,M017,McKinney,Fashion accessories,$31,1.0,10/07/25,6:28:00,Ewallet,9.0,0.48
2687,M098,Mineral Wells,Home and lifestyle,$75,3.0,19/12/25,15:35:00,Ewallet,4.0,0.18
2688,M020,Killeen,Fashion accessories,$80,2.0,07/03/25,14:37:00,Ewallet,5.0,0.48
2689,M064,Bedford,Home and lifestyle,$30,2.0,07/08/25,11:33:00,Ewallet,9.0,0.33
2690,M088,Cleburne,Fashion accessories,$84,2.0,07/07/25,15:19:00,Ewallet,4.0,0.33
2691,M041,Mission,Home and lifestyle,$36,3.0,06/12/25,19:51:00,Ewallet,8.0,0.48
2692,M027,Abilene,Fashion accessories,$44,2.0,24/07/25,19:57:00,Ewallet,4.0,0.48
2693,M017,McKinney,Home and lifestyle,$39,3.0,10/03/25,9:13:00,Ewallet,8.0,0.48
2694,M080,Nacogdoches,Fashion accessories,$35,3.0,20/02/25,14:40:00,Ewallet,6.0,0.33
2695,M007,Arlington,Home and lifestyle,$37,3.0,12/02/25,8:11:00,Ewallet,9.0,0.48
2696,M034,College Station,Fashion accessories,$39,1.0,08/07/25,10:50:00,Ewallet,4.0,0.48
2697,M030,Richardson,Home and lifestyle,$66,3.0,25/04/25,20:00:00,Ewallet,6.0,0.48
2698,M072,Lancaster,Fashion accessories,$82,2.0,09/10/25,11:28:00,Ewallet,4.0,0.33
2699,M090,Brownwood,Home and lifestyle,$81,3.0,24/02/25,19:15:00,Ewallet,6.0,0.33
2700,M060,DeSoto,Fashion accessories,$41,3.0,09/12/25,17:22:00,Ewallet,5.0,0.33
2701,M026,Denton,Home and lifestyle,$51,1.0,14/10/25,14:36:00,Ewallet,7.0,0.48
2702,M015,Grand Prairie,Fashion accessories,$70,3.0,26/07/25,8:34:00,Ewallet,4.0,0.48
2703,M080,Nacogdoches,Home and lifestyle,$53,1.0,17/07/25,12:50:00,Ewallet,4.0,0.33
2704,M006,El Paso,Fashion accessories,$76,3.0,21/11/25,19:05:00,Ewallet,9.0,0.48
2705,M010,Laredo,Home and lifestyle,$61,1.0,10/03/25,13:39:00,Ewallet,7.0,0.48
2706,M100,Canyon,Fashion accessories,$82,2.0,15/06/25,9:07:00,Ewallet,4.0,0.18
2707,M085,Kerrville,Home and lifestyle,$61,1.0,19/10/25,14:06:00,Ewallet,9.0,0.33
2708,M072,Lancaster,Fashion accessories,$30,3.0,31/05/25,18:49:00,Ewallet,6.0,0.33
2709,M041,Mission,Home and lifestyle,$67,3.0,28/01/25,6:11:00,Ewallet,6.0,0.48
2710,M097,Alice,Fashion accessories,$52,3.0,29/08/25,20:50:00,Ewallet,5.0,0.18
2711,M048,Harlingen,Home and lifestyle,$50,1.0,12/10/25,21:57:00,Ewallet,6.0,0.48
2712,M079,La Porte,Fashion accessories,$38,2.0,13/10/25,17:56:00,Ewallet,8.0,0.33
2713,M057,Euless,Home and lifestyle,$66,1.0,05/06/25,7:25:00,Ewallet,7.0,0.33
2714,M033,Pearland,Fashion accessories,$39,3.0,22/01/25,20:05:00,Ewallet,5.0,0.48
2715,M009,Plano,Home and lifestyle,$45,3.0,23/10/25,22:42:00,Ewallet,8.0,0.48
2716,M068,Burleson,Fashion accessories,$41,1.0,02/07/25,22:52:00,Ewallet,8.0,0.33
2717,M088,Cleburne,Home and lifestyle,$34,3.0,23/01/25,10:25:00,Ewallet,9.0,0.33
2718,M080,Nacogdoches,Fashion accessories,$75,2.0,10/07/25,11:34:00,Ewallet,7.0,0.33
2719,M014,Amarillo,Home and lifestyle,$42,1.0,31/07/25,18:59:00,Ewallet,7.0,0.48
2720,M010,Laredo,Fashion accessories,$51,2.0,04/10/25,9:37:00,Ewallet,7.0,0.48
2721,M081,Friendswood,Home and lifestyle,$69,2.0,18/02/25,10:27:00,Ewallet,8.0,0.33
2722,M022,Mesquite,Fashion accessories,$60,2.0,08/02/25,15:24:00,Ewallet,7.0,0.48
2723,M053,Conroe,Home and lifestyle,$30,3.0,12/12/25,10:55:00,Ewallet,7.0,0.57
2724,M063,Georgetown,Fashion accessories,$21,2.0,08/06/25,9:01:00,Ewallet,4.0,0.33
2725,M024,Carrollton,Home and lifestyle,$20,3.0,23/10/25,19:16:00,Ewallet,8.0,0.48
2726,M036,Allen,Fashion accessories,$66,1.0,12/09/25,7:22:00,Ewallet,8.0,0.48
2727,M006,El Paso,Home and lifestyle,$30,1.0,21/04/25,18:16:00,Ewallet,5.0,0.48
2728,M030,Richardson,Fashion accessories,$57,2.0,08/01/25,17:05:00,Ewallet,6.0,0.48
2729,M076,Huntsville,Home and lifestyle,$77,1.0,16/07/25,22:48:00,Ewallet,8.0,0.33
2730,M085,Kerrville,Fashion accessories,$75,3.0,27/11/25,10:06:00,Ewallet,8.0,0.33
2731,M062,Galveston,Home and lifestyle,$64,1.0,19/12/25,13:27:00,Ewallet,9.0,0.33
2732,M040,Edinburg,Fashion accessories,$44,3.0,24/12/25,11:57:00,Ewallet,7.0,0.48
2733,M023,Midland,Home and lifestyle,$16,2.0,19/06/25,14:34:00,Ewallet,8.0,0.48
2734,M016,Brownsville,Fashion accessories,$69,2.0,02/12/25,18:18:00,Ewallet,9.0,0.48
2735,M005,Fort Worth,Home and lifestyle,$85,3.0,21/07/25,16:40:00,Ewallet,7.0,0.48
2736,M004,Austin,Fashion accessories,$48,1.0,24/06/25,14:38:00,Ewallet,7.0,0.48
2737,M006,El Paso,Home and lifestyle,$67,2.0,01/08/25,12:56:00,Ewallet,4.0,0.48
2738,M052,Mansfield,Fashion accessories,$83,2.0,01/01/25,21:28:00,Ewallet,5.0,0.57
2739,M076,Huntsville,Home and lifestyle,$20,3.0,19/04/25,13:55:00,Ewallet,9.0,0.33
2740,M018,Frisco,Fashion accessories,$71,3.0,27/05/25,11:29:00,Ewallet,4.0,0.48
2741,M005,Fort Worth,Home and lifestyle,$47,2.0,15/07/25,7:13:00,Ewallet,5.0,0.48
2742,M015,Grand Prairie,Fashion accessories,$52,1.0,14/08/25,12:17:00,Ewallet,9.0,0.48
2743,M037,League City,Home and lifestyle,$30,2.0,27/10/25,14:33:00,Ewallet,7.0,0.48
2744,M007,Arlington,Fashion accessories,$25,2.0,02/02/25,14:42:00,Ewallet,6.0,0.48
2745,M051,New Braunfels,Home and lifestyle,$28,3.0,09/08/25,9:26:00,Ewallet,6.0,0.48
2746,M006,El Paso,Fashion accessories,$28,2.0,30/05/25,17:14:00,Ewallet,5.0,0.48
2747,M016,Brownsville,Home and lifestyle,$31,2.0,26/07/25,15:16:00,Ewallet,6.0,0.48
2748,M090,Brownwood,Fashion accessories,$25,2.0,01/07/25,19:22:00,Ewallet,4.0,0.33
2749,M016,Brownsville,Home and lifestyle,$41,2.0,03/03/25,19:45:00,Ewallet,7.0,0.48
2750,M042,Bryan,Fashion accessories,$53,2.0,26/04/25,11:57:00,Ewallet,7.0,0.48
2751,M091,Little Elm,Home and lifestyle,$68,1.0,01/10/25,15:38:00,Ewallet,7.0,0.33
2752,M044,Pharr,Fashion accessories,$53,1.0,04/09/25,7:12:00,Ewallet,4.0,0.48
2753,M066,Grapevine,Home and lifestyle,$76,2.0,22/12/25,16:05:00,Ewallet,4.0,0.33
2754,M007,Arlington,Fashion accessories,$55,2.0,02/02/25,10:29:00,Ewallet,5.0,0.48
2755,M064,Bedford,Home and lifestyle,$41,3.0,29/04/25,7:57:00,Ewallet,9.0,0.33
2756,M080,Nacogdoches,Fashion accessories,$63,2.0,13/04/25,9:46:00,Ewallet,9.0,0.33
2757,M072,Lancaster,Home and lifestyle,$74,3.0,08/11/25,6:07:00,Ewallet,9.0,0.33
2758,M044,Pharr,Fashion accessories,$64,3.0,20/03/25,19:05:00,Ewallet,7.0,0.48
2759,M096,Eagle Pass,Home and lifestyle,$40,1.0,11/10/25,8:28:00,Ewallet,7.0,0.33
2760,M004,Austin,Fashion accessories,$82,2.0,06/08/25,20:55:00,Ewallet,9.0,0.48
2761,M069,Rockwall,Home and lifestyle,$50,1.0,03/03/25,18:58:00,Ewallet,7.0,0.33
2762,M048,Harlingen,Fashion accessories,$66,1.0,23/01/25,11:11:00,Ewallet,6.0,0.48
2763,M095,Big Spring,Home and lifestyle,$55,2.0,07/04/25,17:25:00,Ewallet,4.0,0.33
2764,M078,Del Rio,Fashion accessories,$83,3.0,06/12/25,7:08:00,Ewallet,5.0,0.33
2765,M085,Kerrville,Home and lifestyle,$61,3.0,25/12/25,6:33:00,Ewallet,5.0,0.33
2766,M063,Georgetown,Fashion accessories,$82,2.0,09/05/25,20:18:00,Ewallet,9.0,0.33
2767,M009,Plano,Home and lifestyle,$47,3.0,03/01/25,20:38:00,Ewallet,4.0,0.48
2768,M002,Dallas,Fashion accessories,$58,1.0,16/10/25,11:46:00,Ewallet,4.0,0.36
2769,M083,Farmers Branch,Home and lifestyle,$69,2.0,29/07/25,6:57:00,Ewallet,4.0,0.33
2770,M096,Eagle Pass,Fashion accessories,$82,3.0,10/06/25,10:51:00,Ewallet,6.0,0.18
2771,M013,Irving,Home and lifestyle,$17,2.0,26/05/25,16:58:00,Ewallet,6.0,0.48
2772,M063,Georgetown,Fashion accessories,$67,1.0,23/10/25,20:08:00,Ewallet,5.0,0.33
2773,M081,Friendswood,Home and lifestyle,$80,1.0,03/07/25,12:17:00,Ewallet,5.0,0.33
2774,M043,Baytown,Fashion accessories,$24,3.0,21/12/25,19:28:00,Ewallet,9.0,0.48
2775,M044,Pharr,Home and lifestyle,$30,1.0,11/06/25,9:11:00,Ewallet,8.0,0.48
2776,M009,Plano,Fashion accessories,$40,1.0,16/06/25,20:16:00,Ewallet,6.0,0.48
2777,M066,Grapevine,Home and lifestyle,$71,3.0,21/04/25,10:07:00,Ewallet,8.0,0.33
2778,M044,Pharr,Fashion accessories,$65,3.0,19/03/25,15:28:00,Ewallet,7.0,0.48
2779,M078,Del Rio,Home and lifestyle,$73,1.0,10/02/25,15:02:00,Ewallet,8.0,0.33
2780,M071,Lufkin,Fashion accessories,$74,2.0,27/04/25,8:05:00,Ewallet,5.0,0.33
2781,M028,Odessa,Home and lifestyle,$62,2.0,24/09/25,16:08:00,Ewallet,6.0,0.48
2782,M021,McAllen,Fashion accessories,$23,3.0,27/12/25,21:46:00,Ewallet,9.0,0.48
2783,M022,Mesquite,Home and lifestyle,$34,3.0,07/03/25,18:17:00,Ewallet,5.0,0.48
2784,M064,Bedford,Fashion accessories,$57,1.0,19/05/25,15:04:00,Ewallet,7.0,0.33
2785,M072,Lancaster,Home and lifestyle,$27,1.0,22/09/25,16:08:00,Ewallet,6.0,0.33
2786,M088,Cleburne,Fashion accessories,$36,2.0,27/03/25,21:16:00,Ewallet,9.0,0.33
2787,M078,Del Rio,Home and lifestyle,$51,3.0,08/01/25,18:37:00,Ewallet,6.0,0.33
2788,M094,Alamo,Fashion accessories,$19,1.0,10/05/25,17:16:00,Ewallet,8.0,0.33
2789,M097,Alice,Home and lifestyle,$68,3.0,29/07/25,10:26:00,Ewallet,7.0,0.18
2790,M090,Brownwood,Fashion accessories,$57,1.0,29/11/25,7:16:00,Ewallet,7.0,0.33
2791,M012,Garland,Home and lifestyle,$70,3.0,22/05/25,22:03:00,Ewallet,4.0,0.48
2792,M014,Amarillo,Fashion accessories,$52,1.0,19/08/25,21:42:00,Ewallet,5.0,0.48
2793,M008,Corpus Christi,Home and lifestyle,$15,3.0,09/04/25,14:06:00,Ewallet,5.0,0.48
2794,M041,Mission,Fashion accessories,$22,1.0,03/03/25,6:58:00,Ewallet,7.0,0.48
2795,M010,Laredo,Home and lifestyle,$25,2.0,14/12/25,12:09:00,Ewallet,4.0,0.48
2796,M080,Nacogdoches,Fashion accessories,$68,1.0,18/09/25,17:22:00,Ewallet,7.0,0.33
2797,M027,Abilene,Home and lifestyle,$84,3.0,31/05/25,6:22:00,Ewallet,8.0,0.48
2798,M066,Grapevine,Fashion accessories,$64,2.0,05/02/25,17:02:00,Ewallet,5.0,0.33
2799,M062,Galveston,Home and lifestyle,$78,2.0,13/03/25,19:57:00,Ewallet,8.0,0.33
2800,M067,Haltom City,Fashion accessories,$46,1.0,27/03/25,22:00:00,Ewallet,8.0,0.33
2801,M058,Port Arthur,Home and lifestyle,$81,3.0,18/10/25,18:13:00,Ewallet,4.0,0.33
2802,M080,Nacogdoches,Fashion accessories,$74,2.0,18/02/25,15:19:00,Ewallet,5.0,0.33
2803,M067,Haltom City,Home and lifestyle,$77,3.0,24/01/25,14:14:00,Ewallet,7.0,0.33
2804,M043,Baytown,Fashion accessories,$15,3.0,16/09/25,9:04:00,Ewallet,6.0,0.48
2805,M100,Canyon,Home and lifestyle,$71,1.0,17/03/25,20:16:00,Ewallet,4.0,0.18
2806,M017,McKinney,Fashion accessories,$66,2.0,02/11/25,19:04:00,Ewallet,5.0,0.48
2807,M076,Huntsville,Home and lifestyle,$18,1.0,22/01/25,10:06:00,Ewallet,8.0,0.33
2808,M026,Denton,Fashion accessories,$79,3.0,15/12/25,16:30:00,Ewallet,8.0,0.48
2809,M026,Denton,Home and lifestyle,$61,1.0,09/06/25,18:07:00,Ewallet,6.0,0.48
2810,M078,Del Rio,Fashion accessories,$70,1.0,02/03/25,11:08:00,Ewallet,4.0,0.33
2811,M059,Pflugerville,Home and lifestyle,$57,2.0,25/08/25,9:17:00,Ewallet,9.0,0.33
2812,M070,Hurst,Fashion accessories,$20,3.0,01/06/25,19:22:00,Ewallet,6.0,0.33
2813,M090,Brownwood,Home and lifestyle,$77,1.0,24/02/25,21:50:00,Ewallet,6.0,0.33
2814,M085,Kerrville,Fashion accessories,$73,2.0,23/04/25,20:39:00,Ewallet,6.0,0.33
2815,M097,Alice,Home and lifestyle,$19,3.0,14/02/25,20:42:00,Ewallet,4.0,0.18
2816,M015,Grand Prairie,Fashion accessories,$28,2.0,22/02/25,8:41:00,Ewallet,4.0,0.48
2817,M030,Richardson,Home and lifestyle,$57,2.0,25/01/25,21:41:00,Ewallet,7.0,0.48
2818,M066,Grapevine,Fashion accessories,$29,1.0,11/11/25,15:08:00,Ewallet,6.0,0.33
2819,M079,La Porte,Home and lifestyle,$82,1.0,17/12/25,12:11:00,Ewallet,4.0,0.33
2820,M023,Midland,Electronic accessories,$17,1.0,31/12/25,8:03:00,Ewallet,6.0,0.48
2821,M013,Irving,Electronic accessories,$16,1.0,23/07/25,10:32:00,Ewallet,5.0,0.48
2822,M100,Canyon,Electronic accessories,$52,2.0,01/11/25,6:50:00,Ewallet,5.0,0.18
2823,M098,Mineral Wells,Electronic accessories,$51,1.0,11/11/25,22:48:00,Ewallet,8.0,0.18
2824,M061,Cedar Park,Electronic accessories,$63,3.0,28/09/25,15:42:00,Ewallet,8.0,0.33
2825,M030,Richardson,Electronic accessories,$58,3.0,26/01/25,22:08:00,Ewallet,7.0,0.48
2826,M016,Brownsville,Electronic accessories,$47,3.0,07/08/25,22:20:00,Ewallet,6.0,0.48
2827,M095,Big Spring,Electronic accessories,$75,2.0,12/02/25,12:31:00,Ewallet,8.0,0.33
2828,M026,Denton,Electronic accessories,$15,2.0,10/02/25,10:16:00,Ewallet,9.0,0.48
2829,M019,Pasadena,Electronic accessories,$21,2.0,12/08/25,6:36:00,Ewallet,8.0,0.48
2830,M061,Cedar Park,Electronic accessories,$50,3.0,04/06/25,17:38:00,Ewallet,5.0,0.33
2831,M013,Irving,Electronic accessories,$35,2.0,28/07/25,11:53:00,Ewallet,8.0,0.48
2832,M080,Nacogdoches,Electronic accessories,$24,3.0,20/01/25,15:41:00,Ewallet,8.0,0.33
2833,M022,Mesquite,Electronic accessories,$70,2.0,14/05/25,20:45:00,Ewallet,7.0,0.48
2834,M016,Brownsville,Electronic accessories,$79,2.0,18/02/25,16:56:00,Ewallet,5.0,0.48
2835,M070,Hurst,Electronic accessories,$79,2.0,16/02/25,22:53:00,Ewallet,5.0,0.33
2836,M072,Lancaster,Electronic accessories,$21,2.0,16/06/25,15:05:00,Ewallet,9.0,0.33
2837,M030,Richardson,Electronic accessories,$60,2.0,25/09/25,16:02:00,Ewallet,6.0,0.48
2838,M057,Euless,Electronic accessories,$33,3.0,30/11/25,11:21:00,Ewallet,5.0,0.33
2839,M058,Port Arthur,Home and lifestyle,$51,2.0,05/08/25,14:58:00,Ewallet,8.0,0.33
2840,M041,Mission,Fashion accessories,$27,2.0,21/08/25,12:43:00,Ewallet,7.0,0.48
2841,M057,Euless,Home and lifestyle,$68,3.0,04/01/25,7:12:00,Ewallet,5.0,0.33
2842,M040,Edinburg,Fashion accessories,$48,1.0,21/12/25,10:33:00,Ewallet,9.0,0.48
2843,M053,Conroe,Home and lifestyle,$25,1.0,14/12/25,14:37:00,Ewallet,5.0,0.57
2844,M037,League City,Fashion accessories,$61,3.0,12/02/25,9:47:00,Ewallet,5.0,0.48
2845,M030,Richardson,Home and lifestyle,$24,3.0,26/03/25,17:37:00,Ewallet,7.0,0.48
2846,M061,Cedar Park,Fashion accessories,$70,2.0,05/10/25,7:50:00,Ewallet,4.0,0.33
2847,M036,Allen,Home and lifestyle,$69,3.0,07/12/25,13:37:00,Ewallet,9.0,0.48
2848,M044,Pharr,Fashion accessories,$63,1.0,05/06/25,9:44:00,Ewallet,5.0,0.48
2849,M078,Del Rio,Home and lifestyle,$58,3.0,19/05/25,15:57:00,Ewallet,4.0,0.33
2850,M088,Cleburne,Fashion accessories,$85,1.0,01/03/25,17:17:00,Ewallet,9.0,0.33
2851,M047,Flower Mound,Home and lifestyle,$38,3.0,03/03/25,13:55:00,Ewallet,5.0,0.48
2852,M020,Killeen,Fashion accessories,$44,1.0,07/08/25,21:08:00,Ewallet,6.0,0.48
2853,M066,Grapevine,Home and lifestyle,$66,3.0,24/10/25,15:08:00,Ewallet,7.0,0.33
2854,M022,Mesquite,Fashion accessories,$35,1.0,21/01/25,7:33:00,Ewallet,8.0,0.48
2855,M043,Baytown,Home and lifestyle,$43,1.0,25/10/25,6:04:00,Ewallet,9.0,0.48
2856,M097,Alice,Fashion accessories,$15,2.0,30/03/25,6:40:00,Ewallet,5.0,0.18
2857,M024,Carrollton,Home and lifestyle,$31,1.0,01/03/25,12:33:00,Ewallet,4.0,0.48
2858,M022,Mesquite,Fashion accessories,$29,3.0,27/06/25,20:07:00,Ewallet,5.0,0.48
2859,M008,Corpus Christi,Home and lifestyle,$65,2.0,18/05/25,18:33:00,Ewallet,8.0,0.48
2860,M094,Alamo,Fashion accessories,$33,2.0,12/10/25,16:30:00,Ewallet,9.0,0.33
2861,M092,Lake Jackson,Home and lifestyle,$28,1.0,09/09/25,17:12:00,Ewallet,8.0,0.33
2862,M009,Plano,Fashion accessories,$17,3.0,21/04/25,21:15:00,Ewallet,9.0,0.48
2863,M028,Odessa,Home and lifestyle,$28,2.0,21/11/25,8:09:00,Ewallet,5.0,0.48
2864,M023,Midland,Fashion accessories,$64,3.0,14/12/25,14:29:00,Ewallet,9.0,0.48
2865,M039,Longview,Home and lifestyle,$84,3.0,26/08/25,13:59:00,Ewallet,6.0,0.48
2866,M053,Conroe,Fashion accessories,$25,3.0,04/02/25,19:12:00,Ewallet,7.0,0.21
2867,M095,Big Spring,Home and lifestyle,$57,1.0,01/03/25,20:58:00,Ewallet,6.0,0.33
2868,M048,Harlingen,Fashion accessories,$76,3.0,15/02/25,21:48:00,Ewallet,8.0,0.48
2869,M061,Cedar Park,Home and lifestyle,$53,1.0,29/12/25,7:40:00,Ewallet,5.0,0.33
2870,M005,Fort Worth,Fashion accessories,$40,2.0,19/07/25,17:57:00,Ewallet,6.0,0.48
2871,M015,Grand Prairie,Home and lifestyle,$36,2.0,27/08/25,16:09:00,Ewallet,9.0,0.48
2872,M085,Kerrville,Fashion accessories,$69,3.0,03/05/25,18:17:00,Ewallet,9.0,0.33
2873,M049,North Richland Hills,Home and lifestyle,$17,1.0,11/05/25,19:12:00,Ewallet,7.0,0.48
2874,M063,Georgetown,Fashion accessories,$27,1.0,09/04/25,21:56:00,Ewallet,8.0,0.33
2875,M010,Laredo,Home and lifestyle,$31,3.0,29/06/25,16:13:00,Ewallet,9.0,0.48
2876,M095,Big Spring,Fashion accessories,$82,3.0,29/09/25,21:46:00,Ewallet,5.0,0.33
2877,M018,Frisco,Home and lifestyle,$37,3.0,17/01/25,12:22:00,Ewallet,7.0,0.48
2878,M007,Arlington,Fashion accessories,$69,1.0,04/03/25,13:18:00,Ewallet,6.0,0.48
2879,M030,Richardson,Home and lifestyle,$36,3.0,25/12/25,19:26:00,Ewallet,4.0,0.48
2880,M045,Missouri City,Fashion accessories,$33,1.0,15/03/25,15:08:00,Credit card,5.0,0.48
2881,M004,Austin,Home and lifestyle,$73,1.0,21/05/25,21:22:00,Ewallet,7.0,0.48
2882,M017,McKinney,Fashion accessories,$32,1.0,18/11/25,10:43:00,Ewallet,4.0,0.48
2883,M078,Del Rio,Home and lifestyle,$19,2.0,09/06/25,22:36:00,Ewallet,5.0,0.33
2884,M016,Brownsville,Fashion accessories,$77,3.0,02/07/25,18:50:00,Ewallet,6.0,0.48
2885,M033,Pearland,Home and lifestyle,$78,1.0,14/08/25,20:53:00,Ewallet,7.0,0.48
2886,M091,Little Elm,Fashion accessories,$62,3.0,26/04/25,7:43:00,Ewallet,5.0,0.33
2887,M028,Odessa,Home and lifestyle,$85,2.0,26/02/25,19:58:00,Ewallet,9.0,0.48
2888,M051,New Braunfels,Fashion accessories,$29,1.0,12/06/25,17:33:00,Ewallet,5.0,0.57
2889,M090,Brownwood,Home and lifestyle,$80,3.0,23/12/25,11:19:00,Ewallet,8.0,0.33
2890,M049,North Richland Hills,Fashion accessories,$17,3.0,25/11/25,17:01:00,Ewallet,5.0,0.48
2891,M096,Eagle Pass,Home and lifestyle,$83,3.0,27/10/25,10:32:00,Ewallet,5.0,0.33
2892,M047,Flower Mound,Fashion accessories,$37,1.0,29/06/25,12:48:00,Ewallet,7.0,0.48
2893,M058,Port Arthur,Home and lifestyle,$34,2.0,30/04/25,12:21:00,Ewallet,7.0,0.33
2894,M078,Del Rio,Fashion accessories,$69,3.0,01/05/25,8:50:00,Ewallet,5.0,0.33
2895,M092,Lake Jackson,Home and lifestyle,$16,2.0,19/02/25,15:14:00,Ewallet,8.0,0.33
2896,M022,Mesquite,Fashion accessories,$52,1.0,20/05/25,9:06:00,Ewallet,4.0,0.48
2897,M097,Alice,Home and lifestyle,$16,1.0,01/10/25,8:25:00,Ewallet,8.0,0.18
2898,M019,Pasadena,Fashion accessories,$81,3.0,17/09/25,6:57:00,Ewallet,6.0,0.48
2899,M042,Bryan,Home and lifestyle,$15,2.0,25/06/25,20:50:00,Ewallet,6.0,0.48
2900,M083,Farmers Branch,Fashion accessories,$40,3.0,02/10/25,19:05:00,Ewallet,9.0,0.33
2901,M092,Lake Jackson,Home and lifestyle,$51,1.0,19/05/25,6:53:00,Ewallet,8.0,0.33
2902,M019,Pasadena,Fashion accessories,$30,3.0,13/04/25,13:14:00,Ewallet,5.0,0.48
2903,M052,Mansfield,Home and lifestyle,$48,3.0,20/11/25,16:18:00,Ewallet,6.0,0.57
2904,M098,Mineral Wells,Fashion accessories,$36,3.0,30/05/25,16:36:00,Ewallet,6.0,0.18
2905,M001,Houston,Home and lifestyle,$26,1.0,11/03/25,21:51:00,Ewallet,4.0,0.36
2906,M080,Nacogdoches,Fashion accessories,$78,1.0,19/03/25,7:46:00,Ewallet,6.0,0.33
2907,M047,Flower Mound,Home and lifestyle,$48,2.0,19/04/25,9:23:00,Ewallet,5.0,0.48
2908,M027,Abilene,Fashion accessories,$23,3.0,02/05/25,15:12:00,Ewallet,4.0,0.48
2909,M052,Mansfield,Home and lifestyle,$85,3.0,21/08/25,15:05:00,Ewallet,8.0,0.57
2910,M053,Conroe,Fashion accessories,$48,2.0,25/08/25,11:44:00,Ewallet,8.0,0.21
2911,M070,Hurst,Home and lifestyle,$45,2.0,26/05/25,6:24:00,Ewallet,8.0,0.33
2912,M049,North Richland Hills,Fashion accessories,$73,2.0,06/10/25,22:17:00,Ewallet,9.0,0.48
2913,M049,North Richland Hills,Home and lifestyle,$73,2.0,25/07/25,22:58:00,Ewallet,6.0,0.48
2914,M071,Lufkin,Fashion accessories,$44,1.0,19/05/25,14:28:00,Ewallet,8.0,0.33
2915,M007,Arlington,Home and lifestyle,$66,1.0,22/04/25,13:38:00,Ewallet,4.0,0.48
2916,M096,Eagle Pass,Fashion accessories,$81,1.0,15/10/25,12:46:00,Ewallet,4.0,0.18
2917,M002,Dallas,Home and lifestyle,$63,1.0,26/12/25,16:59:00,Ewallet,7.0,0.36
2918,M067,Haltom City,Fashion accessories,$21,1.0,16/05/25,13:08:00,Ewallet,4.0,0.33
2919,M067,Haltom City,Home and lifestyle,$80,3.0,26/06/25,11:30:00,Ewallet,4.0,0.33
2920,M098,Mineral Wells,Fashion accessories,$67,2.0,26/07/25,18:13:00,Ewallet,8.0,0.18
2921,M026,Denton,Home and lifestyle,$18,1.0,13/12/25,17:47:00,Ewallet,8.0,0.48
2922,M015,Grand Prairie,Fashion accessories,$83,2.0,13/02/25,9:45:00,Ewallet,4.0,0.48
2923,M013,Irving,Home and lifestyle,$64,3.0,06/04/25,16:02:00,Ewallet,5.0,0.48
2924,M045,Missouri City,Fashion accessories,$52,1.0,04/07/25,18:02:00,Credit card,5.0,0.48
2925,M083,Farmers Branch,Home and lifestyle,$84,3.0,28/10/25,22:07:00,Ewallet,9.0,0.33
2926,M033,Pearland,Fashion accessories,$40,1.0,21/10/25,13:47:00,Ewallet,5.0,0.48
2927,M100,Canyon,Home and lifestyle,$51,3.0,02/04/25,6:57:00,Ewallet,7.0,0.18
2928,M004,Austin,Fashion accessories,$62,3.0,06/08/25,12:13:00,Ewallet,7.0,0.48
2929,M022,Mesquite,Home and lifestyle,$57,2.0,16/07/25,8:36:00,Ewallet,8.0,0.48
2930,M047,Flower Mound,Fashion accessories,$66,3.0,15/12/25,8:22:00,Ewallet,5.0,0.48
2931,M076,Huntsville,Home and lifestyle,$71,2.0,09/08/25,11:10:00,Ewallet,6.0,0.33
2932,M010,Laredo,Fashion accessories,$24,1.0,09/03/25,19:11:00,Ewallet,5.0,0.48
2933,M027,Abilene,Home and lifestyle,$83,1.0,16/05/25,13:09:00,Ewallet,9.0,0.48
2934,M016,Brownsville,Fashion accessories,$45,1.0,11/12/25,17:26:00,Ewallet,7.0,0.48
2935,M062,Galveston,Home and lifestyle,$67,3.0,29/03/25,20:50:00,Ewallet,4.0,0.33
2936,M048,Harlingen,Fashion accessories,$81,3.0,27/02/25,18:15:00,Ewallet,8.0,0.48
2937,M012,Garland,Home and lifestyle,$61,3.0,25/11/25,14:25:00,Ewallet,5.0,0.48
2938,M059,Pflugerville,Fashion accessories,$77,2.0,27/10/25,13:52:00,Ewallet,4.0,0.33
2939,M093,Angleton,Home and lifestyle,$30,1.0,06/04/25,19:09:00,Ewallet,6.0,0.33
2940,M022,Mesquite,Fashion accessories,$77,2.0,15/10/25,12:58:00,Ewallet,6.0,0.48
2941,M033,Pearland,Home and lifestyle,$42,1.0,20/02/25,13:55:00,Ewallet,9.0,0.48
2942,M034,College Station,Fashion accessories,$51,1.0,14/11/25,8:47:00,Ewallet,5.0,0.48
2943,M004,Austin,Home and lifestyle,$83,2.0,09/01/25,7:20:00,Ewallet,9.0,0.48
2944,M100,Canyon,Fashion accessories,$32,3.0,30/12/25,22:10:00,Ewallet,4.0,0.18
2945,M072,Lancaster,Home and lifestyle,$26,1.0,26/07/25,15:33:00,Ewallet,5.0,0.33
2946,M024,Carrollton,Fashion accessories,$23,1.0,18/02/25,13:03:00,Ewallet,6.0,0.48
2947,M040,Edinburg,Home and lifestyle,$84,1.0,23/12/25,14:10:00,Ewallet,8.0,0.48
2948,M091,Little Elm,Fashion accessories,$42,2.0,11/02/25,13:36:00,Ewallet,8.0,0.33
2949,M095,Big Spring,Home and lifestyle,$33,3.0,01/03/25,14:25:00,Ewallet,8.0,0.33
2950,M006,El Paso,Fashion accessories,$84,2.0,22/10/25,20:27:00,Ewallet,9.0,0.48
2951,M007,Arlington,Home and lifestyle,$69,3.0,13/02/25,16:19:00,Ewallet,6.0,0.48
2952,M011,Lubbock,Fashion accessories,$54,2.0,08/09/25,16:10:00,Ewallet,5.0,0.48
2953,M010,Laredo,Home and lifestyle,$15,1.0,25/02/25,20:24:00,Ewallet,8.0,0.48
2954,M081,Friendswood,Fashion accessories,$69,3.0,18/05/25,6:20:00,Ewallet,7.0,0.33
2955,M048,Harlingen,Home and lifestyle,$30,3.0,29/09/25,8:35:00,Ewallet,9.0,0.48
2956,M045,Missouri City,Fashion accessories,$48,1.0,15/02/25,10:00:00,Credit card,7.0,0.48
2957,M077,Coppell,Home and lifestyle,$70,1.0,05/05/25,13:33:00,Ewallet,5.0,0.33
2958,M023,Midland,Fashion accessories,$23,2.0,02/12/25,19:52:00,Ewallet,8.0,0.48
2959,M096,Eagle Pass,Home and lifestyle,$64,3.0,01/12/25,6:48:00,Ewallet,5.0,0.33
2960,M079,La Porte,Fashion accessories,$62,2.0,23/04/25,15:42:00,Ewallet,5.0,0.33
2961,M034,College Station,Home and lifestyle,$43,3.0,20/02/25,22:19:00,Ewallet,4.0,0.48
2962,M049,North Richland Hills,Fashion accessories,$64,1.0,03/05/25,15:27:00,Ewallet,7.0,0.48
2963,M083,Farmers Branch,Home and lifestyle,$79,2.0,03/06/25,10:19:00,Ewallet,7.0,0.33
2964,M005,Fort Worth,Fashion accessories,$50,1.0,01/10/25,21:25:00,Ewallet,6.0,0.48
2965,M018,Frisco,Home and lifestyle,$58,1.0,26/12/25,20:38:00,Ewallet,7.0,0.48
2966,M011,Lubbock,Fashion accessories,$41,3.0,28/03/25,7:41:00,Ewallet,5.0,0.48
2967,M020,Killeen,Home and lifestyle,$15,3.0,20/09/25,22:42:00,Ewallet,5.0,0.48
2968,M047,Flower Mound,Fashion accessories,$72,1.0,09/12/25,12:54:00,Ewallet,8.0,0.48
2969,M062,Galveston,Home and lifestyle,$70,3.0,09/05/25,14:48:00,Ewallet,8.0,0.33
2970,M079,La Porte,Fashion accessories,$42,3.0,29/10/25,13:32:00,Ewallet,4.0,0.33
2971,M028,Odessa,Home and lifestyle,$41,2.0,01/09/25,22:09:00,Ewallet,7.0,0.48
2972,M085,Kerrville,Fashion accessories,$18,1.0,27/02/25,13:12:00,Ewallet,6.0,0.33
2973,M020,Killeen,Home and lifestyle,$20,2.0,14/06/25,6:40:00,Ewallet,5.0,0.48
2974,M009,Plano,Fashion accessories,$57,2.0,18/07/25,18:21:00,Ewallet,5.0,0.48
2975,M009,Plano,Home and lifestyle,$54,2.0,05/11/25,18:09:00,Ewallet,4.0,0.48
2976,M005,Fort Worth,Fashion accessories,$45,2.0,19/11/25,10:36:00,Ewallet,4.0,0.48
2977,M015,Grand Prairie,Home and lifestyle,$35,3.0,02/10/25,18:19:00,Ewallet,9.0,0.48
2978,M010,Laredo,Fashion accessories,$63,2.0,08/01/25,14:00:00,Ewallet,7.0,0.48
2979,M017,McKinney,Home and lifestyle,$82,2.0,05/10/25,6:47:00,Ewallet,7.0,0.48
2980,M063,Georgetown,Fashion accessories,$31,3.0,07/09/25,17:20:00,Ewallet,8.0,0.33
2981,M059,Pflugerville,Home and lifestyle,$59,3.0,28/02/25,22:11:00,Ewallet,8.0,0.33
2982,M063,Georgetown,Fashion accessories,$27,3.0,13/09/25,23:00:00,Ewallet,5.0,0.33
2983,M041,Mission,Home and lifestyle,$69,1.0,03/03/25,8:08:00,Ewallet,8.0,0.48
2984,M004,Austin,Fashion accessories,$45,3.0,25/06/25,15:59:00,Ewallet,9.0,0.48
2985,M088,Cleburne,Home and lifestyle,$50,3.0,14/09/25,12:58:00,Ewallet,8.0,0.33
2986,M060,DeSoto,Fashion accessories,$29,3.0,04/03/25,17:07:00,Ewallet,6.0,0.33
2987,M064,Bedford,Home and lifestyle,$32,3.0,09/10/25,13:50:00,Ewallet,8.0,0.33
2988,M078,Del Rio,Fashion accessories,$41,2.0,28/04/25,6:04:00,Ewallet,6.0,0.33
2989,M062,Galveston,Home and lifestyle,$76,2.0,04/07/25,21:07:00,Ewallet,8.0,0.33
2990,M090,Brownwood,Fashion accessories,$58,3.0,29/04/25,15:54:00,Ewallet,4.0,0.33
2991,M021,McAllen,Home and lifestyle,$28,3.0,18/10/25,18:57:00,Ewallet,8.0,0.48
2992,M016,Brownsville,Fashion accessories,$55,3.0,09/02/25,12:27:00,Ewallet,6.0,0.48
2993,M042,Bryan,Home and lifestyle,$42,2.0,30/03/25,10:57:00,Ewallet,6.0,0.48
2994,M006,El Paso,Fashion accessories,$69,1.0,03/10/25,16:46:00,Ewallet,4.0,0.48
2995,M028,Odessa,Home and lifestyle,$50,3.0,26/07/25,20:11:00,Ewallet,7.0,0.48
2996,M031,Lewisville,Fashion accessories,$34,1.0,25/11/25,18:05:00,Ewallet,5.0,0.48
2997,M061,Cedar Park,Home and lifestyle,$43,2.0,28/09/25,12:37:00,Ewallet,9.0,0.33
2998,M095,Big Spring,Fashion accessories,$84,1.0,27/03/25,15:29:00,Ewallet,5.0,0.33
2999,M051,New Braunfels,Home and lifestyle,$73,3.0,27/07/25,20:30:00,Ewallet,9.0,0.48
3000,M022,Mesquite,Fashion accessories,$60,2.0,02/10/25,7:16:00,Ewallet,8.0,0.48
3001,M061,Cedar Park,Home and lifestyle,$79,3.0,04/08/25,21:55:00,Ewallet,9.0,0.33
3002,M072,Lancaster,Fashion accessories,$79,2.0,19/10/25,19:27:00,Ewallet,4.0,0.33
3003,M098,Mineral Wells,Home and lifestyle,$29,3.0,03/09/25,17:48:00,Ewallet,6.0,0.18
3004,M088,Cleburne,Fashion accessories,$33,3.0,19/04/25,22:50:00,Ewallet,8.0,0.33
3005,M094,Alamo,Home and lifestyle,$17,2.0,06/12/25,12:19:00,Ewallet,5.0,0.33
3006,M076,Huntsville,Fashion accessories,$83,3.0,15/06/25,19:34:00,Ewallet,8.0,0.33
3007,M008,Corpus Christi,Home and lifestyle,$64,1.0,14/10/25,17:41:00,Ewallet,9.0,0.48
3008,M070,Hurst,Fashion accessories,$69,3.0,30/11/25,17:18:00,Ewallet,4.0,0.33
3009,M009,Plano,Home and lifestyle,$73,1.0,30/09/25,20:30:00,Ewallet,9.0,0.48
3010,M016,Brownsville,Fashion accessories,$58,3.0,02/06/25,14:51:00,Ewallet,6.0,0.48
3011,M085,Kerrville,Home and lifestyle,$67,1.0,24/02/25,10:37:00,Ewallet,9.0,0.33
3012,M019,Pasadena,Fashion accessories,$76,2.0,13/08/25,17:28:00,Ewallet,7.0,0.48
3013,M060,DeSoto,Home and lifestyle,$58,1.0,01/03/25,8:17:00,Ewallet,6.0,0.33
3014,M061,Cedar Park,Fashion accessories,$66,3.0,27/04/25,14:02:00,Ewallet,6.0,0.33
3015,M001,Houston,Home and lifestyle,$60,3.0,09/12/25,15:01:00,Ewallet,7.0,0.36
3016,M077,Coppell,Fashion accessories,$42,1.0,19/08/25,22:06:00,Ewallet,4.0,0.33
3017,M043,Baytown,Home and lifestyle,$35,1.0,25/03/25,9:49:00,Ewallet,6.0,0.48
3018,M076,Huntsville,Fashion accessories,$67,2.0,03/02/25,7:59:00,Ewallet,6.0,0.33
3019,M067,Haltom City,Home and lifestyle,$75,3.0,31/01/25,16:39:00,Ewallet,5.0,0.33
3020,M066,Grapevine,Fashion accessories,$85,1.0,11/02/25,12:26:00,Ewallet,7.0,0.33
3021,M079,La Porte,Home and lifestyle,$32,2.0,05/12/25,10:40:00,Ewallet,5.0,0.33
3022,M058,Port Arthur,Fashion accessories,$27,3.0,23/02/25,7:16:00,Ewallet,4.0,0.33
3023,M011,Lubbock,Home and lifestyle,$68,2.0,23/06/25,22:57:00,Ewallet,5.0,0.48
3024,M059,Pflugerville,Fashion accessories,$42,2.0,24/08/25,9:19:00,Ewallet,9.0,0.33
3025,M017,McKinney,Home and lifestyle,$35,3.0,17/08/25,12:13:00,Ewallet,8.0,0.48
3026,M079,La Porte,Fashion accessories,$35,3.0,20/07/25,11:46:00,Ewallet,7.0,0.33
3027,M036,Allen,Home and lifestyle,$85,3.0,21/02/25,6:10:00,Ewallet,6.0,0.48
3028,M018,Frisco,Fashion accessories,$41,2.0,30/07/25,13:09:00,Ewallet,5.0,0.48
3029,M001,Houston,Home and lifestyle,$59,3.0,25/01/25,7:36:00,Ewallet,7.0,0.36
3030,M044,Pharr,Fashion accessories,$43,3.0,03/07/25,11:55:00,Ewallet,6.0,0.48
3031,M004,Austin,Home and lifestyle,$46,1.0,14/07/25,22:35:00,Ewallet,6.0,0.48
3032,M023,Midland,Fashion accessories,$71,2.0,06/06/25,16:25:00,Ewallet,6.0,0.48
3033,M053,Conroe,Home and lifestyle,$85,1.0,12/09/25,10:16:00,Ewallet,8.0,0.57
3034,M002,Dallas,Fashion accessories,$36,3.0,30/06/25,17:40:00,Ewallet,7.0,0.36
3035,M026,Denton,Home and lifestyle,$84,2.0,15/04/25,18:49:00,Ewallet,9.0,0.48
3036,M064,Bedford,Fashion accessories,$19,3.0,29/04/25,7:46:00,Ewallet,5.0,0.33
3037,M042,Bryan,Home and lifestyle,$54,2.0,07/10/25,15:40:00,Ewallet,9.0,0.48
3038,M080,Nacogdoches,Fashion accessories,$41,3.0,07/12/25,8:20:00,Ewallet,9.0,0.33
3039,M020,Killeen,Home and lifestyle,$32,1.0,18/07/25,12:11:00,Ewallet,9.0,0.48
3040,M095,Big Spring,Fashion accessories,$50,2.0,26/10/25,11:59:00,Ewallet,8.0,0.33
3041,M037,League City,Home and lifestyle,$57,1.0,26/05/25,6:48:00,Ewallet,4.0,0.48
3042,M069,Rockwall,Fashion accessories,$20,1.0,27/08/25,15:38:00,Ewallet,9.0,0.33
3043,M085,Kerrville,Home and lifestyle,$83,1.0,19/03/25,9:44:00,Ewallet,9.0,0.33
3044,M048,Harlingen,Fashion accessories,$54,1.0,01/11/25,7:57:00,Ewallet,4.0,0.48
3045,M024,Carrollton,Home and lifestyle,$43,3.0,27/11/25,11:52:00,Ewallet,4.0,0.48
3046,M018,Frisco,Fashion accessories,$35,3.0,05/08/25,16:17:00,Ewallet,9.0,0.48
3047,M061,Cedar Park,Home and lifestyle,$59,3.0,14/08/25,20:25:00,Ewallet,7.0,0.33
3048,M063,Georgetown,Fashion accessories,$42,3.0,09/12/25,18:09:00,Ewallet,6.0,0.33
3049,M096,Eagle Pass,Home and lifestyle,$67,3.0,12/08/25,14:55:00,Ewallet,5.0,0.33
3050,M004,Austin,Fashion accessories,$72,3.0,19/02/25,22:30:00,Ewallet,4.0,0.48
3051,M093,Angleton,Home and lifestyle,$20,2.0,18/01/25,7:24:00,Ewallet,8.0,0.33
3052,M091,Little Elm,Fashion accessories,$81,1.0,24/04/25,13:22:00,Ewallet,4.0,0.33
3053,M016,Brownsville,Home and lifestyle,$62,3.0,30/05/25,6:24:00,Ewallet,5.0,0.48
3054,M069,Rockwall,Fashion accessories,$56,1.0,23/01/25,21:01:00,Ewallet,7.0,0.33
3055,M006,El Paso,Home and lifestyle,$16,3.0,18/11/25,20:47:00,Ewallet,9.0,0.48
3056,M023,Midland,Fashion accessories,$22,3.0,11/09/25,9:00:00,Ewallet,5.0,0.48
3057,M013,Irving,Home and lifestyle,$18,2.0,27/02/25,16:41:00,Ewallet,6.0,0.48
3058,M036,Allen,Fashion accessories,$22,1.0,17/12/25,10:02:00,Ewallet,9.0,0.48
3059,M052,Mansfield,Home and lifestyle,$62,3.0,23/03/25,19:08:00,Ewallet,8.0,0.57
3060,M052,Mansfield,Fashion accessories,$21,1.0,24/07/25,9:07:00,Ewallet,6.0,0.57
3061,M005,Fort Worth,Home and lifestyle,$43,3.0,01/07/25,12:42:00,Ewallet,6.0,0.48
3062,M078,Del Rio,Fashion accessories,$15,1.0,14/01/25,13:17:00,Ewallet,9.0,0.33
3063,M049,North Richland Hills,Home and lifestyle,$72,3.0,12/02/25,9:07:00,Ewallet,9.0,0.48
3064,M063,Georgetown,Fashion accessories,$46,2.0,19/03/25,11:28:00,Ewallet,9.0,0.33
3065,M030,Richardson,Home and lifestyle,$17,2.0,22/11/25,19:21:00,Ewallet,9.0,0.48
3066,M076,Huntsville,Fashion accessories,$61,2.0,25/12/25,17:24:00,Ewallet,9.0,0.33
3067,M047,Flower Mound,Home and lifestyle,$45,1.0,31/01/25,18:41:00,Ewallet,8.0,0.48
3068,M026,Denton,Fashion accessories,$24,1.0,15/05/25,10:52:00,Ewallet,8.0,0.48
3069,M015,Grand Prairie,Home and lifestyle,$82,2.0,27/11/25,6:36:00,Ewallet,7.0,0.48
3070,M027,Abilene,Fashion accessories,$41,2.0,06/09/25,21:14:00,Ewallet,8.0,0.48
3071,M020,Killeen,Home and lifestyle,$33,1.0,19/06/25,10:23:00,Ewallet,6.0,0.48
3072,M058,Port Arthur,Fashion accessories,$80,2.0,09/09/25,13:00:00,Ewallet,9.0,0.33
3073,M031,Lewisville,Home and lifestyle,$17,1.0,22/01/25,7:31:00,Ewallet,4.0,0.48
3074,M048,Harlingen,Fashion accessories,$15,1.0,06/05/25,10:58:00,Ewallet,7.0,0.48
3075,M044,Pharr,Home and lifestyle,$19,1.0,07/08/25,14:03:00,Ewallet,6.0,0.48
3076,M012,Garland,Fashion accessories,$78,3.0,09/05/25,10:19:00,Ewallet,7.0,0.48
3077,M060,DeSoto,Home and lifestyle,$68,2.0,22/07/25,14:15:00,Ewallet,5.0,0.33
3078,M047,Flower Mound,Fashion accessories,$57,2.0,07/03/25,18:46:00,Ewallet,6.0,0.48
3079,M076,Huntsville,Home and lifestyle,$73,3.0,30/05/25,12:48:00,Ewallet,7.0,0.33
3080,M098,Mineral Wells,Fashion accessories,$74,1.0,25/11/25,17:10:00,Ewallet,5.0,0.18
3081,M007,Arlington,Home and lifestyle,$40,1.0,20/04/25,16:57:00,Ewallet,5.0,0.48
3082,M059,Pflugerville,Fashion accessories,$18,3.0,03/01/25,10:39:00,Ewallet,7.0,0.33
3083,M078,Del Rio,Home and lifestyle,$30,2.0,01/09/25,8:12:00,Ewallet,9.0,0.33
3084,M083,Farmers Branch,Fashion accessories,$33,3.0,08/09/25,17:19:00,Ewallet,5.0,0.33
3085,M017,McKinney,Home and lifestyle,$17,3.0,16/04/25,17:02:00,Ewallet,6.0,0.48
3086,M011,Lubbock,Fashion accessories,$73,1.0,13/05/25,6:25:00,Ewallet,9.0,0.48
3087,M077,Coppell,Home and lifestyle,$21,3.0,01/01/25,14:23:00,Ewallet,9.0,0.33
3088,M041,Mission,Fashion accessories,$27,2.0,20/01/25,13:25:00,Ewallet,9.0,0.48
3089,M022,Mesquite,Home and lifestyle,$27,3.0,01/04/25,6:34:00,Ewallet,5.0,0.48
3090,M039,Longview,Fashion accessories,$36,1.0,18/08/25,19:45:00,Ewallet,9.0,0.48
3091,M001,Houston,Home and lifestyle,$47,1.0,25/07/25,10:22:00,Ewallet,4.0,0.36
3092,M085,Kerrville,Fashion accessories,$68,3.0,21/06/25,19:49:00,Ewallet,9.0,0.33
3093,M067,Haltom City,Home and lifestyle,$64,3.0,08/04/25,7:56:00,Ewallet,6.0,0.33
3094,M002,Dallas,Fashion accessories,$71,3.0,23/01/25,10:41:00,Ewallet,6.0,0.36
3095,M093,Angleton,Home and lifestyle,$84,3.0,03/09/25,18:43:00,Ewallet,7.0,0.33
3096,M001,Houston,Fashion accessories,$29,3.0,19/11/25,19:26:00,Ewallet,4.0,0.36
3097,M060,DeSoto,Home and lifestyle,$20,3.0,07/07/25,7:05:00,Ewallet,8.0,0.33
3098,M024,Carrollton,Fashion accessories,$56,1.0,20/09/25,17:11:00,Ewallet,5.0,0.48
3099,M026,Denton,Home and lifestyle,$47,2.0,27/11/25,13:36:00,Ewallet,5.0,0.48
3100,M083,Farmers Branch,Fashion accessories,$62,2.0,20/07/25,14:52:00,Ewallet,7.0,0.33
3101,M093,Angleton,Home and lifestyle,$21,3.0,26/01/25,7:44:00,Ewallet,9.0,0.33
3102,M042,Bryan,Fashion accessories,$81,1.0,29/12/25,14:54:00,Ewallet,8.0,0.48
3103,M002,Dallas,Home and lifestyle,$83,1.0,22/01/25,8:46:00,Ewallet,8.0,0.36
3104,M057,Euless,Fashion accessories,$46,3.0,30/08/25,18:56:00,Ewallet,4.0,0.33
3105,M033,Pearland,Home and lifestyle,$18,3.0,03/02/25,13:16:00,Ewallet,9.0,0.48
3106,M066,Grapevine,Fashion accessories,$16,2.0,02/12/25,13:08:00,Ewallet,7.0,0.33
3107,M092,Lake Jackson,Home and lifestyle,$18,1.0,01/07/25,9:46:00,Ewallet,8.0,0.33
3108,M022,Mesquite,Fashion accessories,$78,3.0,06/05/25,18:01:00,Ewallet,5.0,0.48
3109,M005,Fort Worth,Home and lifestyle,$31,2.0,02/07/25,13:28:00,Ewallet,5.0,0.48
3110,M039,Longview,Fashion accessories,$15,1.0,07/01/25,10:30:00,Ewallet,9.0,0.48
3111,M004,Austin,Home and lifestyle,$32,2.0,14/09/25,9:34:00,Ewallet,6.0,0.48
3112,M079,La Porte,Fashion accessories,$37,3.0,09/11/25,22:01:00,Ewallet,5.0,0.33
3113,M085,Kerrville,Home and lifestyle,$54,1.0,08/05/25,20:01:00,Ewallet,4.0,0.33
3114,M021,McAllen,Fashion accessories,$74,1.0,22/04/25,10:03:00,Ewallet,6.0,0.48
3115,M001,Houston,Home and lifestyle,$35,1.0,19/11/25,17:54:00,Ewallet,4.0,0.36
3116,M010,Laredo,Fashion accessories,$68,3.0,28/06/25,19:49:00,Ewallet,7.0,0.48
3117,M037,League City,Home and lifestyle,$28,1.0,18/11/25,19:49:00,Ewallet,7.0,0.48
3118,M062,Galveston,Fashion accessories,$63,3.0,13/08/25,8:21:00,Ewallet,8.0,0.33
3119,M047,Flower Mound,Home and lifestyle,$74,2.0,21/04/25,19:33:00,Ewallet,4.0,0.48
3120,M093,Angleton,Fashion accessories,$55,2.0,10/09/25,20:42:00,Ewallet,7.0,0.33
3121,M005,Fort Worth,Home and lifestyle,$18,3.0,15/02/25,22:27:00,Ewallet,9.0,0.48
3122,M045,Missouri City,Fashion accessories,$56,3.0,21/10/25,15:11:00,Credit card,8.0,0.48
3123,M048,Harlingen,Home and lifestyle,$15,2.0,07/12/25,6:51:00,Ewallet,8.0,0.48
3124,M098,Mineral Wells,Fashion accessories,$49,2.0,08/11/25,10:07:00,Ewallet,6.0,0.18
3125,M068,Burleson,Home and lifestyle,$50,2.0,02/03/25,9:22:00,Ewallet,4.0,0.33
3126,M011,Lubbock,Fashion accessories,$52,3.0,23/12/25,15:09:00,Ewallet,8.0,0.48
3127,M008,Corpus Christi,Home and lifestyle,$57,3.0,03/07/25,19:25:00,Ewallet,8.0,0.48
3128,M033,Pearland,Fashion accessories,$21,1.0,07/03/25,19:10:00,Ewallet,8.0,0.48
3129,M007,Arlington,Home and lifestyle,$40,1.0,20/03/25,11:34:00,Ewallet,8.0,0.48
3130,M079,La Porte,Fashion accessories,$63,1.0,25/01/25,16:07:00,Ewallet,5.0,0.33
3131,M034,College Station,Home and lifestyle,$27,1.0,17/04/25,13:00:00,Ewallet,4.0,0.48
3132,M005,Fort Worth,Fashion accessories,$57,3.0,29/05/25,14:36:00,Ewallet,7.0,0.48
3133,M004,Austin,Home and lifestyle,$82,3.0,26/06/25,12:45:00,Ewallet,6.0,0.48
3134,M040,Edinburg,Fashion accessories,$85,2.0,29/08/25,21:39:00,Ewallet,4.0,0.48
3135,M096,Eagle Pass,Home and lifestyle,$85,1.0,19/08/25,19:09:00,Ewallet,8.0,0.33
3136,M088,Cleburne,Fashion accessories,$58,2.0,17/07/25,8:44:00,Ewallet,4.0,0.33
3137,M071,Lufkin,Home and lifestyle,$36,3.0,12/06/25,13:08:00,Ewallet,6.0,0.33
3138,M060,DeSoto,Fashion accessories,$43,2.0,18/09/25,10:18:00,Ewallet,6.0,0.33
3139,M017,McKinney,Home and lifestyle,$45,3.0,07/10/25,6:39:00,Ewallet,6.0,0.48
3140,M053,Conroe,Fashion accessories,$40,1.0,13/05/25,9:10:00,Ewallet,4.0,0.21
3141,M091,Little Elm,Home and lifestyle,$49,2.0,01/03/25,12:25:00,Ewallet,6.0,0.33
3142,M004,Austin,Fashion accessories,$67,2.0,10/02/25,7:49:00,Ewallet,6.0,0.48
3143,M042,Bryan,Home and lifestyle,$25,3.0,10/09/25,18:20:00,Ewallet,6.0,0.48
3144,M092,Lake Jackson,Fashion accessories,$61,3.0,22/05/25,16:15:00,Ewallet,6.0,0.33
3145,M045,Missouri City,Home and lifestyle,$64,3.0,05/05/25,13:36:00,Credit card,8.0,0.48
3146,M053,Conroe,Fashion accessories,$77,1.0,17/04/25,17:12:00,Ewallet,7.0,0.21
3147,M083,Farmers Branch,Home and lifestyle,$85,2.0,13/02/25,22:58:00,Ewallet,8.0,0.33
3148,M001,Houston,Fashion accessories,$54,1.0,07/04/25,19:20:00,Ewallet,5.0,0.36
3149,M094,Alamo,Home and lifestyle,$60,1.0,22/10/25,13:06:00,Ewallet,6.0,0.33
3150,M023,Midland,Fashion accessories,$78,3.0,27/04/25,16:52:00,Ewallet,9.0,0.48
3151,M051,New Braunfels,Home and lifestyle,$64,1.0,26/09/25,12:03:00,Ewallet,8.0,0.48
3152,M019,Pasadena,Fashion accessories,$63,2.0,30/09/25,19:15:00,Ewallet,7.0,0.48
3153,M011,Lubbock,Home and lifestyle,$58,3.0,30/10/25,14:54:00,Ewallet,8.0,0.48
3154,M015,Grand Prairie,Fashion accessories,$62,2.0,03/06/25,9:24:00,Ewallet,5.0,0.48
3155,M008,Corpus Christi,Home and lifestyle,$52,3.0,08/05/25,21:07:00,Ewallet,6.0,0.48
3156,M049,North Richland Hills,Fashion accessories,$43,3.0,18/12/25,8:38:00,Ewallet,5.0,0.48
3157,M040,Edinburg,Home and lifestyle,$21,1.0,26/10/25,7:17:00,Ewallet,4.0,0.48
3158,M057,Euless,Fashion accessories,$30,3.0,26/03/25,18:40:00,Ewallet,4.0,0.33
3159,M076,Huntsville,Home and lifestyle,$47,3.0,12/08/25,19:16:00,Ewallet,8.0,0.33
3160,M053,Conroe,Fashion accessories,$42,1.0,26/06/25,6:58:00,Ewallet,9.0,0.21
3161,M064,Bedford,Home and lifestyle,$63,1.0,07/05/25,15:23:00,Ewallet,9.0,0.33
3162,M007,Arlington,Fashion accessories,$51,2.0,27/07/25,9:53:00,Ewallet,8.0,0.48
3163,M061,Cedar Park,Home and lifestyle,$54,3.0,30/09/25,6:49:00,Ewallet,5.0,0.33
3164,M100,Canyon,Fashion accessories,$17,3.0,28/09/25,12:53:00,Ewallet,6.0,0.18
3165,M080,Nacogdoches,Home and lifestyle,$51,2.0,28/06/25,21:27:00,Ewallet,6.0,0.33
3166,M071,Lufkin,Fashion accessories,$30,2.0,07/09/25,18:19:00,Ewallet,8.0,0.33
3167,M047,Flower Mound,Home and lifestyle,$33,2.0,15/06/25,10:00:00,Ewallet,7.0,0.48
3168,M052,Mansfield,Fashion accessories,$43,1.0,01/05/25,9:15:00,Ewallet,7.0,0.57
3169,M015,Grand Prairie,Home and lifestyle,$42,3.0,01/05/25,9:56:00,Ewallet,5.0,0.48
3170,M063,Georgetown,Fashion accessories,$53,3.0,21/02/25,12:01:00,Ewallet,4.0,0.33
3171,M047,Flower Mound,Home and lifestyle,$71,3.0,06/05/25,7:03:00,Ewallet,6.0,0.48
3172,M076,Huntsville,Fashion accessories,$24,1.0,12/01/25,9:32:00,Ewallet,8.0,0.33
3173,M012,Garland,Home and lifestyle,$72,3.0,30/03/25,21:38:00,Ewallet,4.0,0.48
3174,M071,Lufkin,Fashion accessories,$37,2.0,05/01/25,6:28:00,Ewallet,4.0,0.33
3175,M059,Pflugerville,Home and lifestyle,$44,3.0,01/07/25,13:33:00,Ewallet,6.0,0.33
3176,M026,Denton,Fashion accessories,$41,3.0,25/06/25,21:37:00,Ewallet,5.0,0.48
3177,M018,Frisco,Home and lifestyle,$18,2.0,10/10/25,18:24:00,Ewallet,6.0,0.48
3178,M096,Eagle Pass,Fashion accessories,$53,2.0,26/06/25,17:52:00,Ewallet,9.0,0.18
3179,M062,Galveston,Home and lifestyle,$80,1.0,04/10/25,15:10:00,Ewallet,6.0,0.33
3180,M049,North Richland Hills,Fashion accessories,$36,1.0,27/10/25,10:38:00,Ewallet,6.0,0.48
3181,M027,Abilene,Home and lifestyle,$82,1.0,03/01/25,14:34:00,Ewallet,4.0,0.48
3182,M057,Euless,Fashion accessories,$69,2.0,25/03/25,22:24:00,Ewallet,6.0,0.33
3183,M039,Longview,Home and lifestyle,$52,1.0,11/11/25,7:32:00,Ewallet,8.0,0.48
3184,M014,Amarillo,Fashion accessories,$48,3.0,31/05/25,17:52:00,Ewallet,7.0,0.48
3185,M058,Port Arthur,Home and lifestyle,$80,2.0,19/03/25,13:01:00,Ewallet,9.0,0.33
3186,M009,Plano,Fashion accessories,$75,1.0,09/05/25,16:30:00,Ewallet,6.0,0.48
3187,M096,Eagle Pass,Home and lifestyle,$50,1.0,27/10/25,20:53:00,Ewallet,6.0,0.33
3188,M081,Friendswood,Fashion accessories,$37,3.0,27/05/25,21:37:00,Ewallet,9.0,0.33
3189,M004,Austin,Home and lifestyle,$72,1.0,28/01/25,15:15:00,Ewallet,6.0,0.48
3190,M085,Kerrville,Fashion accessories,$21,2.0,20/07/25,22:05:00,Ewallet,6.0,0.33
3191,M016,Brownsville,Home and lifestyle,$60,1.0,05/09/25,7:28:00,Ewallet,5.0,0.48
3192,M057,Euless,Fashion accessories,$23,3.0,04/11/25,16:14:00,Ewallet,5.0,0.33
3193,M005,Fort Worth,Home and lifestyle,$35,3.0,15/09/25,7:31:00,Ewallet,9.0,0.48
3194,M022,Mesquite,Fashion accessories,$48,3.0,11/12/25,18:01:00,Ewallet,4.0,0.48
3195,M028,Odessa,Home and lifestyle,$56,2.0,09/06/25,8:03:00,Ewallet,6.0,0.48
3196,M015,Grand Prairie,Fashion accessories,$20,2.0,10/12/25,12:08:00,Ewallet,5.0,0.48
3197,M085,Kerrville,Home and lifestyle,$51,3.0,03/04/25,19:26:00,Ewallet,7.0,0.33
3198,M063,Georgetown,Fashion accessories,$47,1.0,05/01/25,8:21:00,Ewallet,9.0,0.33
3199,M022,Mesquite,Home and lifestyle,$41,3.0,22/11/25,7:13:00,Ewallet,5.0,0.48
3200,M096,Eagle Pass,Fashion accessories,$82,1.0,02/08/25,16:50:00,Ewallet,9.0,0.18
3201,M017,McKinney,Home and lifestyle,$30,3.0,28/09/25,18:31:00,Ewallet,5.0,0.48
3202,M019,Pasadena,Fashion accessories,$67,1.0,27/11/25,11:56:00,Ewallet,9.0,0.48
3203,M097,Alice,Home and lifestyle,$34,1.0,22/11/25,22:27:00,Ewallet,8.0,0.18
3204,M021,McAllen,Fashion accessories,$80,1.0,14/10/25,14:14:00,Ewallet,8.0,0.48
3205,M043,Baytown,Home and lifestyle,$22,1.0,12/12/25,20:46:00,Ewallet,4.0,0.48
3206,M053,Conroe,Fashion accessories,$47,3.0,07/10/25,10:56:00,Ewallet,6.0,0.21
3207,M018,Frisco,Home and lifestyle,$51,1.0,10/03/25,17:45:00,Ewallet,7.0,0.48
3208,M030,Richardson,Fashion accessories,$58,1.0,09/07/25,8:26:00,Ewallet,4.0,0.48
3209,M063,Georgetown,Home and lifestyle,$32,2.0,30/10/25,16:31:00,Ewallet,6.0,0.33
3210,M043,Baytown,Fashion accessories,$30,1.0,12/06/25,19:18:00,Ewallet,6.0,0.48
3211,M097,Alice,Home and lifestyle,$37,1.0,25/08/25,17:38:00,Ewallet,4.0,0.18
3212,M078,Del Rio,Fashion accessories,$53,3.0,22/01/25,9:14:00,Ewallet,7.0,0.33
3213,M043,Baytown,Home and lifestyle,$56,2.0,18/02/25,11:22:00,Ewallet,8.0,0.48
3214,M077,Coppell,Fashion accessories,$72,2.0,17/10/25,7:48:00,Ewallet,6.0,0.33
3215,M100,Canyon,Home and lifestyle,$60,1.0,27/11/25,8:20:00,Ewallet,4.0,0.18
3216,M018,Frisco,Fashion accessories,$40,1.0,12/09/25,16:39:00,Ewallet,6.0,0.48
3217,M012,Garland,Home and lifestyle,$19,3.0,11/09/25,18:16:00,Ewallet,4.0,0.48
3218,M095,Big Spring,Fashion accessories,$66,2.0,26/08/25,7:18:00,Ewallet,6.0,0.33
3219,M028,Odessa,Home and lifestyle,$54,1.0,18/12/25,22:42:00,Ewallet,5.0,0.48
3220,M066,Grapevine,Fashion accessories,$80,3.0,31/08/25,20:41:00,Ewallet,7.0,0.33
3221,M070,Hurst,Home and lifestyle,$50,1.0,21/11/25,22:00:00,Ewallet,7.0,0.33
3222,M062,Galveston,Fashion accessories,$58,3.0,03/08/25,20:16:00,Ewallet,7.0,0.33
3223,M036,Allen,Home and lifestyle,$31,1.0,17/10/25,11:35:00,Ewallet,5.0,0.48
3224,M083,Farmers Branch,Fashion accessories,$29,1.0,01/08/25,14:33:00,Ewallet,7.0,0.33
3225,M001,Houston,Home and lifestyle,$31,3.0,28/12/25,10:06:00,Ewallet,6.0,0.36
3226,M017,McKinney,Fashion accessories,$85,3.0,26/12/25,19:47:00,Ewallet,5.0,0.48
3227,M037,League City,Home and lifestyle,$83,2.0,03/09/25,14:34:00,Ewallet,4.0,0.48
3228,M005,Fort Worth,Fashion accessories,$25,1.0,08/11/25,8:52:00,Ewallet,5.0,0.48
3229,M044,Pharr,Home and lifestyle,$60,2.0,24/10/25,13:43:00,Ewallet,7.0,0.48
3230,M068,Burleson,Fashion accessories,$76,3.0,11/10/25,6:46:00,Ewallet,7.0,0.33
3231,M008,Corpus Christi,Home and lifestyle,$57,2.0,12/10/25,22:48:00,Ewallet,8.0,0.48
3232,M010,Laredo,Fashion accessories,$74,3.0,07/09/25,22:56:00,Ewallet,6.0,0.48
3233,M094,Alamo,Home and lifestyle,$51,3.0,06/10/25,14:43:00,Ewallet,4.0,0.33
3234,M013,Irving,Fashion accessories,$35,3.0,17/11/25,20:44:00,Ewallet,5.0,0.48
3235,M077,Coppell,Home and lifestyle,$20,2.0,07/12/25,17:13:00,Ewallet,7.0,0.33
3236,M088,Cleburne,Fashion accessories,$65,1.0,13/08/25,20:22:00,Ewallet,5.0,0.33
3237,M020,Killeen,Home and lifestyle,$64,3.0,15/09/25,15:55:00,Ewallet,8.0,0.48
3238,M062,Galveston,Fashion accessories,$61,1.0,01/12/25,15:14:00,Ewallet,4.0,0.33
3239,M004,Austin,Home and lifestyle,$16,1.0,23/08/25,8:27:00,Ewallet,6.0,0.48
3240,M063,Georgetown,Fashion accessories,$68,1.0,11/08/25,8:36:00,Ewallet,7.0,0.33
3241,M080,Nacogdoches,Home and lifestyle,$70,3.0,03/12/25,18:43:00,Ewallet,8.0,0.33
3242,M042,Bryan,Fashion accessories,$76,1.0,11/08/25,9:42:00,Ewallet,4.0,0.48
3243,M061,Cedar Park,Home and lifestyle,$84,2.0,01/12/25,19:09:00,Ewallet,8.0,0.33
3244,M066,Grapevine,Fashion accessories,$18,2.0,23/10/25,10:27:00,Ewallet,7.0,0.33
3245,M044,Pharr,Home and lifestyle,$71,1.0,10/09/25,14:27:00,Ewallet,5.0,0.48
3246,M076,Huntsville,Fashion accessories,$44,3.0,28/12/25,14:12:00,Ewallet,6.0,0.33
3247,M093,Angleton,Home and lifestyle,$27,1.0,20/12/25,16:54:00,Ewallet,7.0,0.33
3248,M031,Lewisville,Fashion accessories,$52,1.0,08/10/25,20:48:00,Ewallet,7.0,0.48
3249,M071,Lufkin,Home and lifestyle,$23,3.0,06/09/25,15:11:00,Ewallet,5.0,0.33
3250,M027,Abilene,Fashion accessories,$51,2.0,24/12/25,12:28:00,Ewallet,9.0,0.48
3251,M041,Mission,Home and lifestyle,$71,1.0,05/11/25,7:48:00,Ewallet,6.0,0.48
3252,M030,Richardson,Fashion accessories,$30,1.0,27/11/25,20:18:00,Ewallet,7.0,0.48
3253,M024,Carrollton,Home and lifestyle,$80,3.0,12/10/25,14:00:00,Ewallet,4.0,0.48
3254,M071,Lufkin,Fashion accessories,$54,1.0,30/09/25,13:31:00,Ewallet,5.0,0.33
3255,M004,Austin,Home and lifestyle,$15,2.0,28/12/25,17:52:00,Ewallet,6.0,0.48
3256,M072,Lancaster,Fashion accessories,$16,1.0,28/08/25,13:14:00,Ewallet,7.0,0.33
3257,M067,Haltom City,Home and lifestyle,$36,3.0,03/12/25,15:41:00,Ewallet,6.0,0.33
3258,M077,Coppell,Fashion accessories,$58,2.0,15/12/25,16:30:00,Ewallet,8.0,0.33
3259,M070,Hurst,Home and lifestyle,$63,1.0,11/08/25,19:28:00,Ewallet,5.0,0.33
3260,M058,Port Arthur,Fashion accessories,$29,3.0,23/08/25,21:12:00,Ewallet,8.0,0.33
3261,M067,Haltom City,Home and lifestyle,$31,2.0,05/12/25,14:06:00,Ewallet,9.0,0.33
3262,M009,Plano,Fashion accessories,$22,3.0,17/08/25,13:36:00,Ewallet,8.0,0.48
3263,M060,DeSoto,Home and lifestyle,$45,1.0,16/08/25,19:59:00,Ewallet,8.0,0.33
3264,M098,Mineral Wells,Fashion accessories,$72,1.0,22/08/25,15:13:00,Ewallet,6.0,0.18
3265,M022,Mesquite,Home and lifestyle,$68,3.0,16/11/25,15:59:00,Ewallet,6.0,0.48
3266,M093,Angleton,Fashion accessories,$26,2.0,16/12/25,20:40:00,Ewallet,8.0,0.33
3267,M094,Alamo,Home and lifestyle,$22,2.0,27/10/25,6:13:00,Ewallet,9.0,0.33
3268,M059,Pflugerville,Fashion accessories,$52,1.0,21/11/25,7:00:00,Ewallet,5.0,0.33
3269,M080,Nacogdoches,Home and lifestyle,$30,3.0,19/08/25,11:44:00,Ewallet,5.0,0.33
3270,M066,Grapevine,Fashion accessories,$68,3.0,04/10/25,21:20:00,Ewallet,8.0,0.33
3271,M094,Alamo,Home and lifestyle,$66,3.0,04/08/25,16:23:00,Ewallet,5.0,0.33
3272,M017,McKinney,Fashion accessories,$74,3.0,09/10/25,11:17:00,Ewallet,8.0,0.48
3273,M028,Odessa,Home and lifestyle,$15,3.0,25/09/25,21:32:00,Ewallet,6.0,0.48
3274,M096,Eagle Pass,Fashion accessories,$62,3.0,11/08/25,22:24:00,Ewallet,5.0,0.18
3275,M096,Eagle Pass,Home and lifestyle,$82,2.0,24/10/25,7:37:00,Ewallet,8.0,0.33
3276,M012,Garland,Fashion accessories,$34,2.0,01/09/25,19:38:00,Ewallet,4.0,0.48
3277,M095,Big Spring,Home and lifestyle,$60,1.0,18/11/25,14:26:00,Ewallet,6.0,0.33
3278,M011,Lubbock,Fashion accessories,$46,1.0,24/09/25,16:31:00,Ewallet,7.0,0.48
3279,M064,Bedford,Home and lifestyle,$73,3.0,21/10/25,9:30:00,Ewallet,5.0,0.33
3280,M045,Missouri City,Fashion accessories,$80,1.0,13/11/25,16:04:00,Credit card,6.0,0.48
3281,M047,Flower Mound,Home and lifestyle,$25,1.0,22/08/25,13:31:00,Ewallet,7.0,0.48
3282,M037,League City,Fashion accessories,$85,3.0,25/10/25,17:41:00,Ewallet,8.0,0.48
3283,M098,Mineral Wells,Home and lifestyle,$33,2.0,15/09/25,21:10:00,Ewallet,8.0,0.18
3284,M078,Del Rio,Fashion accessories,$82,1.0,09/12/25,8:08:00,Ewallet,6.0,0.33
3285,M077,Coppell,Home and lifestyle,$16,1.0,02/08/25,20:36:00,Ewallet,4.0,0.33
3286,M064,Bedford,Fashion accessories,$75,2.0,09/12/25,10:54:00,Ewallet,9.0,0.33
3287,M044,Pharr,Home and lifestyle,$69,1.0,06/12/25,14:59:00,Ewallet,6.0,0.48
3288,M016,Brownsville,Fashion accessories,$34,3.0,07/08/25,21:29:00,Ewallet,8.0,0.48
3289,M071,Lufkin,Home and lifestyle,$19,3.0,18/12/25,18:21:00,Ewallet,7.0,0.33
3290,M079,La Porte,Fashion accessories,$21,1.0,04/12/25,14:51:00,Ewallet,9.0,0.33
3291,M026,Denton,Home and lifestyle,$46,2.0,02/12/25,17:01:00,Ewallet,6.0,0.48
3292,M006,El Paso,Fashion accessories,$39,2.0,27/10/25,10:08:00,Ewallet,8.0,0.48
3293,M018,Frisco,Home and lifestyle,$33,2.0,04/10/25,19:08:00,Ewallet,7.0,0.48
3294,M015,Grand Prairie,Fashion accessories,$51,1.0,12/12/25,6:19:00,Ewallet,4.0,0.48
3295,M053,Conroe,Home and lifestyle,$34,3.0,18/10/25,15:08:00,Ewallet,7.0,0.57
3296,M014,Amarillo,Fashion accessories,$74,3.0,29/09/25,7:40:00,Ewallet,8.0,0.48
3297,M080,Nacogdoches,Home and lifestyle,$85,1.0,01/10/25,20:26:00,Ewallet,7.0,0.33
3298,M093,Angleton,Fashion accessories,$74,3.0,03/12/25,12:01:00,Ewallet,5.0,0.33
3299,M012,Garland,Home and lifestyle,$55,3.0,10/10/25,21:13:00,Ewallet,6.0,0.48
3300,M081,Friendswood,Fashion accessories,$58,2.0,13/08/25,16:38:00,Ewallet,4.0,0.33
3301,M028,Odessa,Home and lifestyle,$15,3.0,08/08/25,7:32:00,Ewallet,5.0,0.48
3302,M096,Eagle Pass,Fashion accessories,$42,2.0,27/11/25,8:15:00,Ewallet,5.0,0.18
3303,M091,Little Elm,Home and lifestyle,$82,1.0,24/08/25,11:26:00,Ewallet,8.0,0.33
3304,M030,Richardson,Fashion accessories,$19,3.0,23/09/25,8:45:00,Ewallet,4.0,0.48
3305,M051,New Braunfels,Home and lifestyle,$60,1.0,02/10/25,12:17:00,Ewallet,5.0,0.48
3306,M030,Richardson,Fashion accessories,$76,3.0,22/12/25,12:39:00,Ewallet,4.0,0.48
3307,M041,Mission,Home and lifestyle,$62,2.0,12/10/25,20:18:00,Ewallet,6.0,0.48
3308,M002,Dallas,Fashion accessories,$27,1.0,21/10/25,11:07:00,Ewallet,7.0,0.36
3309,M017,McKinney,Home and lifestyle,$64,3.0,12/09/25,15:28:00,Ewallet,7.0,0.48
3310,M072,Lancaster,Fashion accessories,$21,1.0,20/11/25,22:59:00,Ewallet,9.0,0.33
3311,M015,Grand Prairie,Home and lifestyle,$30,1.0,20/09/25,15:29:00,Ewallet,9.0,0.48
3312,M021,McAllen,Fashion accessories,$58,3.0,11/08/25,20:56:00,Ewallet,8.0,0.48
3313,M004,Austin,Home and lifestyle,$74,2.0,17/09/25,21:27:00,Ewallet,8.0,0.48
3314,M083,Farmers Branch,Fashion accessories,$43,1.0,05/10/25,6:32:00,Ewallet,4.0,0.33
3315,M047,Flower Mound,Home and lifestyle,$75,1.0,24/08/25,20:21:00,Ewallet,5.0,0.48
3316,M037,League City,Fashion accessories,$48,2.0,09/09/25,10:35:00,Ewallet,9.0,0.48
3317,M052,Mansfield,Home and lifestyle,$54,3.0,06/12/25,21:48:00,Ewallet,4.0,0.57
3318,M033,Pearland,Fashion accessories,$82,1.0,25/10/25,11:47:00,Ewallet,4.0,0.48
3319,M012,Garland,Home and lifestyle,$83,1.0,31/10/25,21:20:00,Ewallet,9.0,0.48
3320,M041,Mission,Fashion accessories,$80,1.0,14/11/25,20:18:00,Ewallet,4.0,0.48
3321,M019,Pasadena,Home and lifestyle,$28,3.0,15/08/25,20:39:00,Ewallet,9.0,0.48
3322,M053,Conroe,Fashion accessories,$17,2.0,31/08/25,12:06:00,Ewallet,6.0,0.21
3323,M015,Grand Prairie,Home and lifestyle,$56,3.0,11/10/25,22:31:00,Ewallet,5.0,0.48
3324,M036,Allen,Fashion accessories,$50,2.0,31/08/25,6:13:00,Ewallet,5.0,0.48
3325,M009,Plano,Home and lifestyle,$60,3.0,17/10/25,14:31:00,Ewallet,7.0,0.48
3326,M058,Port Arthur,Fashion accessories,$36,1.0,24/12/25,6:04:00,Ewallet,8.0,0.33
3327,M039,Longview,Home and lifestyle,$28,2.0,20/09/25,11:01:00,Ewallet,4.0,0.48
3328,M006,El Paso,Fashion accessories,$82,2.0,22/10/25,14:17:00,Ewallet,7.0,0.48
3329,M048,Harlingen,Home and lifestyle,$67,1.0,31/10/25,22:03:00,Ewallet,6.0,0.48
3330,M093,Angleton,Fashion accessories,$24,1.0,28/10/25,8:51:00,Ewallet,4.0,0.33
3331,M053,Conroe,Home and lifestyle,$34,1.0,22/12/25,10:52:00,Ewallet,8.0,0.57
3332,M067,Haltom City,Fashion accessories,$45,3.0,28/12/25,10:58:00,Ewallet,8.0,0.33
3333,M044,Pharr,Home and lifestyle,$38,2.0,30/10/25,19:22:00,Ewallet,8.0,0.48
3334,M002,Dallas,Fashion accessories,$68,1.0,17/12/25,21:36:00,Ewallet,6.0,0.36
3335,M007,Arlington,Home and lifestyle,$19,3.0,28/08/25,18:14:00,Ewallet,5.0,0.48
3336,M085,Kerrville,Fashion accessories,$49,2.0,23/08/25,6:43:00,Ewallet,6.0,0.33
3337,M071,Lufkin,Home and lifestyle,$64,2.0,18/10/25,8:38:00,Ewallet,5.0,0.33
3338,M067,Haltom City,Fashion accessories,$57,3.0,10/12/25,6:18:00,Ewallet,6.0,0.33
3339,M008,Corpus Christi,Home and lifestyle,$83,1.0,19/12/25,6:28:00,Ewallet,6.0,0.48
3340,M085,Kerrville,Fashion accessories,$66,1.0,17/09/25,18:48:00,Ewallet,9.0,0.33
3341,M040,Edinburg,Home and lifestyle,$46,1.0,30/09/25,6:56:00,Ewallet,4.0,0.48
3342,M096,Eagle Pass,Fashion accessories,$83,1.0,27/09/25,6:46:00,Ewallet,6.0,0.18
3343,M062,Galveston,Home and lifestyle,$66,1.0,03/09/25,11:15:00,Ewallet,8.0,0.33
3344,M081,Friendswood,Fashion accessories,$31,1.0,29/09/25,11:01:00,Ewallet,7.0,0.33
3345,M058,Port Arthur,Home and lifestyle,$46,2.0,29/11/25,19:47:00,Ewallet,6.0,0.33
3346,M058,Port Arthur,Fashion accessories,$74,1.0,26/11/25,20:22:00,Ewallet,4.0,0.33
3347,M009,Plano,Home and lifestyle,$37,3.0,11/09/25,10:42:00,Ewallet,4.0,0.48
3348,M059,Pflugerville,Fashion accessories,$69,1.0,08/10/25,6:44:00,Ewallet,5.0,0.33
3349,M036,Allen,Home and lifestyle,$15,2.0,31/12/25,9:59:00,Ewallet,7.0,0.48
3350,M096,Eagle Pass,Fashion accessories,$46,3.0,01/10/25,10:37:00,Ewallet,5.0,0.18
3351,M008,Corpus Christi,Home and lifestyle,$66,1.0,14/12/25,18:13:00,Ewallet,6.0,0.48
3352,M059,Pflugerville,Fashion accessories,$56,3.0,29/11/25,9:42:00,Ewallet,9.0,0.33
3353,M096,Eagle Pass,Home and lifestyle,$29,3.0,22/10/25,16:17:00,Ewallet,9.0,0.18
3354,M094,Alamo,Fashion accessories,$24,1.0,24/11/25,6:47:00,Ewallet,8.0,0.33
3355,M094,Alamo,Home and lifestyle,$21,1.0,15/08/25,8:23:00,Ewallet,4.0,0.33
3356,M007,Arlington,Fashion accessories,$46,2.0,26/10/25,6:05:00,Ewallet,7.0,0.48
3357,M005,Fort Worth,Home and lifestyle,$74,3.0,09/10/25,15:13:00,Ewallet,6.0,0.48
3358,M053,Conroe,Fashion accessories,$70,2.0,31/12/25,9:37:00,Ewallet,6.0,0.21
3359,M024,Carrollton,Home and lifestyle,$21,3.0,05/11/25,13:26:00,Ewallet,7.0,0.48
3360,M059,Pflugerville,Fashion accessories,$74,3.0,24/11/25,17:11:00,Ewallet,6.0,0.33
3361,M039,Longview,Home and lifestyle,$34,3.0,05/12/25,22:50:00,Ewallet,7.0,0.48
3362,M085,Kerrville,Fashion accessories,$50,1.0,19/11/25,17:51:00,Ewallet,6.0,0.33
3363,M057,Euless,Home and lifestyle,$32,2.0,26/11/25,11:33:00,Ewallet,9.0,0.33
3364,M030,Richardson,Fashion accessories,$15,3.0,12/11/25,7:33:00,Ewallet,6.0,0.48
3365,M007,Arlington,Home and lifestyle,$74,3.0,29/08/25,6:46:00,Ewallet,9.0,0.48
3366,M045,Missouri City,Fashion accessories,$24,1.0,23/09/25,10:06:00,Credit card,7.0,0.48
3367,M095,Big Spring,Home and lifestyle,$64,2.0,05/10/25,8:05:00,Ewallet,4.0,0.33
3368,M067,Haltom City,Fashion accessories,$40,2.0,24/09/25,19:52:00,Ewallet,8.0,0.33
3369,M094,Alamo,Home and lifestyle,$65,1.0,03/12/25,15:11:00,Ewallet,4.0,0.33
3370,M015,Grand Prairie,Fashion accessories,$63,1.0,19/12/25,22:05:00,Ewallet,8.0,0.48
3371,M076,Huntsville,Home and lifestyle,$25,1.0,05/10/25,18:54:00,Ewallet,7.0,0.33
3372,M090,Brownwood,Fashion accessories,$34,2.0,27/08/25,18:14:00,Ewallet,8.0,0.33
3373,M014,Amarillo,Home and lifestyle,$25,3.0,23/12/25,18:49:00,Ewallet,5.0,0.48
3374,M076,Huntsville,Fashion accessories,$40,2.0,24/11/25,16:44:00,Ewallet,6.0,0.33
3375,M095,Big Spring,Home and lifestyle,$67,1.0,27/12/25,20:33:00,Ewallet,4.0,0.33
3376,M088,Cleburne,Fashion accessories,$23,3.0,04/11/25,14:08:00,Ewallet,5.0,0.33
3377,M039,Longview,Home and lifestyle,$84,2.0,05/11/25,13:55:00,Ewallet,5.0,0.48
3378,M098,Mineral Wells,Fashion accessories,$33,2.0,19/10/25,19:07:00,Ewallet,7.0,0.18
3379,M076,Huntsville,Home and lifestyle,$70,3.0,31/10/25,12:04:00,Ewallet,7.0,0.33
3380,M088,Cleburne,Fashion accessories,$80,3.0,02/10/25,22:08:00,Ewallet,4.0,0.33
3381,M069,Rockwall,Home and lifestyle,$37,2.0,31/12/25,22:23:00,Ewallet,4.0,0.33
3382,M022,Mesquite,Fashion accessories,$26,1.0,08/10/25,20:24:00,Ewallet,6.0,0.48
3383,M005,Fort Worth,Home and lifestyle,$82,1.0,10/08/25,22:19:00,Ewallet,4.0,0.48
3384,M052,Mansfield,Fashion accessories,$68,2.0,16/09/25,14:40:00,Ewallet,6.0,0.57
3385,M063,Georgetown,Home and lifestyle,$40,3.0,08/12/25,15:19:00,Ewallet,6.0,0.33
3386,M043,Baytown,Fashion accessories,$81,3.0,22/10/25,9:41:00,Ewallet,9.0,0.48
3387,M062,Galveston,Home and lifestyle,$85,3.0,21/09/25,16:46:00,Ewallet,9.0,0.33
3388,M001,Houston,Fashion accessories,$69,2.0,09/11/25,12:48:00,Ewallet,5.0,0.36
3389,M068,Burleson,Home and lifestyle,$37,1.0,28/11/25,14:12:00,Ewallet,7.0,0.33
3390,M094,Alamo,Fashion accessories,$31,2.0,24/10/25,16:05:00,Ewallet,7.0,0.33
3391,M077,Coppell,Home and lifestyle,$76,1.0,21/11/25,7:17:00,Ewallet,9.0,0.33
3392,M057,Euless,Fashion accessories,$63,2.0,19/08/25,7:48:00,Ewallet,7.0,0.33
3393,M067,Haltom City,Home and lifestyle,$38,1.0,28/10/25,10:29:00,Ewallet,7.0,0.33
3394,M031,Lewisville,Fashion accessories,$40,3.0,08/08/25,19:52:00,Ewallet,8.0,0.48
3395,M024,Carrollton,Home and lifestyle,$40,2.0,31/12/25,16:43:00,Ewallet,5.0,0.48
3396,M091,Little Elm,Fashion accessories,$15,1.0,26/12/25,10:27:00,Ewallet,8.0,0.33
3397,M021,McAllen,Home and lifestyle,$70,1.0,13/10/25,13:58:00,Ewallet,5.0,0.48
3398,M008,Corpus Christi,Fashion accessories,$78,1.0,04/09/25,22:16:00,Ewallet,7.0,0.48
3399,M018,Frisco,Home and lifestyle,$44,1.0,19/11/25,6:31:00,Ewallet,7.0,0.48
3400,M100,Canyon,Fashion accessories,$39,2.0,29/10/25,6:51:00,Ewallet,6.0,0.18
3401,M078,Del Rio,Home and lifestyle,$61,1.0,03/09/25,15:56:00,Ewallet,6.0,0.33
3402,M061,Cedar Park,Fashion accessories,$64,3.0,13/12/25,13:19:00,Ewallet,8.0,0.33
3403,M028,Odessa,Home and lifestyle,$62,2.0,26/12/25,20:16:00,Ewallet,4.0,0.48
3404,M045,Missouri City,Fashion accessories,$81,1.0,25/12/25,13:17:00,Credit card,9.0,0.48
3405,M008,Corpus Christi,Home and lifestyle,$76,2.0,06/09/25,8:05:00,Ewallet,9.0,0.48
3406,M064,Bedford,Fashion accessories,$44,2.0,03/11/25,19:47:00,Ewallet,4.0,0.33
3407,M028,Odessa,Home and lifestyle,$39,1.0,11/10/25,9:23:00,Ewallet,6.0,0.48
3408,M088,Cleburne,Fashion accessories,$72,3.0,19/10/25,9:42:00,Ewallet,5.0,0.33
3409,M016,Brownsville,Home and lifestyle,$30,1.0,30/12/25,8:55:00,Ewallet,4.0,0.48
3410,M037,League City,Fashion accessories,$33,3.0,12/09/25,10:07:00,Ewallet,5.0,0.48
3411,M019,Pasadena,Home and lifestyle,$39,2.0,09/11/25,13:46:00,Ewallet,5.0,0.48
3412,M026,Denton,Fashion accessories,$44,1.0,16/12/25,9:07:00,Ewallet,4.0,0.48
3413,M069,Rockwall,Home and lifestyle,$79,1.0,04/08/25,18:49:00,Ewallet,9.0,0.33
3414,M064,Bedford,Fashion accessories,$85,2.0,06/11/25,13:33:00,Ewallet,9.0,0.33
3415,M047,Flower Mound,Home and lifestyle,$32,2.0,21/12/25,10:37:00,Ewallet,9.0,0.48
3416,M019,Pasadena,Fashion accessories,$27,3.0,14/11/25,6:54:00,Ewallet,5.0,0.48
3417,M061,Cedar Park,Home and lifestyle,$44,1.0,27/12/25,16:45:00,Ewallet,5.0,0.33
3418,M040,Edinburg,Fashion accessories,$16,1.0,20/08/25,15:01:00,Ewallet,7.0,0.48
3419,M063,Georgetown,Home and lifestyle,$77,2.0,11/09/25,11:07:00,Ewallet,7.0,0.33
3420,M079,La Porte,Fashion accessories,$37,3.0,19/11/25,22:44:00,Ewallet,6.0,0.33
3421,M030,Richardson,Home and lifestyle,$63,2.0,16/11/25,6:53:00,Ewallet,7.0,0.48
3422,M010,Laredo,Fashion accessories,$43,1.0,19/12/25,12:42:00,Ewallet,8.0,0.48
3423,M024,Carrollton,Home and lifestyle,$59,2.0,16/09/25,12:21:00,Ewallet,4.0,0.48
3424,M077,Coppell,Fashion accessories,$80,3.0,19/10/25,14:30:00,Ewallet,4.0,0.33
3425,M096,Eagle Pass,Home and lifestyle,$47,2.0,31/10/25,20:35:00,Ewallet,9.0,0.18
3426,M045,Missouri City,Fashion accessories,$74,2.0,03/08/25,14:54:00,Credit card,4.0,0.48
3427,M011,Lubbock,Home and lifestyle,$47,3.0,30/11/25,21:51:00,Ewallet,5.0,0.48
3428,M052,Mansfield,Fashion accessories,$41,2.0,17/09/25,14:58:00,Ewallet,9.0,0.57
3429,M061,Cedar Park,Home and lifestyle,$58,1.0,18/10/25,8:22:00,Ewallet,5.0,0.33
3430,M093,Angleton,Fashion accessories,$69,1.0,01/09/25,20:57:00,Ewallet,4.0,0.33
3431,M021,McAllen,Home and lifestyle,$51,2.0,18/09/25,16:17:00,Ewallet,9.0,0.48
3432,M093,Angleton,Fashion accessories,$67,3.0,02/10/25,6:24:00,Ewallet,8.0,0.33
3433,M070,Hurst,Home and lifestyle,$72,3.0,17/11/25,14:28:00,Ewallet,6.0,0.33
3434,M015,Grand Prairie,Fashion accessories,$79,1.0,11/12/25,11:41:00,Ewallet,7.0,0.48
3435,M051,New Braunfels,Home and lifestyle,$38,1.0,01/10/25,16:14:00,Ewallet,8.0,0.48
3436,M081,Friendswood,Fashion accessories,$64,2.0,08/10/25,9:01:00,Ewallet,9.0,0.33
3437,M021,McAllen,Home and lifestyle,$53,2.0,30/09/25,7:38:00,Ewallet,5.0,0.48
3438,M011,Lubbock,Fashion accessories,$54,3.0,02/11/25,7:32:00,Ewallet,6.0,0.48
3439,M045,Missouri City,Home and lifestyle,$42,2.0,26/11/25,13:22:00,Credit card,6.0,0.48
3440,M021,McAllen,Fashion accessories,$21,2.0,27/10/25,11:11:00,Ewallet,8.0,0.48
3441,M042,Bryan,Home and lifestyle,$35,1.0,20/09/25,17:58:00,Ewallet,7.0,0.48
3442,M078,Del Rio,Fashion accessories,$46,1.0,30/10/25,19:32:00,Ewallet,9.0,0.33
3443,M007,Arlington,Home and lifestyle,$71,2.0,13/12/25,11:23:00,Ewallet,4.0,0.48
3444,M061,Cedar Park,Fashion accessories,$73,1.0,25/09/25,13:56:00,Ewallet,8.0,0.33
3445,M005,Fort Worth,Home and lifestyle,$36,3.0,30/08/25,19:02:00,Ewallet,7.0,0.48
3446,M094,Alamo,Fashion accessories,$69,2.0,09/11/25,10:25:00,Ewallet,8.0,0.33
3447,M043,Baytown,Home and lifestyle,$45,2.0,17/10/25,8:28:00,Ewallet,9.0,0.48
3448,M057,Euless,Fashion accessories,$67,1.0,17/11/25,11:01:00,Ewallet,6.0,0.33
3449,M060,DeSoto,Home and lifestyle,$75,3.0,18/10/25,8:35:00,Ewallet,6.0,0.33
3450,M040,Edinburg,Fashion accessories,$80,2.0,18/10/25,13:44:00,Ewallet,7.0,0.48
3451,M049,North Richland Hills,Home and lifestyle,$47,2.0,28/09/25,8:01:00,Ewallet,8.0,0.48
3452,M100,Canyon,Fashion accessories,$18,1.0,29/08/25,6:05:00,Ewallet,5.0,0.18
3453,M002,Dallas,Home and lifestyle,$82,1.0,19/09/25,8:45:00,Ewallet,8.0,0.36
3454,M023,Midland,Fashion accessories,$30,3.0,01/12/25,17:56:00,Ewallet,8.0,0.48
3455,M047,Flower Mound,Home and lifestyle,$73,3.0,01/10/25,15:45:00,Ewallet,4.0,0.48
3456,M009,Plano,Fashion accessories,$46,2.0,21/10/25,19:36:00,Ewallet,7.0,0.48
3457,M016,Brownsville,Home and lifestyle,$62,3.0,15/09/25,16:25:00,Ewallet,5.0,0.48
3458,M095,Big Spring,Fashion accessories,$26,3.0,21/10/25,13:34:00,Ewallet,6.0,0.33
3459,M044,Pharr,Home and lifestyle,$80,3.0,27/12/25,9:02:00,Ewallet,8.0,0.48
3460,M085,Kerrville,Fashion accessories,$29,1.0,16/09/25,19:13:00,Ewallet,6.0,0.33
3461,M016,Brownsville,Home and lifestyle,$53,2.0,16/12/25,12:43:00,Ewallet,8.0,0.48
3462,M051,New Braunfels,Fashion accessories,$28,3.0,18/11/25,17:06:00,Ewallet,5.0,0.57
3463,M037,League City,Home and lifestyle,$82,3.0,09/09/25,19:30:00,Ewallet,4.0,0.48
3464,M041,Mission,Fashion accessories,$57,1.0,18/08/25,20:12:00,Ewallet,4.0,0.48
3465,M057,Euless,Home and lifestyle,$60,2.0,28/10/25,16:10:00,Ewallet,9.0,0.33
3466,M071,Lufkin,Fashion accessories,$49,3.0,31/10/25,11:33:00,Ewallet,5.0,0.33
3467,M013,Irving,Home and lifestyle,$58,3.0,24/10/25,22:05:00,Ewallet,8.0,0.48
3468,M017,McKinney,Fashion accessories,$76,3.0,15/09/25,20:11:00,Ewallet,9.0,0.48
3469,M021,McAllen,Home and lifestyle,$37,2.0,20/09/25,18:10:00,Ewallet,9.0,0.48
3470,M071,Lufkin,Fashion accessories,$72,2.0,20/08/25,15:33:00,Ewallet,4.0,0.33
3471,M041,Mission,Home and lifestyle,$24,3.0,12/10/25,16:36:00,Ewallet,6.0,0.48
3472,M005,Fort Worth,Fashion accessories,$60,1.0,19/10/25,12:50:00,Ewallet,4.0,0.48
3473,M030,Richardson,Home and lifestyle,$69,1.0,12/09/25,9:11:00,Ewallet,6.0,0.48
3474,M017,McKinney,Fashion accessories,$58,3.0,22/10/25,21:39:00,Ewallet,5.0,0.48
3475,M094,Alamo,Home and lifestyle,$75,3.0,24/10/25,9:32:00,Ewallet,6.0,0.33
3476,M062,Galveston,Fashion accessories,$41,1.0,30/10/25,9:16:00,Ewallet,6.0,0.33
3477,M036,Allen,Home and lifestyle,$84,1.0,27/11/25,19:46:00,Ewallet,8.0,0.48
3478,M090,Brownwood,Fashion accessories,$15,1.0,08/08/25,9:39:00,Ewallet,7.0,0.33
3479,M096,Eagle Pass,Home and lifestyle,$55,1.0,15/08/25,16:20:00,Ewallet,7.0,0.18
3480,M092,Lake Jackson,Fashion accessories,$17,1.0,19/10/25,17:19:00,Ewallet,9.0,0.33
3481,M008,Corpus Christi,Home and lifestyle,$77,1.0,03/09/25,7:09:00,Ewallet,8.0,0.48
3482,M079,La Porte,Fashion accessories,$70,2.0,13/08/25,12:00:00,Ewallet,4.0,0.33
3483,M027,Abilene,Home and lifestyle,$18,3.0,13/12/25,17:05:00,Ewallet,7.0,0.48
3484,M044,Pharr,Fashion accessories,$79,3.0,10/08/25,16:39:00,Ewallet,7.0,0.48
3485,M051,New Braunfels,Home and lifestyle,$66,2.0,24/08/25,12:48:00,Ewallet,5.0,0.48
3486,M047,Flower Mound,Fashion accessories,$33,1.0,03/08/25,20:34:00,Ewallet,8.0,0.48
3487,M060,DeSoto,Home and lifestyle,$34,1.0,14/08/25,12:06:00,Ewallet,7.0,0.33
3488,M014,Amarillo,Fashion accessories,$23,1.0,03/09/25,20:00:00,Ewallet,7.0,0.48
3489,M100,Canyon,Home and lifestyle,$57,3.0,27/10/25,16:52:00,Ewallet,5.0,0.18
3490,M062,Galveston,Fashion accessories,$20,2.0,27/12/25,16:20:00,Ewallet,8.0,0.33
3491,M012,Garland,Home and lifestyle,$30,2.0,15/08/25,17:12:00,Ewallet,8.0,0.48
3492,M066,Grapevine,Fashion accessories,$85,3.0,31/08/25,13:45:00,Ewallet,4.0,0.33
3493,M094,Alamo,Home and lifestyle,$68,1.0,15/09/25,15:55:00,Ewallet,9.0,0.33
3494,M051,New Braunfels,Fashion accessories,$19,3.0,04/12/25,13:25:00,Ewallet,8.0,0.57
3495,M047,Flower Mound,Home and lifestyle,$22,2.0,10/09/25,15:53:00,Ewallet,5.0,0.48
3496,M021,McAllen,Fashion accessories,$27,2.0,16/09/25,11:23:00,Ewallet,4.0,0.48
3497,M057,Euless,Home and lifestyle,$51,3.0,10/11/25,15:27:00,Ewallet,9.0,0.33
3498,M045,Missouri City,Fashion accessories,$20,3.0,10/08/25,17:51:00,Credit card,5.0,0.48
3499,M008,Corpus Christi,Home and lifestyle,$24,3.0,22/10/25,14:40:00,Ewallet,9.0,0.48
3500,M060,DeSoto,Fashion accessories,$65,3.0,08/10/25,10:52:00,Ewallet,4.0,0.33
3501,M015,Grand Prairie,Home and lifestyle,$43,2.0,29/10/25,13:26:00,Ewallet,4.0,0.48
3502,M100,Canyon,Fashion accessories,$52,2.0,09/09/25,15:59:00,Ewallet,5.0,0.18
3503,M008,Corpus Christi,Home and lifestyle,$23,3.0,07/11/25,7:02:00,Ewallet,9.0,0.48
3504,M052,Mansfield,Fashion accessories,$64,2.0,05/11/25,12:05:00,Ewallet,8.0,0.57
3505,M066,Grapevine,Home and lifestyle,$62,2.0,24/09/25,9:17:00,Ewallet,8.0,0.33
3506,M076,Huntsville,Fashion accessories,$62,1.0,18/09/25,8:29:00,Ewallet,5.0,0.33
3507,M012,Garland,Home and lifestyle,$58,2.0,09/08/25,7:33:00,Ewallet,5.0,0.48
3508,M043,Baytown,Fashion accessories,$25,1.0,28/09/25,17:29:00,Ewallet,5.0,0.48
3509,M069,Rockwall,Home and lifestyle,$30,2.0,19/11/25,15:31:00,Ewallet,7.0,0.33
3510,M066,Grapevine,Fashion accessories,$29,2.0,03/12/25,18:54:00,Ewallet,9.0,0.33
3511,M011,Lubbock,Home and lifestyle,$38,2.0,17/11/25,17:47:00,Ewallet,4.0,0.48
3512,M024,Carrollton,Fashion accessories,$83,1.0,20/09/25,15:41:00,Ewallet,5.0,0.48
3513,M039,Longview,Home and lifestyle,$54,3.0,26/10/25,18:36:00,Ewallet,8.0,0.48
3514,M016,Brownsville,Fashion accessories,$66,2.0,04/10/25,16:50:00,Ewallet,7.0,0.48
3515,M048,Harlingen,Home and lifestyle,$26,3.0,25/12/25,19:33:00,Ewallet,4.0,0.48
3516,M071,Lufkin,Fashion accessories,$71,1.0,26/11/25,20:49:00,Ewallet,8.0,0.33
3517,M021,McAllen,Home and lifestyle,$32,1.0,08/08/25,17:44:00,Ewallet,8.0,0.48
3518,M044,Pharr,Fashion accessories,$54,1.0,20/10/25,20:42:00,Ewallet,6.0,0.48
3519,M026,Denton,Home and lifestyle,$76,3.0,09/11/25,15:21:00,Ewallet,8.0,0.48
3520,M033,Pearland,Fashion accessories,$38,2.0,07/08/25,19:08:00,Ewallet,4.0,0.48
3521,M022,Mesquite,Home and lifestyle,$61,2.0,19/09/25,15:08:00,Ewallet,8.0,0.48
3522,M018,Frisco,Fashion accessories,$38,3.0,19/09/25,16:33:00,Ewallet,6.0,0.48
3523,M028,Odessa,Home and lifestyle,$76,1.0,20/08/25,19:20:00,Ewallet,7.0,0.48
3524,M048,Harlingen,Fashion accessories,$60,2.0,15/11/25,20:58:00,Ewallet,7.0,0.48
3525,M069,Rockwall,Home and lifestyle,$76,1.0,28/08/25,18:39:00,Ewallet,7.0,0.33
3526,M024,Carrollton,Fashion accessories,$79,1.0,17/09/25,16:30:00,Ewallet,7.0,0.48
3527,M021,McAllen,Home and lifestyle,$33,1.0,01/08/25,18:05:00,Ewallet,4.0,0.48
3528,M048,Harlingen,Fashion accessories,$49,1.0,30/12/25,20:12:00,Ewallet,4.0,0.48
3529,M083,Farmers Branch,Home and lifestyle,$84,3.0,27/08/25,16:44:00,Ewallet,9.0,0.33
3530,M051,New Braunfels,Fashion accessories,$65,1.0,23/11/25,19:55:00,Ewallet,9.0,0.57
3531,M053,Conroe,Home and lifestyle,$60,2.0,28/09/25,15:34:00,Ewallet,6.0,0.57
3532,M085,Kerrville,Fashion accessories,$40,3.0,17/12/25,16:42:00,Ewallet,4.0,0.33
3533,M068,Burleson,Home and lifestyle,$50,1.0,21/08/25,19:00:00,Ewallet,5.0,0.33
3534,M080,Nacogdoches,Fashion accessories,$65,3.0,14/12/25,20:25:00,Ewallet,4.0,0.33
3535,M063,Georgetown,Home and lifestyle,$81,2.0,28/08/25,15:33:00,Ewallet,4.0,0.33
3536,M027,Abilene,Fashion accessories,$67,3.0,14/11/25,18:10:00,Ewallet,5.0,0.48
3537,M070,Hurst,Home and lifestyle,$30,3.0,17/09/25,16:39:00,Ewallet,8.0,0.33
3538,M043,Baytown,Fashion accessories,$69,3.0,26/08/25,15:43:00,Ewallet,5.0,0.48
3539,M062,Galveston,Home and lifestyle,$59,3.0,09/10/25,15:17:00,Ewallet,5.0,0.33
3540,M001,Houston,Fashion accessories,$37,1.0,10/08/25,15:33:00,Ewallet,5.0,0.36
3541,M008,Corpus Christi,Home and lifestyle,$77,2.0,17/11/25,19:25:00,Ewallet,9.0,0.48
3542,M014,Amarillo,Fashion accessories,$27,1.0,22/08/25,15:18:00,Ewallet,8.0,0.48
3543,M018,Frisco,Home and lifestyle,$28,3.0,25/11/25,17:32:00,Ewallet,9.0,0.48
3544,M009,Plano,Fashion accessories,$60,1.0,15/11/25,16:46:00,Ewallet,6.0,0.48
3545,M037,League City,Home and lifestyle,$51,1.0,11/11/25,18:40:00,Ewallet,9.0,0.48
3546,M026,Denton,Fashion accessories,$32,2.0,18/08/25,16:40:00,Ewallet,7.0,0.48
3547,M005,Fort Worth,Home and lifestyle,$70,2.0,24/09/25,20:11:00,Ewallet,9.0,0.48
3548,M049,North Richland Hills,Fashion accessories,$25,2.0,03/10/25,20:48:00,Ewallet,4.0,0.48
3549,M012,Garland,Home and lifestyle,$34,1.0,06/08/25,16:27:00,Ewallet,6.0,0.48
3550,M042,Bryan,Fashion accessories,$17,1.0,10/08/25,15:18:00,Ewallet,4.0,0.48
3551,M022,Mesquite,Home and lifestyle,$68,1.0,21/11/25,17:06:00,Ewallet,7.0,0.48
3552,M088,Cleburne,Fashion accessories,$73,3.0,17/09/25,15:01:00,Ewallet,5.0,0.33
3553,M004,Austin,Home and lifestyle,$58,2.0,07/08/25,16:55:00,Ewallet,9.0,0.48
3554,M044,Pharr,Fashion accessories,$46,2.0,27/11/25,17:13:00,Ewallet,5.0,0.48
3555,M045,Missouri City,Home and lifestyle,$58,3.0,07/09/25,15:22:00,Credit card,8.0,0.48
3556,M030,Richardson,Fashion accessories,$44,1.0,01/11/25,16:57:00,Ewallet,9.0,0.48
3557,M028,Odessa,Home and lifestyle,$33,1.0,25/12/25,15:48:00,Ewallet,5.0,0.48
3558,M060,DeSoto,Fashion accessories,$47,1.0,15/12/25,15:07:00,Ewallet,7.0,0.33
3559,M028,Odessa,Home and lifestyle,$20,2.0,20/09/25,18:41:00,Ewallet,6.0,0.48
3560,M013,Irving,Fashion accessories,$80,1.0,29/09/25,15:32:00,Ewallet,7.0,0.48
3561,M059,Pflugerville,Home and lifestyle,$36,3.0,25/09/25,17:00:00,Ewallet,8.0,0.33
3562,M091,Little Elm,Fashion accessories,$76,3.0,03/08/25,19:26:00,Ewallet,8.0,0.33
3563,M098,Mineral Wells,Home and lifestyle,$54,3.0,14/11/25,19:50:00,Ewallet,8.0,0.18
3564,M063,Georgetown,Fashion accessories,$38,1.0,11/09/25,15:16:00,Ewallet,7.0,0.33
3565,M005,Fort Worth,Home and lifestyle,$51,1.0,19/11/25,17:37:00,Ewallet,6.0,0.48
3566,M030,Richardson,Fashion accessories,$40,2.0,11/09/25,17:46:00,Ewallet,6.0,0.48
3567,M059,Pflugerville,Home and lifestyle,$65,2.0,18/12/25,15:33:00,Ewallet,9.0,0.33
3568,M039,Longview,Fashion accessories,$80,1.0,08/10/25,16:47:00,Ewallet,7.0,0.48
3569,M001,Houston,Home and lifestyle,$70,3.0,22/08/25,16:36:00,Ewallet,6.0,0.36
3570,M049,North Richland Hills,Fashion accessories,$43,2.0,12/12/25,17:49:00,Ewallet,4.0,0.48
3571,M080,Nacogdoches,Home and lifestyle,$53,3.0,03/09/25,15:30:00,Ewallet,8.0,0.33
3572,M010,Laredo,Fashion accessories,$80,2.0,19/09/25,17:04:00,Ewallet,8.0,0.48
3573,M014,Amarillo,Home and lifestyle,$63,2.0,31/12/25,20:59:00,Ewallet,8.0,0.48
3574,M045,Missouri City,Fashion accessories,$28,2.0,12/10/25,18:03:00,Credit card,5.0,0.48
3575,M018,Frisco,Home and lifestyle,$77,2.0,30/11/25,19:40:00,Ewallet,9.0,0.48
3576,M070,Hurst,Fashion accessories,$24,1.0,31/12/25,20:30:00,Ewallet,7.0,0.33
3577,M066,Grapevine,Home and lifestyle,$33,1.0,13/10/25,19:34:00,Ewallet,4.0,0.33
3578,M012,Garland,Fashion accessories,$24,2.0,15/10/25,20:25:00,Ewallet,5.0,0.48
3579,M033,Pearland,Home and lifestyle,$30,1.0,11/10/25,18:19:00,Ewallet,5.0,0.48
3580,M063,Georgetown,Fashion accessories,$56,2.0,17/09/25,18:39:00,Ewallet,6.0,0.33
3581,M024,Carrollton,Home and lifestyle,$46,1.0,21/12/25,18:51:00,Ewallet,5.0,0.48
3582,M045,Missouri City,Fashion accessories,$51,1.0,23/09/25,16:22:00,Credit card,9.0,0.48
3583,M041,Mission,Home and lifestyle,$81,2.0,15/10/25,16:59:00,Ewallet,6.0,0.48
3584,M012,Garland,Fashion accessories,$60,2.0,14/09/25,16:53:00,Ewallet,4.0,0.48
3585,M079,La Porte,Home and lifestyle,$79,3.0,30/12/25,17:52:00,Ewallet,4.0,0.33
3586,M067,Haltom City,Fashion accessories,$23,3.0,13/10/25,17:28:00,Ewallet,5.0,0.33
3587,M083,Farmers Branch,Home and lifestyle,$46,2.0,13/11/25,17:32:00,Ewallet,6.0,0.33
3588,M005,Fort Worth,Fashion accessories,$30,3.0,21/08/25,20:47:00,Ewallet,5.0,0.48
3589,M010,Laredo,Home and lifestyle,$28,3.0,23/11/25,18:01:00,Ewallet,9.0,0.48
3590,M077,Coppell,Fashion accessories,$56,1.0,02/11/25,18:14:00,Ewallet,6.0,0.33
3591,M002,Dallas,Home and lifestyle,$17,3.0,16/11/25,18:30:00,Ewallet,6.0,0.36
3592,M026,Denton,Fashion accessories,$85,3.0,06/09/25,18:23:00,Ewallet,5.0,0.48
3593,M027,Abilene,Home and lifestyle,$85,1.0,11/10/25,19:10:00,Ewallet,7.0,0.48
3594,M036,Allen,Fashion accessories,$21,2.0,20/12/25,15:30:00,Ewallet,7.0,0.48
3595,M037,League City,Home and lifestyle,$78,2.0,07/12/25,20:15:00,Ewallet,8.0,0.48
3596,M059,Pflugerville,Fashion accessories,$20,1.0,08/09/25,18:55:00,Ewallet,8.0,0.33
3597,M078,Del Rio,Home and lifestyle,$18,1.0,03/08/25,20:56:00,Ewallet,9.0,0.33
3598,M018,Frisco,Fashion accessories,$65,2.0,18/08/25,18:01:00,Ewallet,9.0,0.48
3599,M033,Pearland,Home and lifestyle,$67,1.0,04/12/25,15:09:00,Ewallet,4.0,0.48
3600,M062,Galveston,Fashion accessories,$74,3.0,23/12/25,16:21:00,Ewallet,4.0,0.33
3601,M034,College Station,Home and lifestyle,$74,2.0,05/10/25,18:27:00,Ewallet,6.0,0.48
3602,M083,Farmers Branch,Fashion accessories,$84,1.0,02/11/25,19:19:00,Ewallet,4.0,0.33
3603,M040,Edinburg,Home and lifestyle,$34,1.0,09/08/25,16:43:00,Ewallet,9.0,0.48
3604,M090,Brownwood,Fashion accessories,$17,2.0,04/08/25,20:40:00,Ewallet,8.0,0.33
3605,M043,Baytown,Home and lifestyle,$26,2.0,28/10/25,20:19:00,Ewallet,6.0,0.48
3606,M018,Frisco,Fashion accessories,$80,2.0,19/11/25,17:20:00,Ewallet,9.0,0.48
3607,M062,Galveston,Home and lifestyle,$23,2.0,25/10/25,18:20:00,Ewallet,7.0,0.33
3608,M057,Euless,Fashion accessories,$73,3.0,31/10/25,17:02:00,Ewallet,4.0,0.33
3609,M028,Odessa,Home and lifestyle,$82,1.0,29/12/25,20:49:00,Ewallet,7.0,0.48
3610,M088,Cleburne,Fashion accessories,$81,3.0,21/10/25,17:55:00,Ewallet,9.0,0.33
3611,M081,Friendswood,Home and lifestyle,$57,3.0,09/09/25,19:00:00,Ewallet,6.0,0.33
3612,M057,Euless,Fashion accessories,$32,3.0,03/11/25,16:44:00,Ewallet,7.0,0.33
3613,M058,Port Arthur,Home and lifestyle,$25,3.0,24/09/25,15:09:00,Ewallet,7.0,0.33
3614,M047,Flower Mound,Fashion accessories,$49,1.0,09/12/25,18:29:00,Ewallet,6.0,0.48
3615,M085,Kerrville,Home and lifestyle,$48,2.0,21/11/25,15:08:00,Ewallet,4.0,0.33
3616,M092,Lake Jackson,Fashion accessories,$37,1.0,01/10/25,15:55:00,Ewallet,8.0,0.33
3617,M037,League City,Home and lifestyle,$32,3.0,22/08/25,20:44:00,Ewallet,9.0,0.48
3618,M021,McAllen,Fashion accessories,$41,1.0,14/08/25,19:50:00,Ewallet,5.0,0.48
3619,M028,Odessa,Home and lifestyle,$29,3.0,09/12/25,16:25:00,Ewallet,7.0,0.48
3620,M020,Killeen,Fashion accessories,$18,2.0,24/08/25,18:32:00,Ewallet,4.0,0.48
3621,M078,Del Rio,Home and lifestyle,$35,3.0,02/09/25,15:53:00,Ewallet,5.0,0.33
3622,M079,La Porte,Fashion accessories,$67,3.0,21/11/25,19:43:00,Ewallet,6.0,0.33
3623,M045,Missouri City,Home and lifestyle,$45,1.0,07/12/25,17:16:00,Credit card,8.0,0.48
3624,M078,Del Rio,Fashion accessories,$79,1.0,26/11/25,16:45:00,Ewallet,8.0,0.33
3625,M028,Odessa,Home and lifestyle,$63,2.0,05/08/25,18:57:00,Ewallet,8.0,0.48
3626,M030,Richardson,Fashion accessories,$23,2.0,30/12/25,17:19:00,Ewallet,6.0,0.48
3627,M012,Garland,Home and lifestyle,$23,3.0,24/10/25,20:55:00,Ewallet,4.0,0.48
3628,M068,Burleson,Fashion accessories,$64,1.0,23/09/25,15:11:00,Ewallet,8.0,0.33
3629,M064,Bedford,Home and lifestyle,$15,1.0,11/11/25,18:45:00,Ewallet,6.0,0.33
3630,M093,Angleton,Fashion accessories,$68,1.0,16/08/25,15:50:00,Ewallet,8.0,0.33
3631,M068,Burleson,Home and lifestyle,$81,2.0,05/08/25,15:30:00,Ewallet,6.0,0.33
3632,M094,Alamo,Fashion accessories,$43,2.0,03/10/25,18:56:00,Ewallet,9.0,0.33
3633,M009,Plano,Home and lifestyle,$73,1.0,30/08/25,15:15:00,Ewallet,8.0,0.48
3634,M012,Garland,Fashion accessories,$41,3.0,22/08/25,17:01:00,Ewallet,6.0,0.48
3635,M051,New Braunfels,Home and lifestyle,$21,2.0,31/08/25,16:17:00,Ewallet,5.0,0.48
3636,M027,Abilene,Fashion accessories,$45,3.0,16/12/25,15:07:00,Ewallet,5.0,0.48
3637,M091,Little Elm,Home and lifestyle,$35,3.0,30/08/25,17:37:00,Ewallet,4.0,0.33
3638,M081,Friendswood,Fashion accessories,$16,2.0,07/10/25,15:48:00,Ewallet,5.0,0.33
3639,M017,McKinney,Home and lifestyle,$44,1.0,22/12/25,19:59:00,Ewallet,5.0,0.48
3640,M052,Mansfield,Fashion accessories,$66,3.0,16/12/25,16:44:00,Ewallet,4.0,0.57
3641,M007,Arlington,Home and lifestyle,$15,2.0,13/08/25,21:00:00,Ewallet,6.0,0.48
3642,M088,Cleburne,Fashion accessories,$55,2.0,30/09/25,16:42:00,Ewallet,8.0,0.33
3643,M092,Lake Jackson,Home and lifestyle,$64,1.0,05/11/25,18:30:00,Ewallet,5.0,0.33
3644,M043,Baytown,Fashion accessories,$30,3.0,29/12/25,21:00:00,Ewallet,9.0,0.48
3645,M053,Conroe,Home and lifestyle,$16,3.0,01/09/25,18:49:00,Ewallet,7.0,0.57
3646,M069,Rockwall,Fashion accessories,$36,3.0,08/08/25,19:15:00,Ewallet,5.0,0.33
3647,M093,Angleton,Home and lifestyle,$55,3.0,15/09/25,17:07:00,Ewallet,6.0,0.33
3648,M094,Alamo,Fashion accessories,$85,2.0,21/10/25,15:47:00,Ewallet,7.0,0.33
3649,M047,Flower Mound,Home and lifestyle,$35,3.0,10/09/25,16:57:00,Ewallet,5.0,0.48
3650,M067,Haltom City,Fashion accessories,$70,2.0,26/09/25,15:48:00,Ewallet,7.0,0.33
3651,M091,Little Elm,Home and lifestyle,$46,1.0,02/09/25,17:19:00,Ewallet,6.0,0.33
3652,M093,Angleton,Fashion accessories,$73,3.0,19/12/25,16:38:00,Ewallet,7.0,0.33
3653,M053,Conroe,Home and lifestyle,$85,2.0,13/09/25,16:21:00,Ewallet,5.0,0.57
3654,M093,Angleton,Fashion accessories,$15,3.0,16/11/25,18:44:00,Ewallet,6.0,0.33
3655,M057,Euless,Home and lifestyle,$55,3.0,22/12/25,16:13:00,Ewallet,6.0,0.33
3656,M002,Dallas,Fashion accessories,$49,3.0,15/09/25,16:27:00,Ewallet,9.0,0.36
3657,M059,Pflugerville,Home and lifestyle,$30,3.0,29/09/25,18:33:00,Ewallet,9.0,0.33
3658,M044,Pharr,Fashion accessories,$55,2.0,10/11/25,19:07:00,Ewallet,7.0,0.48
3659,M051,New Braunfels,Home and lifestyle,$79,3.0,10/12/25,20:32:00,Ewallet,7.0,0.48
3660,M001,Houston,Fashion accessories,$47,3.0,22/10/25,20:21:00,Ewallet,7.0,0.36
3661,M021,McAllen,Home and lifestyle,$76,1.0,26/09/25,16:27:00,Ewallet,5.0,0.48
3662,M018,Frisco,Fashion accessories,$36,2.0,28/11/25,18:13:00,Ewallet,9.0,0.48
3663,M078,Del Rio,Home and lifestyle,$59,2.0,18/11/25,17:26:00,Ewallet,8.0,0.33
3664,M051,New Braunfels,Fashion accessories,$60,2.0,30/09/25,16:00:00,Ewallet,6.0,0.57
3665,M015,Grand Prairie,Home and lifestyle,$32,3.0,01/12/25,20:47:00,Ewallet,7.0,0.48
3666,M072,Lancaster,Fashion accessories,$29,2.0,27/09/25,17:06:00,Ewallet,8.0,0.33
3667,M005,Fort Worth,Home and lifestyle,$18,2.0,13/09/25,18:46:00,Ewallet,9.0,0.48
3668,M004,Austin,Fashion accessories,$18,2.0,01/08/25,15:48:00,Ewallet,4.0,0.48
3669,M059,Pflugerville,Home and lifestyle,$80,1.0,04/11/25,18:56:00,Ewallet,4.0,0.33
3670,M019,Pasadena,Fashion accessories,$62,2.0,03/11/25,15:42:00,Ewallet,8.0,0.48
3671,M047,Flower Mound,Home and lifestyle,$25,2.0,22/11/25,20:15:00,Ewallet,4.0,0.48
3672,M100,Canyon,Fashion accessories,$38,1.0,14/10/25,18:10:00,Ewallet,5.0,0.18
3673,M042,Bryan,Home and lifestyle,$81,1.0,10/11/25,17:20:00,Ewallet,5.0,0.48
3674,M096,Eagle Pass,Fashion accessories,$48,3.0,29/10/25,16:18:00,Ewallet,7.0,0.18
3675,M015,Grand Prairie,Home and lifestyle,$33,3.0,10/10/25,18:12:00,Ewallet,7.0,0.48
3676,M081,Friendswood,Fashion accessories,$80,1.0,23/11/25,19:44:00,Ewallet,9.0,0.33
3677,M057,Euless,Home and lifestyle,$37,3.0,21/11/25,19:29:00,Ewallet,7.0,0.33
3678,M079,La Porte,Fashion accessories,$66,2.0,18/08/25,16:30:00,Ewallet,9.0,0.33
3679,M022,Mesquite,Home and lifestyle,$72,2.0,20/11/25,17:36:00,Ewallet,8.0,0.48
3680,M043,Baytown,Fashion accessories,$75,1.0,29/10/25,18:41:00,Ewallet,7.0,0.48
3681,M095,Big Spring,Home and lifestyle,$24,3.0,10/11/25,19:14:00,Ewallet,8.0,0.33
3682,M053,Conroe,Fashion accessories,$56,3.0,18/10/25,20:35:00,Ewallet,6.0,0.21
3683,M053,Conroe,Home and lifestyle,$61,1.0,08/08/25,16:05:00,Ewallet,7.0,0.57
3684,M070,Hurst,Fashion accessories,$44,1.0,03/10/25,20:04:00,Ewallet,4.0,0.33
3685,M070,Hurst,Home and lifestyle,$60,3.0,24/09/25,16:18:00,Ewallet,5.0,0.33
3686,M094,Alamo,Fashion accessories,$25,2.0,29/10/25,20:29:00,Ewallet,4.0,0.33
3687,M041,Mission,Home and lifestyle,$70,3.0,09/12/25,15:31:00,Ewallet,9.0,0.48
3688,M014,Amarillo,Fashion accessories,$62,2.0,17/09/25,19:48:00,Ewallet,6.0,0.48
3689,M079,La Porte,Home and lifestyle,$76,3.0,04/08/25,17:55:00,Ewallet,7.0,0.33
3690,M037,League City,Fashion accessories,$38,1.0,25/08/25,19:44:00,Ewallet,4.0,0.48
3691,M083,Farmers Branch,Home and lifestyle,$50,1.0,30/10/25,16:21:00,Ewallet,6.0,0.33
3692,M068,Burleson,Fashion accessories,$19,1.0,01/12/25,19:49:00,Ewallet,7.0,0.33
3693,M040,Edinburg,Home and lifestyle,$30,3.0,23/09/25,15:53:00,Ewallet,5.0,0.48
3694,M005,Fort Worth,Fashion accessories,$23,2.0,29/08/25,20:09:00,Ewallet,6.0,0.48
3695,M085,Kerrville,Home and lifestyle,$23,2.0,03/08/25,16:28:00,Ewallet,8.0,0.33
3696,M091,Little Elm,Fashion accessories,$16,1.0,04/08/25,17:36:00,Ewallet,7.0,0.33
3697,M053,Conroe,Home and lifestyle,$53,1.0,17/11/25,17:18:00,Ewallet,8.0,0.57
3698,M028,Odessa,Fashion accessories,$35,3.0,16/08/25,19:44:00,Ewallet,6.0,0.48
3699,M049,North Richland Hills,Home and lifestyle,$80,1.0,08/09/25,15:10:00,Ewallet,4.0,0.48
3700,M095,Big Spring,Fashion accessories,$82,1.0,31/08/25,18:49:00,Ewallet,5.0,0.33
3701,M017,McKinney,Home and lifestyle,$56,2.0,25/12/25,19:50:00,Ewallet,4.0,0.48
3702,M030,Richardson,Fashion accessories,$54,3.0,23/10/25,19:14:00,Ewallet,5.0,0.48
3703,M042,Bryan,Home and lifestyle,$48,2.0,03/08/25,19:54:00,Ewallet,6.0,0.48
3704,M078,Del Rio,Fashion accessories,$80,3.0,15/12/25,16:14:00,Ewallet,6.0,0.33
3705,M041,Mission,Home and lifestyle,$53,1.0,08/08/25,20:13:00,Ewallet,6.0,0.48
3706,M071,Lufkin,Fashion accessories,$71,2.0,13/12/25,19:30:00,Ewallet,6.0,0.33
3707,M091,Little Elm,Home and lifestyle,$67,1.0,24/09/25,20:58:00,Ewallet,4.0,0.33
3708,M063,Georgetown,Fashion accessories,$61,3.0,08/11/25,20:27:00,Ewallet,7.0,0.33
3709,M001,Houston,Home and lifestyle,$41,2.0,26/12/25,17:00:00,Ewallet,5.0,0.36
3710,M066,Grapevine,Fashion accessories,$77,3.0,04/08/25,17:00:00,Ewallet,8.0,0.33
3711,M007,Arlington,Home and lifestyle,$39,2.0,17/08/25,20:20:00,Ewallet,4.0,0.48
3712,M091,Little Elm,Fashion accessories,$28,1.0,01/12/25,15:16:00,Ewallet,5.0,0.33
3713,M034,College Station,Home and lifestyle,$84,2.0,08/10/25,17:55:00,Ewallet,7.0,0.48
3714,M076,Huntsville,Fashion accessories,$68,2.0,15/09/25,16:14:00,Ewallet,5.0,0.33
3715,M012,Garland,Home and lifestyle,$62,1.0,15/11/25,15:05:00,Ewallet,7.0,0.48
3716,M052,Mansfield,Fashion accessories,$45,1.0,17/12/25,15:45:00,Ewallet,4.0,0.57
3717,M071,Lufkin,Home and lifestyle,$28,1.0,09/10/25,15:07:00,Ewallet,9.0,0.33
3718,M051,New Braunfels,Fashion accessories,$68,2.0,18/08/25,19:44:00,Ewallet,6.0,0.57
3719,M066,Grapevine,Home and lifestyle,$84,1.0,14/09/25,19:11:00,Ewallet,5.0,0.33
3720,M091,Little Elm,Fashion accessories,$56,2.0,06/11/25,19:42:00,Ewallet,9.0,0.33
3721,M059,Pflugerville,Home and lifestyle,$24,3.0,15/08/25,15:38:00,Ewallet,7.0,0.33
3722,M042,Bryan,Fashion accessories,$36,2.0,05/11/25,16:38:00,Ewallet,6.0,0.48
3723,M034,College Station,Home and lifestyle,$31,3.0,06/12/25,16:28:00,Ewallet,8.0,0.48
3724,M092,Lake Jackson,Fashion accessories,$15,3.0,23/12/25,17:58:00,Ewallet,5.0,0.33
3725,M061,Cedar Park,Home and lifestyle,$83,3.0,29/12/25,16:54:00,Ewallet,5.0,0.33
3726,M022,Mesquite,Fashion accessories,$31,2.0,25/10/25,18:30:00,Ewallet,4.0,0.48
3727,M091,Little Elm,Home and lifestyle,$62,1.0,30/11/25,19:04:00,Ewallet,5.0,0.33
3728,M033,Pearland,Fashion accessories,$58,2.0,18/12/25,18:48:00,Ewallet,8.0,0.48
3729,M061,Cedar Park,Home and lifestyle,$37,1.0,10/09/25,15:01:00,Ewallet,7.0,0.33
3730,M023,Midland,Fashion accessories,$81,1.0,15/08/25,17:04:00,Ewallet,7.0,0.48
3731,M071,Lufkin,Home and lifestyle,$51,1.0,07/08/25,18:12:00,Ewallet,7.0,0.33
3732,M085,Kerrville,Fashion accessories,$21,1.0,05/10/25,17:25:00,Ewallet,5.0,0.33
3733,M018,Frisco,Home and lifestyle,$80,2.0,26/09/25,18:31:00,Ewallet,9.0,0.48
3734,M005,Fort Worth,Fashion accessories,$43,3.0,21/11/25,17:40:00,Ewallet,8.0,0.48
3735,M062,Galveston,Home and lifestyle,$26,2.0,01/10/25,18:46:00,Ewallet,6.0,0.33
3736,M098,Mineral Wells,Fashion accessories,$62,3.0,30/09/25,17:04:00,Ewallet,9.0,0.18
3737,M009,Plano,Home and lifestyle,$38,2.0,28/08/25,19:41:00,Ewallet,4.0,0.48
3738,M048,Harlingen,Fashion accessories,$67,3.0,09/08/25,20:00:00,Ewallet,8.0,0.48
3739,M069,Rockwall,Home and lifestyle,$22,3.0,17/12/25,20:34:00,Ewallet,6.0,0.33
3740,M081,Friendswood,Fashion accessories,$23,3.0,08/08/25,19:30:00,Ewallet,4.0,0.33
3741,M010,Laredo,Home and lifestyle,$31,3.0,17/09/25,20:41:00,Ewallet,8.0,0.48
3742,M053,Conroe,Fashion accessories,$49,1.0,12/11/25,19:38:00,Ewallet,8.0,0.21
3743,M019,Pasadena,Home and lifestyle,$25,2.0,02/10/25,17:54:00,Ewallet,8.0,0.48
3744,M077,Coppell,Fashion accessories,$44,3.0,19/11/25,17:39:00,Ewallet,6.0,0.33
3745,M093,Angleton,Home and lifestyle,$82,3.0,02/08/25,15:21:00,Ewallet,9.0,0.33
3746,M098,Mineral Wells,Fashion accessories,$26,1.0,31/10/25,17:02:00,Ewallet,8.0,0.18
3747,M053,Conroe,Home and lifestyle,$70,3.0,07/11/25,17:48:00,Ewallet,7.0,0.57
3748,M004,Austin,Fashion accessories,$63,3.0,23/09/25,20:06:00,Ewallet,7.0,0.48
3749,M018,Frisco,Home and lifestyle,$52,1.0,19/11/25,16:11:00,Ewallet,4.0,0.48
3750,M014,Amarillo,Fashion accessories,$29,3.0,01/10/25,17:31:00,Ewallet,8.0,0.48
3751,M020,Killeen,Home and lifestyle,$55,1.0,16/11/25,18:36:00,Ewallet,6.0,0.48
3752,M030,Richardson,Fashion accessories,$75,2.0,09/08/25,15:48:00,Ewallet,6.0,0.48
3753,M077,Coppell,Home and lifestyle,$79,2.0,27/08/25,16:08:00,Ewallet,6.0,0.33
3754,M069,Rockwall,Fashion accessories,$19,2.0,06/12/25,15:57:00,Ewallet,9.0,0.33
3755,M093,Angleton,Home and lifestyle,$32,2.0,25/11/25,18:24:00,Ewallet,4.0,0.33
3756,M061,Cedar Park,Fashion accessories,$64,3.0,10/11/25,20:34:00,Ewallet,8.0,0.33
3757,M063,Georgetown,Home and lifestyle,$57,2.0,29/12/25,16:16:00,Ewallet,7.0,0.33
3758,M098,Mineral Wells,Fashion accessories,$85,3.0,09/09/25,18:16:00,Ewallet,9.0,0.18
3759,M060,DeSoto,Home and lifestyle,$20,3.0,27/09/25,18:18:00,Ewallet,6.0,0.33
3760,M052,Mansfield,Fashion accessories,$19,2.0,09/08/25,15:51:00,Ewallet,7.0,0.57
3761,M058,Port Arthur,Home and lifestyle,$78,1.0,06/08/25,18:00:00,Ewallet,4.0,0.33
3762,M051,New Braunfels,Fashion accessories,$58,3.0,20/10/25,17:32:00,Ewallet,9.0,0.57
3763,M009,Plano,Home and lifestyle,$70,1.0,03/08/25,19:04:00,Ewallet,5.0,0.48
3764,M007,Arlington,Fashion accessories,$37,3.0,22/11/25,20:33:00,Ewallet,6.0,0.48
3765,M006,El Paso,Home and lifestyle,$30,3.0,15/08/25,16:21:00,Ewallet,7.0,0.48
3766,M070,Hurst,Fashion accessories,$32,3.0,20/11/25,20:17:00,Ewallet,4.0,0.33
3767,M014,Amarillo,Home and lifestyle,$36,1.0,24/08/25,18:03:00,Ewallet,9.0,0.48
3768,M053,Conroe,Fashion accessories,$23,3.0,12/11/25,17:17:00,Ewallet,5.0,0.21
3769,M081,Friendswood,Home and lifestyle,$58,3.0,04/10/25,15:24:00,Ewallet,5.0,0.33
3770,M020,Killeen,Fashion accessories,$36,1.0,13/08/25,15:08:00,Ewallet,6.0,0.48
3771,M006,El Paso,Home and lifestyle,$21,1.0,11/09/25,20:16:00,Ewallet,8.0,0.48
3772,M004,Austin,Fashion accessories,$59,1.0,25/10/25,16:34:00,Ewallet,8.0,0.48
3773,M064,Bedford,Home and lifestyle,$44,1.0,26/11/25,17:12:00,Ewallet,5.0,0.33
3774,M010,Laredo,Fashion accessories,$16,1.0,31/08/25,18:27:00,Ewallet,4.0,0.48
3775,M010,Laredo,Home and lifestyle,$73,2.0,23/08/25,16:08:00,Ewallet,6.0,0.48
3776,M093,Angleton,Fashion accessories,$22,3.0,16/12/25,16:35:00,Ewallet,7.0,0.33
3777,M048,Harlingen,Home and lifestyle,$78,1.0,27/09/25,20:24:00,Ewallet,8.0,0.48
3778,M062,Galveston,Fashion accessories,$61,2.0,26/10/25,20:33:00,Ewallet,6.0,0.33
3779,M090,Brownwood,Home and lifestyle,$76,2.0,03/10/25,17:16:00,Ewallet,4.0,0.33
3780,M091,Little Elm,Fashion accessories,$59,2.0,12/10/25,16:52:00,Ewallet,5.0,0.33
3781,M091,Little Elm,Home and lifestyle,$42,2.0,17/10/25,18:53:00,Ewallet,5.0,0.33
3782,M040,Edinburg,Fashion accessories,$41,2.0,24/09/25,16:08:00,Ewallet,8.0,0.48
3783,M088,Cleburne,Home and lifestyle,$80,1.0,14/11/25,19:22:00,Ewallet,7.0,0.33
3784,M014,Amarillo,Fashion accessories,$54,1.0,27/12/25,16:06:00,Ewallet,6.0,0.48
3785,M076,Huntsville,Home and lifestyle,$15,3.0,31/10/25,19:29:00,Ewallet,5.0,0.33
3786,M083,Farmers Branch,Fashion accessories,$22,3.0,21/10/25,15:45:00,Ewallet,9.0,0.33
3787,M068,Burleson,Home and lifestyle,$46,2.0,19/10/25,15:58:00,Ewallet,6.0,0.33
3788,M034,College Station,Fashion accessories,$43,3.0,13/10/25,18:01:00,Ewallet,5.0,0.48
3789,M066,Grapevine,Home and lifestyle,$39,2.0,19/12/25,20:07:00,Ewallet,8.0,0.33
3790,M068,Burleson,Fashion accessories,$74,1.0,24/08/25,16:52:00,Ewallet,6.0,0.33
3791,M027,Abilene,Home and lifestyle,$53,1.0,03/09/25,20:25:00,Ewallet,9.0,0.48
3792,M100,Canyon,Fashion accessories,$36,2.0,14/12/25,19:03:00,Ewallet,4.0,0.18
3793,M063,Georgetown,Home and lifestyle,$63,2.0,18/10/25,19:58:00,Ewallet,9.0,0.33
3794,M049,North Richland Hills,Fashion accessories,$69,1.0,27/10/25,20:59:00,Ewallet,9.0,0.48
3795,M077,Coppell,Home and lifestyle,$48,1.0,06/09/25,20:19:00,Ewallet,9.0,0.33
3796,M072,Lancaster,Fashion accessories,$59,2.0,09/11/25,19:06:00,Ewallet,4.0,0.33
3797,M017,McKinney,Home and lifestyle,$73,3.0,29/09/25,18:14:00,Ewallet,9.0,0.48
3798,M006,El Paso,Fashion accessories,$22,2.0,23/09/25,16:45:00,Ewallet,9.0,0.48
3799,M100,Canyon,Home and lifestyle,$42,2.0,14/11/25,19:35:00,Ewallet,4.0,0.18
3800,M034,College Station,Fashion accessories,$66,3.0,09/12/25,17:13:00,Ewallet,7.0,0.48
3801,M017,McKinney,Home and lifestyle,$57,1.0,22/11/25,18:36:00,Ewallet,4.0,0.48
3802,M041,Mission,Fashion accessories,$71,2.0,31/08/25,19:02:00,Ewallet,5.0,0.48
3803,M091,Little Elm,Home and lifestyle,$73,2.0,02/12/25,18:07:00,Ewallet,6.0,0.33
3804,M009,Plano,Fashion accessories,$29,2.0,06/10/25,17:02:00,Ewallet,6.0,0.48
3805,M021,McAllen,Home and lifestyle,$69,3.0,10/09/25,15:14:00,Ewallet,8.0,0.48
3806,M061,Cedar Park,Fashion accessories,$73,1.0,24/11/25,20:21:00,Ewallet,9.0,0.33
3807,M083,Farmers Branch,Home and lifestyle,$71,1.0,19/10/25,19:13:00,Ewallet,7.0,0.33
3808,M043,Baytown,Fashion accessories,$79,3.0,20/11/25,16:29:00,Ewallet,6.0,0.48
3809,M005,Fort Worth,Home and lifestyle,$79,1.0,14/10/25,20:44:00,Ewallet,4.0,0.48
3810,M033,Pearland,Fashion accessories,$42,1.0,30/12/25,17:48:00,Ewallet,9.0,0.48
3811,M021,McAllen,Home and lifestyle,$34,1.0,04/10/25,19:00:00,Ewallet,6.0,0.48
3812,M053,Conroe,Fashion accessories,$83,2.0,18/12/25,16:40:00,Ewallet,9.0,0.21
3813,M069,Rockwall,Home and lifestyle,$20,3.0,06/09/25,19:09:00,Ewallet,8.0,0.33
3814,M043,Baytown,Fashion accessories,$34,2.0,30/08/25,19:54:00,Ewallet,5.0,0.48
3815,M058,Port Arthur,Home and lifestyle,$39,3.0,10/10/25,17:12:00,Ewallet,5.0,0.33
3816,M057,Euless,Fashion accessories,$20,3.0,06/09/25,19:19:00,Ewallet,9.0,0.33
3817,M009,Plano,Home and lifestyle,$75,1.0,05/08/25,19:36:00,Ewallet,7.0,0.48
3818,M027,Abilene,Fashion accessories,$85,3.0,15/08/25,19:16:00,Ewallet,7.0,0.48
3819,M063,Georgetown,Home and lifestyle,$47,1.0,28/12/25,15:27:00,Ewallet,4.0,0.33
3820,M080,Nacogdoches,Fashion accessories,$53,2.0,19/12/25,19:53:00,Ewallet,8.0,0.33
3821,M011,Lubbock,Home and lifestyle,$61,2.0,31/08/25,16:22:00,Ewallet,6.0,0.48
3822,M095,Big Spring,Fashion accessories,$37,2.0,02/10/25,17:23:00,Ewallet,8.0,0.33
3823,M058,Port Arthur,Home and lifestyle,$57,1.0,19/12/25,20:29:00,Ewallet,5.0,0.33
3824,M049,North Richland Hills,Fashion accessories,$81,2.0,19/08/25,18:29:00,Ewallet,4.0,0.48
3825,M066,Grapevine,Home and lifestyle,$27,3.0,26/10/25,17:40:00,Ewallet,4.0,0.33
3826,M016,Brownsville,Fashion accessories,$39,3.0,24/12/25,19:32:00,Ewallet,9.0,0.48
3827,M067,Haltom City,Home and lifestyle,$30,1.0,13/09/25,17:30:00,Ewallet,4.0,0.33
3828,M092,Lake Jackson,Fashion accessories,$15,2.0,12/11/25,17:57:00,Ewallet,9.0,0.33
3829,M066,Grapevine,Home and lifestyle,$66,3.0,20/10/25,15:07:00,Ewallet,7.0,0.33
3830,M059,Pflugerville,Fashion accessories,$53,2.0,28/09/25,16:02:00,Ewallet,4.0,0.33
3831,M023,Midland,Home and lifestyle,$61,2.0,25/09/25,17:38:00,Ewallet,5.0,0.48
3832,M059,Pflugerville,Fashion accessories,$71,2.0,01/10/25,18:48:00,Ewallet,6.0,0.33
3833,M088,Cleburne,Home and lifestyle,$44,2.0,19/12/25,20:56:00,Ewallet,7.0,0.33
3834,M019,Pasadena,Fashion accessories,$19,2.0,18/08/25,17:17:00,Ewallet,8.0,0.48
3835,M080,Nacogdoches,Home and lifestyle,$72,1.0,13/09/25,15:57:00,Ewallet,8.0,0.33
3836,M030,Richardson,Fashion accessories,$48,1.0,06/11/25,16:27:00,Ewallet,4.0,0.48
3837,M020,Killeen,Home and lifestyle,$68,1.0,21/09/25,20:19:00,Ewallet,4.0,0.48
3838,M009,Plano,Fashion accessories,$25,2.0,09/12/25,19:38:00,Ewallet,4.0,0.48
3839,M088,Cleburne,Home and lifestyle,$61,2.0,30/09/25,15:48:00,Ewallet,8.0,0.33
3840,M088,Cleburne,Fashion accessories,$31,1.0,04/10/25,18:48:00,Ewallet,9.0,0.33
3841,M039,Longview,Home and lifestyle,$19,1.0,29/08/25,15:19:00,Ewallet,8.0,0.48
3842,M039,Longview,Fashion accessories,$30,3.0,14/09/25,17:50:00,Ewallet,5.0,0.48
3843,M085,Kerrville,Home and lifestyle,$51,3.0,11/12/25,17:57:00,Ewallet,7.0,0.33
3844,M006,El Paso,Fashion accessories,$17,2.0,29/12/25,20:19:00,Ewallet,6.0,0.48
3845,M097,Alice,Home and lifestyle,$58,2.0,10/08/25,18:33:00,Ewallet,4.0,0.18
3846,M053,Conroe,Fashion accessories,$40,3.0,18/12/25,20:58:00,Ewallet,9.0,0.21
3847,M034,College Station,Home and lifestyle,$28,3.0,17/08/25,18:32:00,Ewallet,5.0,0.48
3848,M044,Pharr,Fashion accessories,$41,3.0,18/12/25,20:53:00,Ewallet,9.0,0.48
3849,M010,Laredo,Home and lifestyle,$61,3.0,28/12/25,16:35:00,Ewallet,5.0,0.48
3850,M081,Friendswood,Fashion accessories,$15,1.0,17/12/25,20:46:00,Ewallet,8.0,0.33
3851,M023,Midland,Home and lifestyle,$26,1.0,09/11/25,19:48:00,Ewallet,9.0,0.48
3852,M018,Frisco,Fashion accessories,$83,1.0,29/12/25,16:03:00,Ewallet,6.0,0.48
3853,M083,Farmers Branch,Home and lifestyle,$23,1.0,24/08/25,15:49:00,Ewallet,5.0,0.33
3854,M011,Lubbock,Fashion accessories,$59,2.0,26/10/25,20:53:00,Ewallet,8.0,0.48
3855,M013,Irving,Home and lifestyle,$66,3.0,21/11/25,19:57:00,Ewallet,8.0,0.48
3856,M060,DeSoto,Fashion accessories,$37,1.0,20/10/25,20:32:00,Ewallet,9.0,0.33
3857,M036,Allen,Home and lifestyle,$80,1.0,13/11/25,17:14:00,Ewallet,5.0,0.48
3858,M015,Grand Prairie,Fashion accessories,$69,3.0,06/11/25,16:19:00,Ewallet,4.0,0.48
3859,M044,Pharr,Home and lifestyle,$20,2.0,01/10/25,19:47:00,Ewallet,5.0,0.48
3860,M044,Pharr,Fashion accessories,$22,1.0,26/12/25,20:22:00,Ewallet,8.0,0.48
3861,M079,La Porte,Home and lifestyle,$68,1.0,06/10/25,16:03:00,Ewallet,7.0,0.33
3862,M006,El Paso,Fashion accessories,$20,3.0,25/09/25,20:47:00,Ewallet,9.0,0.48
3863,M085,Kerrville,Home and lifestyle,$52,1.0,28/12/25,15:28:00,Ewallet,9.0,0.33
3864,M060,DeSoto,Fashion accessories,$44,2.0,20/11/25,17:40:00,Ewallet,9.0,0.33
3865,M007,Arlington,Home and lifestyle,$80,3.0,13/12/25,16:07:00,Ewallet,8.0,0.48
3866,M022,Mesquite,Fashion accessories,$70,2.0,09/12/25,19:11:00,Ewallet,4.0,0.48
3867,M040,Edinburg,Home and lifestyle,$39,3.0,13/10/25,20:07:00,Ewallet,6.0,0.48
3868,M009,Plano,Fashion accessories,$61,1.0,15/11/25,20:43:00,Ewallet,7.0,0.48
3869,M059,Pflugerville,Home and lifestyle,$46,2.0,15/10/25,16:53:00,Ewallet,4.0,0.33
3870,M023,Midland,Fashion accessories,$19,2.0,01/11/25,17:05:00,Ewallet,7.0,0.48
3871,M064,Bedford,Home and lifestyle,$57,1.0,25/12/25,17:57:00,Ewallet,8.0,0.33
3872,M026,Denton,Fashion accessories,$39,2.0,12/08/25,15:30:00,Ewallet,8.0,0.48
3873,M044,Pharr,Home and lifestyle,$15,2.0,25/11/25,17:46:00,Ewallet,7.0,0.48
3874,M014,Amarillo,Fashion accessories,$65,2.0,09/08/25,16:00:00,Ewallet,9.0,0.48
3875,M008,Corpus Christi,Home and lifestyle,$61,3.0,26/10/25,16:59:00,Ewallet,8.0,0.48
3876,M060,DeSoto,Fashion accessories,$44,2.0,03/08/25,19:45:00,Ewallet,5.0,0.33
3877,M027,Abilene,Home and lifestyle,$71,2.0,01/11/25,19:53:00,Ewallet,6.0,0.48
3878,M004,Austin,Fashion accessories,$58,2.0,01/11/25,20:43:00,Ewallet,6.0,0.48
3879,M007,Arlington,Home and lifestyle,$51,3.0,29/09/25,18:44:00,Ewallet,9.0,0.48
3880,M047,Flower Mound,Fashion accessories,$72,3.0,22/11/25,20:16:00,Ewallet,9.0,0.48
3881,M041,Mission,Home and lifestyle,$35,3.0,03/10/25,18:44:00,Ewallet,7.0,0.48
3882,M048,Harlingen,Fashion accessories,$50,3.0,23/10/25,15:23:00,Ewallet,6.0,0.48
3883,M097,Alice,Home and lifestyle,$65,1.0,13/08/25,19:39:00,Ewallet,4.0,0.18
3884,M015,Grand Prairie,Fashion accessories,$85,2.0,19/10/25,17:09:00,Ewallet,9.0,0.48
3885,M052,Mansfield,Home and lifestyle,$72,2.0,20/12/25,20:31:00,Ewallet,5.0,0.57
3886,M006,El Paso,Fashion accessories,$48,1.0,19/08/25,20:08:00,Ewallet,6.0,0.48
3887,M067,Haltom City,Home and lifestyle,$59,2.0,29/11/25,17:25:00,Ewallet,7.0,0.33
3888,M069,Rockwall,Fashion accessories,$64,1.0,05/09/25,18:52:00,Ewallet,9.0,0.33
3889,M072,Lancaster,Home and lifestyle,$84,3.0,25/08/25,19:06:00,Ewallet,5.0,0.33
3890,M067,Haltom City,Fashion accessories,$67,3.0,23/08/25,18:31:00,Ewallet,9.0,0.33
3891,M091,Little Elm,Home and lifestyle,$43,2.0,03/08/25,18:42:00,Ewallet,8.0,0.33
3892,M076,Huntsville,Fashion accessories,$79,1.0,14/10/25,20:57:00,Ewallet,9.0,0.33
3893,M006,El Paso,Home and lifestyle,$43,3.0,28/11/25,19:53:00,Ewallet,4.0,0.48
3894,M076,Huntsville,Fashion accessories,$28,1.0,24/09/25,18:40:00,Ewallet,8.0,0.33
3895,M023,Midland,Home and lifestyle,$70,3.0,17/10/25,18:18:00,Ewallet,7.0,0.48
3896,M057,Euless,Fashion accessories,$74,2.0,04/10/25,16:34:00,Ewallet,8.0,0.33
3897,M079,La Porte,Home and lifestyle,$60,3.0,22/12/25,19:07:00,Ewallet,4.0,0.33
3898,M097,Alice,Fashion accessories,$45,1.0,23/12/25,18:09:00,Ewallet,5.0,0.18
3899,M001,Houston,Home and lifestyle,$70,2.0,18/08/25,19:17:00,Ewallet,7.0,0.36
3900,M081,Friendswood,Fashion accessories,$23,2.0,14/11/25,18:49:00,Ewallet,4.0,0.33
3901,M064,Bedford,Home and lifestyle,$60,3.0,23/08/25,17:39:00,Ewallet,6.0,0.33
3902,M047,Flower Mound,Fashion accessories,$50,3.0,30/08/25,20:40:00,Ewallet,5.0,0.48
3903,M036,Allen,Home and lifestyle,$20,1.0,19/11/25,20:51:00,Ewallet,5.0,0.48
3904,M059,Pflugerville,Fashion accessories,$22,2.0,30/08/25,16:05:00,Ewallet,5.0,0.33
3905,M048,Harlingen,Home and lifestyle,$81,3.0,18/10/25,18:52:00,Ewallet,9.0,0.48
3906,M100,Canyon,Fashion accessories,$52,1.0,08/11/25,19:59:00,Ewallet,8.0,0.18
3907,M007,Arlington,Home and lifestyle,$46,3.0,02/12/25,17:04:00,Ewallet,6.0,0.48
3908,M040,Edinburg,Fashion accessories,$65,1.0,14/09/25,16:57:00,Ewallet,6.0,0.48
3909,M039,Longview,Home and lifestyle,$63,2.0,01/08/25,16:24:00,Ewallet,4.0,0.48
3910,M060,DeSoto,Fashion accessories,$19,3.0,12/11/25,15:08:00,Ewallet,9.0,0.33
3911,M031,Lewisville,Home and lifestyle,$58,3.0,23/12/25,20:23:00,Ewallet,7.0,0.48
3912,M028,Odessa,Fashion accessories,$79,3.0,23/10/25,16:15:00,Ewallet,9.0,0.48
3913,M071,Lufkin,Home and lifestyle,$39,1.0,21/11/25,20:52:00,Ewallet,5.0,0.33
3914,M048,Harlingen,Fashion accessories,$15,2.0,23/08/25,15:27:00,Ewallet,9.0,0.48
3915,M021,McAllen,Home and lifestyle,$51,2.0,16/11/25,18:49:00,Ewallet,5.0,0.48
3916,M033,Pearland,Fashion accessories,$79,2.0,10/11/25,16:13:00,Ewallet,8.0,0.48
3917,M068,Burleson,Home and lifestyle,$31,1.0,13/10/25,16:16:00,Ewallet,5.0,0.33
3918,M061,Cedar Park,Fashion accessories,$35,3.0,13/10/25,15:42:00,Ewallet,8.0,0.33
3919,M080,Nacogdoches,Home and lifestyle,$71,2.0,31/10/25,18:06:00,Ewallet,4.0,0.33
3920,M043,Baytown,Fashion accessories,$55,1.0,02/10/25,19:19:00,Ewallet,6.0,0.48
3921,M043,Baytown,Home and lifestyle,$74,3.0,23/11/25,20:51:00,Ewallet,8.0,0.48
3922,M031,Lewisville,Fashion accessories,$59,1.0,16/10/25,15:32:00,Ewallet,9.0,0.48
3923,M078,Del Rio,Home and lifestyle,$62,1.0,23/11/25,17:36:00,Ewallet,6.0,0.33
3924,M039,Longview,Fashion accessories,$48,2.0,22/08/25,20:24:00,Ewallet,6.0,0.48
3925,M080,Nacogdoches,Home and lifestyle,$65,3.0,30/10/25,20:55:00,Ewallet,4.0,0.33
3926,M027,Abilene,Fashion accessories,$60,1.0,05/09/25,18:34:00,Ewallet,8.0,0.48
3927,M095,Big Spring,Home and lifestyle,$65,1.0,12/10/25,20:49:00,Ewallet,6.0,0.33
3928,M044,Pharr,Fashion accessories,$56,3.0,05/08/25,20:00:00,Ewallet,7.0,0.48
3929,M060,DeSoto,Home and lifestyle,$77,1.0,15/12/25,18:15:00,Ewallet,5.0,0.33
3930,M006,El Paso,Fashion accessories,$41,1.0,13/11/25,19:18:00,Ewallet,9.0,0.48
3931,M091,Little Elm,Home and lifestyle,$48,1.0,29/10/25,19:59:00,Ewallet,5.0,0.33
3932,M041,Mission,Fashion accessories,$65,2.0,25/08/25,18:28:00,Ewallet,6.0,0.48
3933,M098,Mineral Wells,Home and lifestyle,$37,3.0,30/10/25,19:58:00,Ewallet,6.0,0.18
3934,M059,Pflugerville,Fashion accessories,$29,1.0,27/09/25,18:20:00,Ewallet,7.0,0.33
3935,M052,Mansfield,Home and lifestyle,$50,1.0,12/08/25,15:08:00,Ewallet,5.0,0.57
3936,M008,Corpus Christi,Fashion accessories,$51,2.0,24/11/25,18:38:00,Ewallet,9.0,0.48
3937,M091,Little Elm,Home and lifestyle,$42,1.0,22/09/25,19:55:00,Ewallet,4.0,0.33
3938,M085,Kerrville,Fashion accessories,$51,3.0,03/08/25,17:43:00,Ewallet,8.0,0.33
3939,M094,Alamo,Home and lifestyle,$59,1.0,30/11/25,20:47:00,Ewallet,8.0,0.33
3940,M052,Mansfield,Fashion accessories,$73,2.0,23/11/25,20:25:00,Ewallet,9.0,0.57
3941,M039,Longview,Home and lifestyle,$81,2.0,11/10/25,20:36:00,Ewallet,6.0,0.48
3942,M028,Odessa,Fashion accessories,$66,3.0,16/09/25,16:40:00,Ewallet,6.0,0.48
3943,M093,Angleton,Home and lifestyle,$63,1.0,30/10/25,20:28:00,Ewallet,6.0,0.33
3944,M092,Lake Jackson,Fashion accessories,$22,3.0,10/12/25,15:54:00,Ewallet,8.0,0.33
3945,M070,Hurst,Home and lifestyle,$31,3.0,17/09/25,19:40:00,Ewallet,8.0,0.33
3946,M064,Bedford,Fashion accessories,$17,3.0,24/12/25,21:00:00,Ewallet,6.0,0.33
3947,M047,Flower Mound,Home and lifestyle,$19,1.0,26/12/25,15:32:00,Ewallet,7.0,0.48
3948,M098,Mineral Wells,Fashion accessories,$76,2.0,29/10/25,20:15:00,Ewallet,7.0,0.18
3949,M078,Del Rio,Home and lifestyle,$82,2.0,10/08/25,21:00:00,Ewallet,7.0,0.33
3950,M014,Amarillo,Fashion accessories,$24,1.0,29/12/25,16:54:00,Ewallet,7.0,0.48
3951,M007,Arlington,Home and lifestyle,$16,3.0,03/08/25,18:22:00,Ewallet,7.0,0.48
3952,M088,Cleburne,Fashion accessories,$57,1.0,25/10/25,18:28:00,Ewallet,5.0,0.33
3953,M001,Houston,Home and lifestyle,$77,3.0,20/12/25,19:08:00,Ewallet,5.0,0.36
3954,M039,Longview,Fashion accessories,$38,3.0,13/09/25,19:50:00,Ewallet,5.0,0.48
3955,M013,Irving,Home and lifestyle,$39,2.0,22/08/25,18:46:00,Ewallet,6.0,0.48
3956,M077,Coppell,Fashion accessories,$66,3.0,08/09/25,15:54:00,Ewallet,4.0,0.33
3957,M016,Brownsville,Home and lifestyle,$21,2.0,05/09/25,20:18:00,Ewallet,9.0,0.48
3958,M098,Mineral Wells,Fashion accessories,$38,1.0,20/10/25,20:57:00,Ewallet,9.0,0.18
3959,M098,Mineral Wells,Home and lifestyle,$59,3.0,04/08/25,20:45:00,Ewallet,5.0,0.18
3960,M010,Laredo,Fashion accessories,$61,1.0,24/10/25,19:10:00,Ewallet,9.0,0.48
3961,M097,Alice,Home and lifestyle,$46,2.0,15/08/25,18:40:00,Ewallet,7.0,0.18
3962,M092,Lake Jackson,Fashion accessories,$76,2.0,22/09/25,15:54:00,Ewallet,4.0,0.33
3963,M018,Frisco,Home and lifestyle,$63,3.0,20/10/25,19:44:00,Ewallet,9.0,0.48
3964,M020,Killeen,Fashion accessories,$16,3.0,02/08/25,17:19:00,Ewallet,9.0,0.48
3965,M007,Arlington,Home and lifestyle,$67,1.0,05/11/25,16:53:00,Ewallet,4.0,0.48
3966,M036,Allen,Fashion accessories,$27,3.0,29/09/25,16:03:00,Ewallet,7.0,0.48
3967,M063,Georgetown,Home and lifestyle,$21,1.0,05/10/25,18:09:00,Ewallet,4.0,0.33
3968,M013,Irving,Fashion accessories,$20,3.0,29/12/25,16:43:00,Ewallet,7.0,0.48
3969,M091,Little Elm,Home and lifestyle,$59,2.0,08/08/25,16:20:00,Ewallet,5.0,0.33
3970,M051,New Braunfels,Fashion accessories,$76,3.0,04/10/25,19:33:00,Ewallet,8.0,0.57
3971,M052,Mansfield,Home and lifestyle,$27,3.0,01/10/25,17:28:00,Ewallet,8.0,0.57
3972,M097,Alice,Fashion accessories,$31,3.0,23/12/25,19:07:00,Ewallet,4.0,0.18
3973,M081,Friendswood,Home and lifestyle,$19,1.0,27/10/25,16:05:00,Ewallet,5.0,0.33
3974,M096,Eagle Pass,Fashion accessories,$66,2.0,22/09/25,16:16:00,Ewallet,5.0,0.18
3975,M016,Brownsville,Home and lifestyle,$32,2.0,17/10/25,19:04:00,Ewallet,8.0,0.48
3976,M062,Galveston,Fashion accessories,$20,3.0,25/12/25,17:07:00,Ewallet,9.0,0.33
3977,M001,Houston,Home and lifestyle,$69,3.0,28/09/25,17:33:00,Ewallet,4.0,0.36
3978,M067,Haltom City,Fashion accessories,$53,2.0,29/09/25,20:06:00,Ewallet,8.0,0.33
3979,M097,Alice,Home and lifestyle,$39,1.0,27/10/25,19:37:00,Ewallet,4.0,0.18
3980,M100,Canyon,Fashion accessories,$39,1.0,23/09/25,20:51:00,Ewallet,6.0,0.18
3981,M002,Dallas,Home and lifestyle,$63,3.0,14/10/25,20:16:00,Ewallet,6.0,0.36
3982,M083,Farmers Branch,Fashion accessories,$74,2.0,11/09/25,15:13:00,Ewallet,6.0,0.33
3983,M043,Baytown,Home and lifestyle,$54,1.0,06/11/25,19:34:00,Ewallet,5.0,0.48
3984,M061,Cedar Park,Fashion accessories,$24,1.0,25/08/25,19:30:00,Ewallet,6.0,0.33
3985,M051,New Braunfels,Home and lifestyle,$73,2.0,05/12/25,18:33:00,Ewallet,6.0,0.48
3986,M052,Mansfield,Fashion accessories,$72,1.0,29/12/25,15:28:00,Ewallet,6.0,0.57
3987,M024,Carrollton,Home and lifestyle,$54,3.0,11/08/25,19:25:00,Ewallet,4.0,0.48
3988,M076,Huntsville,Fashion accessories,$16,3.0,17/09/25,16:56:00,Ewallet,9.0,0.33
3989,M088,Cleburne,Home and lifestyle,$29,2.0,25/12/25,15:42:00,Ewallet,9.0,0.33
3990,M062,Galveston,Fashion accessories,$72,3.0,06/09/25,15:03:00,Ewallet,5.0,0.33
3991,M094,Alamo,Home and lifestyle,$69,1.0,18/11/25,16:42:00,Ewallet,7.0,0.33
3992,M048,Harlingen,Fashion accessories,$51,2.0,19/12/25,20:48:00,Ewallet,8.0,0.48
3993,M011,Lubbock,Home and lifestyle,$22,1.0,06/12/25,17:49:00,Ewallet,5.0,0.48
3994,M085,Kerrville,Fashion accessories,$69,3.0,06/09/25,19:43:00,Ewallet,6.0,0.33
3995,M034,College Station,Home and lifestyle,$58,3.0,20/10/25,16:03:00,Ewallet,7.0,0.48
3996,M015,Grand Prairie,Fashion accessories,$23,2.0,28/11/25,20:43:00,Ewallet,6.0,0.48
3997,M004,Austin,Home and lifestyle,$69,2.0,04/08/25,18:29:00,Ewallet,9.0,0.48
3998,M100,Canyon,Fashion accessories,$45,1.0,20/10/25,17:29:00,Ewallet,5.0,0.18
3999,M027,Abilene,Home and lifestyle,$20,2.0,22/11/25,18:38:00,Ewallet,4.0,0.48
4000,M096,Eagle Pass,Fashion accessories,$42,1.0,27/10/25,17:06:00,Ewallet,7.0,0.18
4001,M009,Plano,Home and lifestyle,$55,1.0,29/08/25,20:58:00,Ewallet,7.0,0.48
4002,M064,Bedford,Fashion accessories,$17,1.0,09/11/25,20:49:00,Ewallet,4.0,0.33
4003,M028,Odessa,Home and lifestyle,$17,2.0,14/08/25,18:22:00,Ewallet,6.0,0.48
4004,M066,Grapevine,Fashion accessories,$69,2.0,31/12/25,16:33:00,Ewallet,8.0,0.33
4005,M077,Coppell,Home and lifestyle,$49,2.0,12/08/25,19:38:00,Ewallet,8.0,0.33
4006,M058,Port Arthur,Fashion accessories,$67,3.0,30/11/25,17:53:00,Ewallet,4.0,0.33
4007,M071,Lufkin,Home and lifestyle,$21,3.0,28/09/25,16:39:00,Ewallet,4.0,0.33
4008,M026,Denton,Fashion accessories,$23,1.0,16/08/25,17:25:00,Ewallet,9.0,0.48
4009,M100,Canyon,Home and lifestyle,$51,3.0,21/11/25,17:05:00,Ewallet,6.0,0.18
4010,M008,Corpus Christi,Fashion accessories,$68,1.0,29/12/25,19:57:00,Ewallet,4.0,0.48
4011,M026,Denton,Home and lifestyle,$45,2.0,10/10/25,19:41:00,Ewallet,4.0,0.48
4012,M094,Alamo,Fashion accessories,$81,2.0,09/11/25,16:19:00,Ewallet,6.0,0.33
4013,M039,Longview,Home and lifestyle,$45,3.0,15/09/25,16:04:00,Ewallet,4.0,0.48
4014,M024,Carrollton,Fashion accessories,$43,3.0,20/09/25,20:12:00,Ewallet,7.0,0.48
4015,M039,Longview,Home and lifestyle,$18,1.0,01/10/25,17:43:00,Ewallet,7.0,0.48
4016,M045,Missouri City,Fashion accessories,$54,3.0,01/11/25,15:33:00,Credit card,4.0,0.48
4017,M027,Abilene,Home and lifestyle,$56,3.0,27/08/25,19:25:00,Ewallet,5.0,0.48
4018,M061,Cedar Park,Fashion accessories,$44,1.0,20/11/25,19:55:00,Ewallet,7.0,0.33
4019,M008,Corpus Christi,Home and lifestyle,$66,2.0,03/11/25,15:29:00,Ewallet,7.0,0.48
4020,M076,Huntsville,Fashion accessories,$22,3.0,09/11/25,16:20:00,Ewallet,6.0,0.33
4021,M052,Mansfield,Home and lifestyle,$72,1.0,22/09/25,15:40:00,Ewallet,7.0,0.57
4022,M023,Midland,Fashion accessories,$50,1.0,06/10/25,19:28:00,Ewallet,6.0,0.48
4023,M097,Alice,Home and lifestyle,$68,1.0,10/09/25,17:52:00,Ewallet,7.0,0.18
4024,M006,El Paso,Fashion accessories,$19,1.0,27/12/25,15:30:00,Ewallet,9.0,0.48
4025,M088,Cleburne,Home and lifestyle,$71,1.0,23/12/25,15:31:00,Ewallet,9.0,0.33
4026,M051,New Braunfels,Fashion accessories,$19,3.0,18/10/25,20:33:00,Ewallet,5.0,0.57
4027,M034,College Station,Home and lifestyle,$38,1.0,19/12/25,20:27:00,Ewallet,5.0,0.48
4028,M083,Farmers Branch,Fashion accessories,$16,3.0,30/09/25,17:29:00,Ewallet,6.0,0.33
4029,M064,Bedford,Home and lifestyle,$25,3.0,27/08/25,17:40:00,Ewallet,5.0,0.33
4030,M077,Coppell,Fashion accessories,$33,1.0,19/09/25,16:51:00,Ewallet,7.0,0.33
4031,M030,Richardson,Home and lifestyle,$41,2.0,28/12/25,15:56:00,Ewallet,5.0,0.48
4032,M031,Lewisville,Fashion accessories,$41,2.0,19/11/25,16:32:00,Ewallet,8.0,0.48
4033,M039,Longview,Home and lifestyle,$63,2.0,06/08/25,16:00:00,Ewallet,4.0,0.48
4034,M026,Denton,Fashion accessories,$77,1.0,16/09/25,16:35:00,Ewallet,7.0,0.48
4035,M062,Galveston,Home and lifestyle,$64,2.0,20/11/25,20:57:00,Ewallet,9.0,0.33
4036,M007,Arlington,Fashion accessories,$84,2.0,09/09/25,18:53:00,Ewallet,9.0,0.48
4037,M002,Dallas,Home and lifestyle,$30,2.0,23/12/25,19:13:00,Ewallet,4.0,0.36
4038,M095,Big Spring,Fashion accessories,$44,3.0,19/11/25,19:41:00,Ewallet,4.0,0.33
4039,M022,Mesquite,Home and lifestyle,$59,3.0,07/09/25,18:45:00,Ewallet,8.0,0.48
4040,M085,Kerrville,Fashion accessories,$39,1.0,03/09/25,18:22:00,Ewallet,9.0,0.33
4041,M007,Arlington,Home and lifestyle,$24,2.0,18/12/25,18:08:00,Ewallet,8.0,0.48
4042,M037,League City,Fashion accessories,$74,3.0,01/08/25,16:52:00,Ewallet,8.0,0.48
4043,M036,Allen,Home and lifestyle,$61,2.0,05/11/25,17:35:00,Ewallet,8.0,0.48
4044,M024,Carrollton,Fashion accessories,$40,2.0,01/10/25,17:39:00,Ewallet,9.0,0.48
4045,M093,Angleton,Home and lifestyle,$73,3.0,13/10/25,15:52:00,Ewallet,9.0,0.33
4046,M090,Brownwood,Fashion accessories,$79,3.0,27/08/25,16:23:00,Ewallet,7.0,0.33
4047,M017,McKinney,Home and lifestyle,$75,1.0,01/08/25,15:13:00,Ewallet,4.0,0.48
4048,M015,Grand Prairie,Fashion accessories,$57,2.0,24/09/25,19:04:00,Ewallet,5.0,0.48
4049,M030,Richardson,Home and lifestyle,$25,2.0,06/10/25,17:40:00,Ewallet,4.0,0.48
4050,M072,Lancaster,Fashion accessories,$80,3.0,23/12/25,15:02:00,Ewallet,7.0,0.33
4051,M069,Rockwall,Home and lifestyle,$24,1.0,16/09/25,17:27:00,Ewallet,6.0,0.33
4052,M012,Garland,Fashion accessories,$28,1.0,13/09/25,20:04:00,Ewallet,9.0,0.48
4053,M052,Mansfield,Home and lifestyle,$79,2.0,01/12/25,18:16:00,Ewallet,9.0,0.57
4054,M080,Nacogdoches,Fashion accessories,$15,2.0,31/08/25,17:29:00,Ewallet,6.0,0.33
4055,M017,McKinney,Home and lifestyle,$24,3.0,27/08/25,16:34:00,Ewallet,4.0,0.48
4056,M036,Allen,Fashion accessories,$68,2.0,25/11/25,20:13:00,Ewallet,6.0,0.48
4057,M088,Cleburne,Home and lifestyle,$68,2.0,25/09/25,19:47:00,Ewallet,8.0,0.33
4058,M036,Allen,Fashion accessories,$67,1.0,05/09/25,17:56:00,Ewallet,7.0,0.48
4059,M062,Galveston,Home and lifestyle,$35,3.0,19/11/25,15:43:00,Ewallet,4.0,0.33
4060,M085,Kerrville,Fashion accessories,$23,1.0,01/12/25,20:01:00,Ewallet,8.0,0.33
4061,M077,Coppell,Home and lifestyle,$70,3.0,06/10/25,17:39:00,Ewallet,9.0,0.33
4062,M011,Lubbock,Fashion accessories,$20,1.0,17/10/25,18:41:00,Ewallet,8.0,0.48
4063,M068,Burleson,Home and lifestyle,$29,1.0,22/10/25,19:43:00,Ewallet,6.0,0.33
4064,M093,Angleton,Fashion accessories,$44,2.0,11/09/25,15:03:00,Ewallet,6.0,0.33
4065,M041,Mission,Home and lifestyle,$24,1.0,21/09/25,19:12:00,Ewallet,4.0,0.48
4066,M041,Mission,Fashion accessories,$36,3.0,01/08/25,18:58:00,Ewallet,9.0,0.48
4067,M024,Carrollton,Home and lifestyle,$76,1.0,01/10/25,15:10:00,Ewallet,9.0,0.48
4068,M034,College Station,Fashion accessories,$31,1.0,12/08/25,21:00:00,Ewallet,8.0,0.48
4069,M019,Pasadena,Home and lifestyle,$75,1.0,10/12/25,20:13:00,Ewallet,6.0,0.48
4070,M007,Arlington,Fashion accessories,$53,3.0,23/09/25,17:54:00,Ewallet,6.0,0.48
4071,M096,Eagle Pass,Home and lifestyle,$78,2.0,05/11/25,20:46:00,Ewallet,6.0,0.18
4072,M095,Big Spring,Fashion accessories,$61,3.0,14/11/25,17:49:00,Ewallet,6.0,0.33
4073,M030,Richardson,Home and lifestyle,$80,1.0,20/09/25,17:31:00,Ewallet,4.0,0.48
4074,M045,Missouri City,Fashion accessories,$47,1.0,26/08/25,19:00:00,Credit card,4.0,0.48
4075,M017,McKinney,Home and lifestyle,$56,3.0,22/09/25,15:57:00,Ewallet,6.0,0.48
4076,M072,Lancaster,Fashion accessories,$77,1.0,06/11/25,20:12:00,Ewallet,4.0,0.33
4077,M034,College Station,Home and lifestyle,$50,3.0,08/10/25,19:47:00,Ewallet,7.0,0.48
4078,M088,Cleburne,Fashion accessories,$41,1.0,10/09/25,20:29:00,Ewallet,7.0,0.33
4079,M010,Laredo,Home and lifestyle,$79,3.0,02/09/25,15:01:00,Ewallet,5.0,0.48
4080,M083,Farmers Branch,Fashion accessories,$53,2.0,15/11/25,17:23:00,Ewallet,9.0,0.33
4081,M015,Grand Prairie,Home and lifestyle,$20,3.0,28/10/25,17:07:00,Ewallet,6.0,0.48
4082,M017,McKinney,Fashion accessories,$63,3.0,16/08/25,15:23:00,Ewallet,4.0,0.48
4083,M062,Galveston,Home and lifestyle,$67,3.0,18/11/25,15:20:00,Ewallet,9.0,0.33
4084,M076,Huntsville,Fashion accessories,$50,1.0,16/09/25,19:52:00,Ewallet,8.0,0.33
4085,M078,Del Rio,Home and lifestyle,$58,1.0,26/12/25,18:13:00,Ewallet,6.0,0.33
4086,M044,Pharr,Fashion accessories,$55,3.0,17/12/25,16:11:00,Ewallet,5.0,0.48
4087,M094,Alamo,Home and lifestyle,$82,2.0,17/12/25,15:47:00,Ewallet,7.0,0.33
4088,M008,Corpus Christi,Fashion accessories,$58,2.0,13/08/25,15:40:00,Ewallet,5.0,0.48
4089,M044,Pharr,Home and lifestyle,$74,1.0,19/09/25,19:53:00,Ewallet,4.0,0.48
4090,M078,Del Rio,Fashion accessories,$78,2.0,14/10/25,15:31:00,Ewallet,8.0,0.33
4091,M049,North Richland Hills,Home and lifestyle,$49,1.0,13/09/25,20:31:00,Ewallet,7.0,0.48
4092,M005,Fort Worth,Fashion accessories,$80,1.0,06/12/25,17:48:00,Ewallet,7.0,0.48
4093,M058,Port Arthur,Home and lifestyle,$17,1.0,31/10/25,20:21:00,Ewallet,4.0,0.33
4094,M022,Mesquite,Fashion accessories,$73,2.0,30/10/25,15:59:00,Ewallet,9.0,0.48
4095,M078,Del Rio,Home and lifestyle,$61,2.0,21/09/25,18:21:00,Ewallet,6.0,0.33
4096,M053,Conroe,Fashion accessories,$48,3.0,21/10/25,19:23:00,Ewallet,7.0,0.21
4097,M037,League City,Home and lifestyle,$38,1.0,03/12/25,15:10:00,Ewallet,6.0,0.48
4098,M076,Huntsville,Fashion accessories,$85,3.0,26/12/25,16:01:00,Ewallet,9.0,0.33
4099,M028,Odessa,Home and lifestyle,$53,1.0,05/11/25,17:56:00,Ewallet,4.0,0.48
4100,M007,Arlington,Fashion accessories,$58,3.0,30/11/25,19:58:00,Ewallet,5.0,0.48
4101,M060,DeSoto,Home and lifestyle,$43,3.0,27/10/25,20:28:00,Ewallet,8.0,0.33
4102,M048,Harlingen,Fashion accessories,$33,2.0,04/08/25,16:06:00,Ewallet,6.0,0.48
4103,M039,Longview,Home and lifestyle,$84,3.0,08/12/25,18:38:00,Ewallet,7.0,0.48
4104,M059,Pflugerville,Fashion accessories,$34,2.0,09/10/25,16:20:00,Ewallet,5.0,0.33
4105,M059,Pflugerville,Home and lifestyle,$15,2.0,22/08/25,16:02:00,Ewallet,9.0,0.33
4106,M044,Pharr,Fashion accessories,$43,3.0,16/11/25,18:58:00,Ewallet,5.0,0.48
4107,M092,Lake Jackson,Home and lifestyle,$70,2.0,31/12/25,16:18:00,Ewallet,5.0,0.33
4108,M023,Midland,Fashion accessories,$67,3.0,09/08/25,16:26:00,Ewallet,9.0,0.48
4109,M013,Irving,Home and lifestyle,$82,1.0,06/11/25,20:33:00,Ewallet,4.0,0.48
4110,M001,Houston,Fashion accessories,$17,1.0,03/12/25,20:33:00,Ewallet,5.0,0.36
4111,M060,DeSoto,Home and lifestyle,$43,1.0,16/08/25,19:38:00,Ewallet,9.0,0.33
4112,M005,Fort Worth,Fashion accessories,$76,1.0,30/08/25,19:30:00,Ewallet,7.0,0.48
4113,M015,Grand Prairie,Home and lifestyle,$30,2.0,01/08/25,20:07:00,Ewallet,6.0,0.48
4114,M031,Lewisville,Fashion accessories,$78,2.0,19/10/25,15:51:00,Ewallet,7.0,0.48
4115,M079,La Porte,Home and lifestyle,$66,2.0,22/10/25,16:04:00,Ewallet,9.0,0.33
4116,M043,Baytown,Fashion accessories,$59,3.0,13/08/25,17:05:00,Ewallet,4.0,0.48
4117,M024,Carrollton,Home and lifestyle,$61,2.0,01/10/25,16:11:00,Ewallet,9.0,0.48
4118,M064,Bedford,Fashion accessories,$29,2.0,21/11/25,18:07:00,Ewallet,5.0,0.33
4119,M063,Georgetown,Home and lifestyle,$27,1.0,29/12/25,15:27:00,Ewallet,8.0,0.33
4120,M085,Kerrville,Fashion accessories,$84,3.0,19/11/25,18:43:00,Ewallet,8.0,0.33
4121,M007,Arlington,Home and lifestyle,$36,2.0,07/12/25,18:31:00,Ewallet,8.0,0.48
4122,M044,Pharr,Fashion accessories,$15,1.0,08/11/25,15:38:00,Ewallet,5.0,0.48
4123,M033,Pearland,Home and lifestyle,$41,3.0,04/10/25,16:21:00,Ewallet,7.0,0.48
4124,M057,Euless,Fashion accessories,$51,3.0,08/12/25,19:20:00,Ewallet,4.0,0.33
4125,M094,Alamo,Home and lifestyle,$22,2.0,20/12/25,17:36:00,Ewallet,6.0,0.33
4126,M077,Coppell,Fashion accessories,$41,1.0,08/12/25,19:46:00,Ewallet,8.0,0.33
4127,M012,Garland,Home and lifestyle,$77,3.0,20/12/25,17:47:00,Ewallet,4.0,0.48
4128,M021,McAllen,Fashion accessories,$37,2.0,19/09/25,20:18:00,Ewallet,4.0,0.48
4129,M037,League City,Home and lifestyle,$71,1.0,03/08/25,17:14:00,Ewallet,9.0,0.48
4130,M007,Arlington,Fashion accessories,$44,3.0,01/12/25,20:55:00,Ewallet,7.0,0.48
4131,M064,Bedford,Home and lifestyle,$70,2.0,08/11/25,15:05:00,Ewallet,5.0,0.33
4132,M026,Denton,Fashion accessories,$53,1.0,28/11/25,17:04:00,Ewallet,5.0,0.48
4133,M076,Huntsville,Home and lifestyle,$20,1.0,25/12/25,16:43:00,Ewallet,9.0,0.33
4134,M030,Richardson,Fashion accessories,$71,2.0,01/09/25,18:06:00,Ewallet,4.0,0.48
4135,M092,Lake Jackson,Home and lifestyle,$69,1.0,14/09/25,20:12:00,Ewallet,4.0,0.33
4136,M060,DeSoto,Fashion accessories,$26,3.0,09/11/25,20:23:00,Ewallet,4.0,0.33
4137,M012,Garland,Home and lifestyle,$42,2.0,03/08/25,19:34:00,Ewallet,8.0,0.48
4138,M021,McAllen,Fashion accessories,$58,3.0,16/08/25,18:37:00,Ewallet,7.0,0.48
4139,M027,Abilene,Home and lifestyle,$40,2.0,05/09/25,18:50:00,Ewallet,5.0,0.48
4140,M072,Lancaster,Fashion accessories,$42,1.0,28/08/25,16:54:00,Ewallet,7.0,0.33
4141,M008,Corpus Christi,Home and lifestyle,$85,3.0,15/10/25,20:47:00,Ewallet,5.0,0.48
4142,M078,Del Rio,Fashion accessories,$61,2.0,25/12/25,18:57:00,Ewallet,5.0,0.33
4143,M062,Galveston,Home and lifestyle,$83,2.0,06/09/25,18:57:00,Ewallet,4.0,0.33
4144,M021,McAllen,Fashion accessories,$15,1.0,07/09/25,20:22:00,Ewallet,6.0,0.48
4145,M024,Carrollton,Home and lifestyle,$33,1.0,07/11/25,15:26:00,Ewallet,4.0,0.48
4146,M034,College Station,Fashion accessories,$80,3.0,06/08/25,15:05:00,Ewallet,6.0,0.48
4147,M034,College Station,Home and lifestyle,$28,3.0,30/11/25,17:23:00,Ewallet,5.0,0.48
4148,M001,Houston,Fashion accessories,$54,3.0,11/11/25,18:08:00,Ewallet,8.0,0.36
4149,M096,Eagle Pass,Home and lifestyle,$43,2.0,09/12/25,16:31:00,Ewallet,5.0,0.18
4150,M063,Georgetown,Fashion accessories,$47,3.0,05/12/25,20:21:00,Ewallet,5.0,0.33
4151,M013,Irving,Home and lifestyle,$77,1.0,14/10/25,18:41:00,Ewallet,7.0,0.48
4152,M033,Pearland,Fashion accessories,$54,3.0,29/10/25,18:54:00,Ewallet,5.0,0.48
4153,M022,Mesquite,Home and lifestyle,$82,1.0,04/08/25,17:15:00,Ewallet,4.0,0.48
4154,M017,McKinney,Fashion accessories,$67,3.0,16/08/25,20:09:00,Ewallet,6.0,0.48
4155,M080,Nacogdoches,Home and lifestyle,$38,3.0,29/12/25,16:41:00,Ewallet,8.0,0.33
4156,M097,Alice,Fashion accessories,$50,2.0,17/08/25,17:34:00,Ewallet,5.0,0.18
4157,M093,Angleton,Home and lifestyle,$18,2.0,23/10/25,20:34:00,Ewallet,4.0,0.33
4158,M094,Alamo,Fashion accessories,$77,2.0,05/08/25,16:48:00,Ewallet,6.0,0.33
4159,M014,Amarillo,Home and lifestyle,$67,1.0,05/09/25,15:20:00,Ewallet,7.0,0.48
4160,M048,Harlingen,Fashion accessories,$63,2.0,13/08/25,15:43:00,Ewallet,7.0,0.48
4161,M083,Farmers Branch,Home and lifestyle,$59,3.0,08/12/25,16:29:00,Ewallet,6.0,0.33
4162,M016,Brownsville,Fashion accessories,$55,1.0,09/10/25,17:02:00,Ewallet,5.0,0.48
4163,M090,Brownwood,Home and lifestyle,$56,3.0,17/10/25,19:08:00,Ewallet,7.0,0.33
4164,M006,El Paso,Fashion accessories,$33,2.0,23/09/25,19:43:00,Ewallet,9.0,0.48
4165,M070,Hurst,Home and lifestyle,$47,2.0,20/12/25,17:33:00,Ewallet,5.0,0.33
4166,M027,Abilene,Fashion accessories,$15,3.0,23/12/25,16:17:00,Ewallet,7.0,0.48
4167,M064,Bedford,Home and lifestyle,$58,2.0,25/10/25,18:39:00,Ewallet,5.0,0.33
4168,M024,Carrollton,Fashion accessories,$16,3.0,15/11/25,19:55:00,Ewallet,6.0,0.48
4169,M006,El Paso,Home and lifestyle,$26,3.0,07/10/25,18:20:00,Ewallet,5.0,0.48
4170,M007,Arlington,Fashion accessories,$53,1.0,28/12/25,19:28:00,Ewallet,4.0,0.48
4171,M060,DeSoto,Home and lifestyle,$29,1.0,10/10/25,18:11:00,Ewallet,9.0,0.33
4172,M007,Arlington,Fashion accessories,$75,3.0,08/10/25,15:42:00,Ewallet,6.0,0.48
4173,M058,Port Arthur,Home and lifestyle,$64,2.0,27/09/25,16:05:00,Ewallet,4.0,0.33
4174,M026,Denton,Fashion accessories,$55,1.0,26/09/25,17:41:00,Ewallet,4.0,0.48
4175,M039,Longview,Home and lifestyle,$31,1.0,18/09/25,17:43:00,Ewallet,7.0,0.48
4176,M011,Lubbock,Fashion accessories,$42,1.0,23/10/25,15:05:00,Ewallet,5.0,0.48
4177,M090,Brownwood,Home and lifestyle,$18,1.0,20/11/25,19:31:00,Ewallet,9.0,0.33
4178,M001,Houston,Fashion accessories,$51,2.0,03/08/25,16:50:00,Ewallet,4.0,0.36
4179,M077,Coppell,Home and lifestyle,$25,2.0,11/09/25,17:04:00,Ewallet,6.0,0.33
4180,M045,Missouri City,Fashion accessories,$50,3.0,23/10/25,15:26:00,Credit card,6.0,0.48
4181,M040,Edinburg,Home and lifestyle,$21,3.0,24/12/25,18:53:00,Ewallet,8.0,0.48
4182,M094,Alamo,Fashion accessories,$16,3.0,20/08/25,17:01:00,Ewallet,8.0,0.33
4183,M012,Garland,Home and lifestyle,$70,2.0,05/09/25,17:24:00,Ewallet,6.0,0.48
4184,M043,Baytown,Fashion accessories,$71,3.0,11/08/25,16:41:00,Ewallet,8.0,0.48
4185,M045,Missouri City,Home and lifestyle,$51,2.0,06/09/25,20:38:00,Credit card,4.0,0.48
4186,M027,Abilene,Fashion accessories,$52,3.0,16/08/25,16:22:00,Ewallet,5.0,0.48
4187,M067,Haltom City,Home and lifestyle,$65,3.0,27/08/25,16:25:00,Ewallet,9.0,0.33
4188,M047,Flower Mound,Fashion accessories,$56,3.0,01/10/25,17:48:00,Ewallet,8.0,0.48
4189,M079,La Porte,Home and lifestyle,$60,1.0,25/09/25,15:36:00,Ewallet,7.0,0.33
4190,M080,Nacogdoches,Fashion accessories,$85,1.0,10/11/25,19:02:00,Ewallet,6.0,0.33
4191,M064,Bedford,Home and lifestyle,$42,1.0,27/12/25,20:56:00,Ewallet,9.0,0.33
4192,M036,Allen,Fashion accessories,$40,3.0,16/11/25,15:18:00,Ewallet,5.0,0.48
4193,M049,North Richland Hills,Home and lifestyle,$73,2.0,17/12/25,20:47:00,Ewallet,9.0,0.48
4194,M080,Nacogdoches,Fashion accessories,$58,2.0,15/12/25,17:51:00,Ewallet,9.0,0.33
4195,M098,Mineral Wells,Home and lifestyle,$38,2.0,29/08/25,17:56:00,Ewallet,9.0,0.18
4196,M061,Cedar Park,Fashion accessories,$83,2.0,06/10/25,18:15:00,Ewallet,4.0,0.33
4197,M031,Lewisville,Home and lifestyle,$25,2.0,28/11/25,15:30:00,Ewallet,9.0,0.48
4198,M010,Laredo,Fashion accessories,$53,2.0,11/12/25,18:56:00,Ewallet,6.0,0.48
4199,M001,Houston,Home and lifestyle,$78,2.0,15/09/25,17:54:00,Ewallet,9.0,0.36
4200,M030,Richardson,Fashion accessories,$48,3.0,16/12/25,18:27:00,Ewallet,4.0,0.48
4201,M062,Galveston,Home and lifestyle,$70,3.0,18/08/25,15:11:00,Ewallet,4.0,0.33
4202,M064,Bedford,Fashion accessories,$56,3.0,25/10/25,17:17:00,Ewallet,5.0,0.33
4203,M012,Garland,Home and lifestyle,$83,3.0,10/08/25,18:40:00,Ewallet,4.0,0.48
4204,M067,Haltom City,Fashion accessories,$68,3.0,23/08/25,19:28:00,Ewallet,5.0,0.33
4205,M039,Longview,Home and lifestyle,$52,3.0,04/11/25,19:05:00,Ewallet,7.0,0.48
4206,M031,Lewisville,Fashion accessories,$18,1.0,24/10/25,20:36:00,Ewallet,6.0,0.48
4207,M011,Lubbock,Home and lifestyle,$66,2.0,20/12/25,15:55:00,Ewallet,6.0,0.48
4208,M095,Big Spring,Fashion accessories,$16,1.0,20/10/25,20:37:00,Ewallet,7.0,0.33
4209,M092,Lake Jackson,Home and lifestyle,$26,1.0,10/10/25,16:52:00,Ewallet,9.0,0.33
4210,M076,Huntsville,Fashion accessories,$16,3.0,31/10/25,20:45:00,Ewallet,6.0,0.33
4211,M040,Edinburg,Home and lifestyle,$80,3.0,10/12/25,16:36:00,Ewallet,5.0,0.48
4212,M031,Lewisville,Fashion accessories,$24,2.0,28/08/25,20:05:00,Ewallet,8.0,0.48
4213,M014,Amarillo,Home and lifestyle,$58,1.0,02/09/25,18:50:00,Ewallet,9.0,0.48
4214,M060,DeSoto,Fashion accessories,$52,2.0,03/11/25,19:31:00,Ewallet,7.0,0.33
4215,M028,Odessa,Home and lifestyle,$15,2.0,06/08/25,15:39:00,Ewallet,5.0,0.48
4216,M006,El Paso,Fashion accessories,$84,2.0,05/11/25,19:09:00,Ewallet,8.0,0.48
4217,M048,Harlingen,Home and lifestyle,$74,1.0,01/10/25,15:07:00,Ewallet,4.0,0.48
4218,M033,Pearland,Fashion accessories,$44,3.0,17/08/25,18:53:00,Ewallet,9.0,0.48
4219,M057,Euless,Home and lifestyle,$48,1.0,27/12/25,17:10:00,Ewallet,5.0,0.33
4220,M006,El Paso,Fashion accessories,$45,1.0,06/11/25,20:10:00,Ewallet,8.0,0.48
4221,M047,Flower Mound,Home and lifestyle,$49,1.0,23/09/25,19:30:00,Ewallet,6.0,0.48
4222,M059,Pflugerville,Fashion accessories,$60,2.0,06/12/25,17:06:00,Ewallet,8.0,0.33
4223,M095,Big Spring,Home and lifestyle,$53,3.0,04/10/25,20:56:00,Ewallet,7.0,0.33
4224,M051,New Braunfels,Fashion accessories,$71,2.0,17/10/25,17:18:00,Ewallet,5.0,0.57
4225,M092,Lake Jackson,Home and lifestyle,$78,1.0,07/10/25,18:26:00,Ewallet,6.0,0.33
4226,M090,Brownwood,Fashion accessories,$34,3.0,12/08/25,19:49:00,Ewallet,9.0,0.33
4227,M059,Pflugerville,Home and lifestyle,$43,2.0,14/11/25,15:14:00,Ewallet,5.0,0.33
4228,M048,Harlingen,Fashion accessories,$22,2.0,24/09/25,20:08:00,Ewallet,8.0,0.48
4229,M017,McKinney,Home and lifestyle,$69,3.0,13/11/25,19:48:00,Ewallet,5.0,0.48
4230,M069,Rockwall,Fashion accessories,$33,3.0,05/11/25,19:12:00,Ewallet,8.0,0.33
4231,M030,Richardson,Home and lifestyle,$56,3.0,17/10/25,18:14:00,Ewallet,7.0,0.48
4232,M017,McKinney,Fashion accessories,$82,3.0,14/12/25,16:46:00,Ewallet,7.0,0.48
4233,M030,Richardson,Home and lifestyle,$21,1.0,29/09/25,15:45:00,Ewallet,8.0,0.48
4234,M095,Big Spring,Fashion accessories,$66,3.0,23/08/25,20:39:00,Ewallet,9.0,0.33
4235,M037,League City,Home and lifestyle,$28,1.0,29/11/25,20:51:00,Ewallet,6.0,0.48
4236,M092,Lake Jackson,Fashion accessories,$37,3.0,04/09/25,16:24:00,Ewallet,8.0,0.33
4237,M085,Kerrville,Home and lifestyle,$67,1.0,15/09/25,15:06:00,Ewallet,7.0,0.33
4238,M051,New Braunfels,Fashion accessories,$57,3.0,01/08/25,16:15:00,Ewallet,8.0,0.57
4239,M045,Missouri City,Home and lifestyle,$37,1.0,11/11/25,16:09:00,Credit card,8.0,0.48
4240,M027,Abilene,Fashion accessories,$67,3.0,01/12/25,17:15:00,Ewallet,5.0,0.48
4241,M011,Lubbock,Home and lifestyle,$28,3.0,24/08/25,20:08:00,Ewallet,9.0,0.48
4242,M097,Alice,Fashion accessories,$72,1.0,22/11/25,16:47:00,Ewallet,5.0,0.18
4243,M061,Cedar Park,Home and lifestyle,$16,3.0,14/08/25,20:02:00,Ewallet,7.0,0.33
4244,M002,Dallas,Fashion accessories,$48,2.0,30/09/25,19:57:00,Ewallet,5.0,0.36
4245,M067,Haltom City,Home and lifestyle,$78,3.0,20/12/25,15:23:00,Ewallet,4.0,0.33
4246,M027,Abilene,Fashion accessories,$41,1.0,20/09/25,17:17:00,Ewallet,5.0,0.48
4247,M096,Eagle Pass,Home and lifestyle,$49,3.0,10/10/25,19:34:00,Ewallet,4.0,0.18
4248,M069,Rockwall,Fashion accessories,$29,3.0,14/09/25,18:57:00,Ewallet,9.0,0.33
4249,M053,Conroe,Home and lifestyle,$32,2.0,25/12/25,15:48:00,Ewallet,4.0,0.57
4250,M043,Baytown,Fashion accessories,$45,1.0,15/11/25,15:01:00,Ewallet,5.0,0.48
4251,M007,Arlington,Home and lifestyle,$84,2.0,12/08/25,17:25:00,Ewallet,6.0,0.48
4252,M077,Coppell,Fashion accessories,$29,3.0,13/11/25,19:37:00,Ewallet,6.0,0.33
4253,M004,Austin,Home and lifestyle,$70,1.0,09/09/25,16:23:00,Ewallet,8.0,0.48
4254,M043,Baytown,Fashion accessories,$29,3.0,19/09/25,19:01:00,Ewallet,4.0,0.48
4255,M010,Laredo,Home and lifestyle,$63,1.0,05/11/25,20:31:00,Ewallet,7.0,0.48
4256,M091,Little Elm,Fashion accessories,$76,3.0,11/11/25,20:50:00,Ewallet,4.0,0.33
4257,M019,Pasadena,Home and lifestyle,$30,1.0,18/10/25,18:57:00,Ewallet,7.0,0.48
4258,M002,Dallas,Fashion accessories,$58,3.0,10/11/25,16:49:00,Ewallet,8.0,0.36
4259,M066,Grapevine,Home and lifestyle,$74,2.0,13/09/25,20:34:00,Ewallet,7.0,0.33
4260,M042,Bryan,Fashion accessories,$63,1.0,04/11/25,16:49:00,Ewallet,9.0,0.48
4261,M043,Baytown,Home and lifestyle,$56,1.0,23/09/25,15:11:00,Ewallet,4.0,0.48
4262,M058,Port Arthur,Fashion accessories,$40,1.0,10/08/25,19:27:00,Ewallet,6.0,0.33
4263,M053,Conroe,Home and lifestyle,$60,2.0,08/12/25,15:22:00,Ewallet,7.0,0.57
4264,M020,Killeen,Fashion accessories,$76,3.0,09/09/25,20:03:00,Ewallet,6.0,0.48
4265,M026,Denton,Home and lifestyle,$71,3.0,17/09/25,16:11:00,Ewallet,9.0,0.48
4266,M012,Garland,Fashion accessories,$22,3.0,21/12/25,18:03:00,Ewallet,6.0,0.48
4267,M076,Huntsville,Home and lifestyle,$41,1.0,07/09/25,19:34:00,Ewallet,7.0,0.33
4268,M036,Allen,Fashion accessories,$63,3.0,22/09/25,16:29:00,Ewallet,9.0,0.48
4269,M022,Mesquite,Home and lifestyle,$83,3.0,02/11/25,19:48:00,Ewallet,5.0,0.48
4270,M072,Lancaster,Fashion accessories,$38,2.0,10/10/25,16:26:00,Ewallet,4.0,0.33
4271,M031,Lewisville,Home and lifestyle,$32,1.0,05/08/25,18:20:00,Ewallet,5.0,0.48
4272,M037,League City,Fashion accessories,$52,1.0,01/10/25,17:59:00,Ewallet,8.0,0.48
4273,M077,Coppell,Home and lifestyle,$15,1.0,19/12/25,17:58:00,Ewallet,5.0,0.33
4274,M010,Laredo,Fashion accessories,$43,2.0,06/11/25,16:46:00,Ewallet,6.0,0.48
4275,M018,Frisco,Home and lifestyle,$22,1.0,05/12/25,18:15:00,Ewallet,9.0,0.48
4276,M036,Allen,Fashion accessories,$55,2.0,16/10/25,17:43:00,Ewallet,8.0,0.48
4277,M008,Corpus Christi,Home and lifestyle,$84,2.0,06/11/25,15:35:00,Ewallet,6.0,0.48
4278,M034,College Station,Fashion accessories,$63,2.0,12/11/25,18:17:00,Ewallet,6.0,0.48
4279,M006,El Paso,Home and lifestyle,$67,2.0,11/10/25,20:55:00,Ewallet,7.0,0.48
4280,M096,Eagle Pass,Fashion accessories,$44,3.0,21/11/25,16:18:00,Ewallet,6.0,0.18
4281,M076,Huntsville,Home and lifestyle,$83,2.0,28/10/25,17:22:00,Ewallet,8.0,0.33
4282,M043,Baytown,Fashion accessories,$74,3.0,18/11/25,17:24:00,Ewallet,9.0,0.48
4283,M058,Port Arthur,Home and lifestyle,$55,1.0,13/08/25,18:00:00,Ewallet,8.0,0.33
4284,M018,Frisco,Fashion accessories,$67,2.0,17/11/25,18:55:00,Ewallet,6.0,0.48
4285,M094,Alamo,Home and lifestyle,$46,2.0,20/10/25,19:47:00,Ewallet,6.0,0.33
4286,M091,Little Elm,Fashion accessories,$66,2.0,28/12/25,20:01:00,Ewallet,9.0,0.33
4287,M004,Austin,Home and lifestyle,$33,2.0,11/09/25,15:53:00,Ewallet,4.0,0.48
4288,M028,Odessa,Fashion accessories,$52,2.0,05/12/25,18:27:00,Ewallet,4.0,0.48
4289,M078,Del Rio,Home and lifestyle,$76,2.0,06/08/25,16:20:00,Ewallet,7.0,0.33
4290,M033,Pearland,Fashion accessories,$40,1.0,16/11/25,15:12:00,Ewallet,4.0,0.48
4291,M053,Conroe,Home and lifestyle,$24,1.0,18/09/25,20:15:00,Ewallet,8.0,0.57
4292,M028,Odessa,Fashion accessories,$68,2.0,19/11/25,18:39:00,Ewallet,9.0,0.48
4293,M018,Frisco,Home and lifestyle,$27,2.0,17/11/25,16:18:00,Ewallet,6.0,0.48
4294,M097,Alice,Fashion accessories,$43,3.0,07/12/25,18:50:00,Ewallet,5.0,0.18
4295,M063,Georgetown,Home and lifestyle,$32,3.0,03/11/25,15:01:00,Ewallet,6.0,0.33
4296,M053,Conroe,Fashion accessories,$42,3.0,10/11/25,17:42:00,Ewallet,5.0,0.21
4297,M044,Pharr,Home and lifestyle,$60,2.0,20/11/25,17:54:00,Ewallet,4.0,0.48
4298,M045,Missouri City,Fashion accessories,$36,2.0,05/10/25,19:05:00,Credit card,4.0,0.48
4299,M016,Brownsville,Home and lifestyle,$26,1.0,30/09/25,16:48:00,Ewallet,4.0,0.48
4300,M052,Mansfield,Fashion accessories,$42,2.0,05/11/25,15:55:00,Ewallet,8.0,0.57
4301,M011,Lubbock,Home and lifestyle,$79,2.0,15/12/25,18:09:00,Ewallet,8.0,0.48
4302,M090,Brownwood,Fashion accessories,$79,1.0,06/11/25,18:30:00,Ewallet,6.0,0.33
4303,M045,Missouri City,Home and lifestyle,$53,1.0,28/12/25,20:08:00,Credit card,9.0,0.48
4304,M059,Pflugerville,Fashion accessories,$50,2.0,07/10/25,20:51:00,Ewallet,8.0,0.33
4305,M019,Pasadena,Home and lifestyle,$36,1.0,29/10/25,17:46:00,Ewallet,8.0,0.48
4306,M013,Irving,Fashion accessories,$65,3.0,30/09/25,19:13:00,Ewallet,7.0,0.48
4307,M071,Lufkin,Home and lifestyle,$83,1.0,31/12/25,19:06:00,Ewallet,6.0,0.33
4308,M079,La Porte,Fashion accessories,$53,3.0,29/08/25,15:32:00,Ewallet,8.0,0.33
4309,M010,Laredo,Home and lifestyle,$30,1.0,25/12/25,18:04:00,Ewallet,9.0,0.48
4310,M058,Port Arthur,Fashion accessories,$68,2.0,24/11/25,20:16:00,Ewallet,8.0,0.33
4311,M098,Mineral Wells,Home and lifestyle,$46,2.0,26/09/25,17:49:00,Ewallet,4.0,0.18
4312,M053,Conroe,Fashion accessories,$67,3.0,04/10/25,15:56:00,Ewallet,4.0,0.21
4313,M093,Angleton,Home and lifestyle,$78,3.0,11/09/25,17:16:00,Ewallet,8.0,0.33
4314,M058,Port Arthur,Fashion accessories,$28,2.0,22/10/25,18:55:00,Ewallet,8.0,0.33
4315,M036,Allen,Home and lifestyle,$21,1.0,13/08/25,19:17:00,Ewallet,7.0,0.48
4316,M034,College Station,Fashion accessories,$65,2.0,01/10/25,20:50:00,Ewallet,8.0,0.48
4317,M048,Harlingen,Home and lifestyle,$81,2.0,06/11/25,17:37:00,Ewallet,5.0,0.48
4318,M022,Mesquite,Fashion accessories,$34,1.0,03/11/25,16:00:00,Ewallet,5.0,0.48
4319,M028,Odessa,Home and lifestyle,$16,3.0,05/09/25,15:18:00,Ewallet,9.0,0.48
4320,M018,Frisco,Fashion accessories,$25,3.0,20/09/25,16:53:00,Ewallet,4.0,0.48
4321,M030,Richardson,Home and lifestyle,$53,2.0,23/11/25,19:45:00,Ewallet,8.0,0.48
4322,M041,Mission,Fashion accessories,$37,1.0,09/10/25,18:58:00,Ewallet,9.0,0.48
4323,M096,Eagle Pass,Home and lifestyle,$84,2.0,21/09/25,16:05:00,Ewallet,7.0,0.18
4324,M049,North Richland Hills,Fashion accessories,$39,1.0,06/08/25,16:09:00,Ewallet,4.0,0.48
4325,M058,Port Arthur,Home and lifestyle,$45,1.0,30/09/25,15:29:00,Ewallet,8.0,0.33
4326,M005,Fort Worth,Fashion accessories,$68,2.0,06/10/25,15:08:00,Ewallet,9.0,0.48
4327,M070,Hurst,Home and lifestyle,$17,2.0,17/08/25,16:47:00,Ewallet,5.0,0.33
4328,M066,Grapevine,Fashion accessories,$78,1.0,13/11/25,20:24:00,Ewallet,6.0,0.33
4329,M019,Pasadena,Home and lifestyle,$70,2.0,03/08/25,17:42:00,Ewallet,9.0,0.48
4330,M077,Coppell,Fashion accessories,$70,3.0,18/11/25,16:38:00,Ewallet,8.0,0.33
4331,M094,Alamo,Home and lifestyle,$83,2.0,12/11/25,15:11:00,Ewallet,4.0,0.33
4332,M100,Canyon,Fashion accessories,$61,2.0,11/11/25,20:08:00,Ewallet,9.0,0.18
4333,M018,Frisco,Home and lifestyle,$48,3.0,19/08/25,15:05:00,Ewallet,5.0,0.48
4334,M028,Odessa,Fashion accessories,$73,2.0,26/08/25,15:01:00,Ewallet,4.0,0.48
4335,M021,McAllen,Home and lifestyle,$18,1.0,13/08/25,16:57:00,Ewallet,4.0,0.48
4336,M060,DeSoto,Fashion accessories,$74,2.0,12/11/25,17:07:00,Ewallet,7.0,0.33
4337,M013,Irving,Home and lifestyle,$23,2.0,26/11/25,17:36:00,Ewallet,4.0,0.48
4338,M021,McAllen,Fashion accessories,$34,1.0,13/08/25,15:32:00,Ewallet,5.0,0.48
4339,M095,Big Spring,Home and lifestyle,$35,1.0,31/08/25,19:09:00,Ewallet,5.0,0.33
4340,M020,Killeen,Fashion accessories,$15,1.0,25/12/25,20:09:00,Ewallet,5.0,0.48
4341,M088,Cleburne,Home and lifestyle,$39,3.0,26/11/25,15:18:00,Ewallet,9.0,0.33
4342,M020,Killeen,Fashion accessories,$44,1.0,03/12/25,18:48:00,Ewallet,4.0,0.48
4343,M061,Cedar Park,Home and lifestyle,$50,2.0,25/09/25,16:54:00,Ewallet,8.0,0.33
4344,M077,Coppell,Fashion accessories,$44,3.0,11/11/25,17:39:00,Ewallet,5.0,0.33
4345,M063,Georgetown,Home and lifestyle,$39,1.0,09/12/25,15:13:00,Ewallet,4.0,0.33
4346,M077,Coppell,Fashion accessories,$18,2.0,28/08/25,15:11:00,Ewallet,5.0,0.33
4347,M060,DeSoto,Home and lifestyle,$53,3.0,21/09/25,17:19:00,Ewallet,4.0,0.33
4348,M069,Rockwall,Fashion accessories,$49,3.0,04/10/25,20:44:00,Ewallet,5.0,0.33
4349,M077,Coppell,Home and lifestyle,$30,1.0,01/12/25,17:25:00,Ewallet,8.0,0.33
4350,M078,Del Rio,Fashion accessories,$43,1.0,17/09/25,18:12:00,Ewallet,9.0,0.33
4351,M022,Mesquite,Home and lifestyle,$82,2.0,21/09/25,18:51:00,Ewallet,6.0,0.48
4352,M066,Grapevine,Fashion accessories,$66,2.0,25/11/25,17:27:00,Ewallet,4.0,0.33
4353,M011,Lubbock,Home and lifestyle,$22,1.0,14/12/25,18:04:00,Ewallet,9.0,0.48
4354,M093,Angleton,Fashion accessories,$16,3.0,01/11/25,20:22:00,Ewallet,7.0,0.33
4355,M013,Irving,Home and lifestyle,$21,2.0,07/11/25,16:41:00,Ewallet,6.0,0.48
4356,M011,Lubbock,Fashion accessories,$23,2.0,01/09/25,16:37:00,Ewallet,4.0,0.48
4357,M052,Mansfield,Home and lifestyle,$52,2.0,02/12/25,19:49:00,Ewallet,9.0,0.57
4358,M083,Farmers Branch,Fashion accessories,$30,3.0,14/12/25,15:07:00,Ewallet,8.0,0.33
4359,M048,Harlingen,Home and lifestyle,$44,2.0,15/12/25,16:09:00,Ewallet,4.0,0.48
4360,M098,Mineral Wells,Fashion accessories,$83,2.0,20/11/25,18:48:00,Ewallet,6.0,0.18
4361,M092,Lake Jackson,Home and lifestyle,$20,1.0,12/09/25,16:28:00,Ewallet,9.0,0.33
4362,M090,Brownwood,Fashion accessories,$22,2.0,28/09/25,20:32:00,Ewallet,7.0,0.33
4363,M041,Mission,Home and lifestyle,$50,3.0,11/11/25,16:08:00,Ewallet,4.0,0.48
4364,M061,Cedar Park,Fashion accessories,$18,3.0,29/08/25,15:56:00,Ewallet,7.0,0.33
4365,M037,League City,Home and lifestyle,$27,1.0,24/09/25,20:39:00,Ewallet,8.0,0.48
4366,M017,McKinney,Fashion accessories,$33,3.0,03/12/25,17:09:00,Ewallet,9.0,0.48
4367,M006,El Paso,Home and lifestyle,$43,3.0,08/12/25,16:21:00,Ewallet,8.0,0.48
4368,M092,Lake Jackson,Fashion accessories,$33,3.0,20/09/25,16:23:00,Ewallet,5.0,0.33
4369,M057,Euless,Home and lifestyle,$68,1.0,22/12/25,17:28:00,Ewallet,8.0,0.33
4370,M060,DeSoto,Fashion accessories,$76,1.0,31/12/25,17:14:00,Ewallet,7.0,0.33
4371,M047,Flower Mound,Home and lifestyle,$63,3.0,26/08/25,18:49:00,Ewallet,4.0,0.48
4372,M019,Pasadena,Fashion accessories,$64,3.0,07/09/25,15:49:00,Ewallet,5.0,0.48
4373,M088,Cleburne,Home and lifestyle,$23,2.0,12/10/25,20:25:00,Ewallet,4.0,0.33
4374,M005,Fort Worth,Fashion accessories,$32,1.0,16/08/25,18:31:00,Ewallet,4.0,0.48
4375,M016,Brownsville,Home and lifestyle,$62,1.0,12/09/25,15:52:00,Ewallet,9.0,0.48
4376,M076,Huntsville,Fashion accessories,$63,1.0,20/11/25,15:48:00,Ewallet,8.0,0.33
4377,M015,Grand Prairie,Home and lifestyle,$81,1.0,16/12/25,17:29:00,Ewallet,4.0,0.48
4378,M019,Pasadena,Fashion accessories,$57,1.0,30/10/25,20:19:00,Ewallet,7.0,0.48
4379,M053,Conroe,Home and lifestyle,$39,1.0,03/10/25,15:22:00,Ewallet,6.0,0.57
4380,M077,Coppell,Fashion accessories,$22,2.0,31/12/25,18:15:00,Ewallet,9.0,0.33
4381,M048,Harlingen,Home and lifestyle,$20,2.0,27/11/25,17:12:00,Ewallet,6.0,0.48
4382,M077,Coppell,Fashion accessories,$17,1.0,28/10/25,15:12:00,Ewallet,5.0,0.33
4383,M045,Missouri City,Home and lifestyle,$79,1.0,31/10/25,16:08:00,Credit card,5.0,0.48
4384,M006,El Paso,Fashion accessories,$48,3.0,20/12/25,18:50:00,Ewallet,7.0,0.48
4385,M083,Farmers Branch,Home and lifestyle,$56,2.0,16/11/25,19:06:00,Ewallet,8.0,0.33
4386,M077,Coppell,Fashion accessories,$20,2.0,17/08/25,19:57:00,Ewallet,5.0,0.33
4387,M079,La Porte,Home and lifestyle,$71,3.0,05/09/25,20:42:00,Ewallet,6.0,0.33
4388,M017,McKinney,Fashion accessories,$25,1.0,08/12/25,17:15:00,Ewallet,4.0,0.48
4389,M026,Denton,Home and lifestyle,$76,1.0,23/09/25,15:01:00,Ewallet,8.0,0.48
4390,M051,New Braunfels,Fashion accessories,$33,1.0,10/08/25,18:47:00,Ewallet,7.0,0.57
4391,M080,Nacogdoches,Home and lifestyle,$40,2.0,24/10/25,17:26:00,Ewallet,9.0,0.33
4392,M057,Euless,Fashion accessories,$55,1.0,08/08/25,17:37:00,Ewallet,8.0,0.33
4393,M033,Pearland,Home and lifestyle,$78,3.0,30/11/25,15:11:00,Ewallet,6.0,0.48
4394,M010,Laredo,Fashion accessories,$18,3.0,02/12/25,20:51:00,Ewallet,9.0,0.48
4395,M090,Brownwood,Home and lifestyle,$32,2.0,28/09/25,16:20:00,Ewallet,4.0,0.33
4396,M053,Conroe,Fashion accessories,$83,1.0,10/09/25,15:24:00,Ewallet,4.0,0.21
4397,M027,Abilene,Home and lifestyle,$21,3.0,01/12/25,19:11:00,Ewallet,7.0,0.48
4398,M009,Plano,Fashion accessories,$66,3.0,19/12/25,17:48:00,Ewallet,6.0,0.48
4399,M085,Kerrville,Home and lifestyle,$59,3.0,16/12/25,18:42:00,Ewallet,8.0,0.33
4400,M036,Allen,Fashion accessories,$61,1.0,14/08/25,15:05:00,Ewallet,7.0,0.48
4401,M092,Lake Jackson,Home and lifestyle,$38,1.0,10/11/25,16:00:00,Ewallet,5.0,0.33
4402,M030,Richardson,Fashion accessories,$42,1.0,25/10/25,15:41:00,Ewallet,9.0,0.48
4403,M077,Coppell,Home and lifestyle,$48,1.0,12/09/25,15:45:00,Ewallet,7.0,0.33
4404,M028,Odessa,Fashion accessories,$84,2.0,12/11/25,19:35:00,Ewallet,4.0,0.48
4405,M030,Richardson,Home and lifestyle,$85,1.0,19/09/25,18:57:00,Ewallet,5.0,0.48
4406,M020,Killeen,Fashion accessories,$85,3.0,20/11/25,19:44:00,Ewallet,4.0,0.48
4407,M019,Pasadena,Home and lifestyle,$76,3.0,10/12/25,18:53:00,Ewallet,4.0,0.48
4408,M002,Dallas,Fashion accessories,$35,1.0,02/10/25,16:46:00,Ewallet,7.0,0.36
4409,M043,Baytown,Home and lifestyle,$59,1.0,26/09/25,18:25:00,Ewallet,4.0,0.48
4410,M090,Brownwood,Fashion accessories,$26,3.0,07/11/25,18:26:00,Ewallet,6.0,0.33
4411,M091,Little Elm,Home and lifestyle,$63,3.0,29/11/25,19:25:00,Ewallet,6.0,0.33
4412,M039,Longview,Fashion accessories,$56,1.0,13/12/25,19:52:00,Ewallet,4.0,0.48
4413,M079,La Porte,Home and lifestyle,$41,1.0,01/11/25,19:03:00,Ewallet,6.0,0.33
4414,M012,Garland,Fashion accessories,$48,2.0,29/11/25,16:00:00,Ewallet,4.0,0.48
4415,M088,Cleburne,Home and lifestyle,$38,1.0,29/10/25,15:20:00,Ewallet,6.0,0.33
4416,M020,Killeen,Fashion accessories,$30,3.0,26/12/25,15:05:00,Ewallet,7.0,0.48
4417,M095,Big Spring,Home and lifestyle,$66,3.0,03/12/25,15:06:00,Ewallet,9.0,0.33
4418,M059,Pflugerville,Fashion accessories,$20,3.0,11/09/25,18:36:00,Ewallet,9.0,0.33
4419,M061,Cedar Park,Home and lifestyle,$49,1.0,22/09/25,20:09:00,Ewallet,7.0,0.33
4420,M018,Frisco,Fashion accessories,$20,1.0,20/09/25,16:13:00,Ewallet,6.0,0.48
4421,M051,New Braunfels,Home and lifestyle,$34,1.0,30/12/25,16:45:00,Ewallet,4.0,0.48
4422,M021,McAllen,Fashion accessories,$58,3.0,29/09/25,17:53:00,Ewallet,5.0,0.48
4423,M092,Lake Jackson,Home and lifestyle,$24,1.0,27/10/25,18:59:00,Ewallet,4.0,0.33
4424,M013,Irving,Fashion accessories,$18,2.0,19/09/25,17:08:00,Ewallet,5.0,0.48
4425,M057,Euless,Home and lifestyle,$66,3.0,29/11/25,15:47:00,Ewallet,6.0,0.33
4426,M033,Pearland,Fashion accessories,$33,1.0,24/11/25,16:24:00,Ewallet,6.0,0.48
4427,M048,Harlingen,Home and lifestyle,$34,1.0,04/12/25,20:24:00,Ewallet,5.0,0.48
4428,M059,Pflugerville,Fashion accessories,$18,1.0,18/12/25,17:20:00,Ewallet,7.0,0.33
4429,M077,Coppell,Home and lifestyle,$71,1.0,31/10/25,20:05:00,Ewallet,5.0,0.33
4430,M007,Arlington,Fashion accessories,$61,1.0,03/12/25,18:43:00,Ewallet,9.0,0.48
4431,M028,Odessa,Home and lifestyle,$58,3.0,14/10/25,17:43:00,Ewallet,6.0,0.48
4432,M031,Lewisville,Fashion accessories,$79,1.0,21/09/25,19:51:00,Ewallet,8.0,0.48
4433,M052,Mansfield,Home and lifestyle,$81,1.0,02/12/25,18:37:00,Ewallet,4.0,0.57
4434,M020,Killeen,Fashion accessories,$55,2.0,04/10/25,19:44:00,Ewallet,7.0,0.48
4435,M094,Alamo,Home and lifestyle,$20,3.0,14/12/25,20:08:00,Ewallet,7.0,0.33
4436,M097,Alice,Fashion accessories,$15,1.0,17/08/25,15:49:00,Ewallet,6.0,0.18
4437,M045,Missouri City,Home and lifestyle,$60,1.0,02/10/25,17:17:00,Credit card,7.0,0.48
4438,M096,Eagle Pass,Fashion accessories,$25,1.0,05/09/25,20:31:00,Ewallet,4.0,0.18
4439,M069,Rockwall,Home and lifestyle,$46,2.0,17/12/25,17:59:00,Ewallet,4.0,0.33
4440,M072,Lancaster,Fashion accessories,$40,3.0,25/08/25,15:33:00,Ewallet,6.0,0.33
4441,M037,League City,Home and lifestyle,$79,1.0,13/09/25,19:48:00,Ewallet,7.0,0.48
4442,M023,Midland,Fashion accessories,$56,3.0,05/08/25,15:48:00,Ewallet,9.0,0.48
4443,M031,Lewisville,Home and lifestyle,$27,3.0,22/09/25,18:47:00,Ewallet,6.0,0.48
4444,M013,Irving,Fashion accessories,$36,1.0,25/09/25,19:42:00,Ewallet,5.0,0.48
4445,M047,Flower Mound,Home and lifestyle,$27,2.0,23/09/25,18:15:00,Ewallet,8.0,0.48
4446,M007,Arlington,Fashion accessories,$31,3.0,11/10/25,15:15:00,Ewallet,8.0,0.48
4447,M078,Del Rio,Home and lifestyle,$32,2.0,06/08/25,18:41:00,Ewallet,4.0,0.33
4448,M080,Nacogdoches,Fashion accessories,$20,1.0,04/09/25,19:07:00,Ewallet,7.0,0.33
4449,M097,Alice,Home and lifestyle,$56,2.0,22/12/25,16:52:00,Ewallet,6.0,0.18
4450,M057,Euless,Fashion accessories,$67,2.0,23/09/25,19:32:00,Ewallet,5.0,0.33
4451,M004,Austin,Home and lifestyle,$60,2.0,15/11/25,19:39:00,Ewallet,6.0,0.48
4452,M033,Pearland,Fashion accessories,$22,3.0,30/12/25,20:42:00,Ewallet,6.0,0.48
4453,M045,Missouri City,Home and lifestyle,$58,1.0,23/10/25,19:25:00,Credit card,4.0,0.48
4454,M061,Cedar Park,Fashion accessories,$78,2.0,10/10/25,19:48:00,Ewallet,5.0,0.33
4455,M098,Mineral Wells,Home and lifestyle,$62,3.0,06/11/25,20:18:00,Ewallet,8.0,0.18
4456,M092,Lake Jackson,Fashion accessories,$16,1.0,19/11/25,19:10:00,Ewallet,7.0,0.33
4457,M079,La Porte,Home and lifestyle,$18,1.0,19/11/25,16:35:00,Ewallet,5.0,0.33
4458,M095,Big Spring,Fashion accessories,$83,3.0,01/09/25,17:17:00,Ewallet,8.0,0.33
4459,M041,Mission,Home and lifestyle,$75,3.0,08/12/25,15:07:00,Ewallet,4.0,0.48
4460,M017,McKinney,Fashion accessories,$23,2.0,01/12/25,18:23:00,Ewallet,6.0,0.48
4461,M069,Rockwall,Home and lifestyle,$60,1.0,18/08/25,17:28:00,Ewallet,6.0,0.33
4462,M080,Nacogdoches,Fashion accessories,$58,2.0,09/08/25,18:02:00,Ewallet,9.0,0.33
4463,M017,McKinney,Home and lifestyle,$31,2.0,28/10/25,18:30:00,Ewallet,5.0,0.48
4464,M030,Richardson,Fashion accessories,$67,3.0,04/08/25,17:43:00,Ewallet,7.0,0.48
4465,M095,Big Spring,Home and lifestyle,$20,1.0,30/12/25,16:05:00,Ewallet,5.0,0.33
4466,M070,Hurst,Fashion accessories,$31,2.0,22/12/25,16:31:00,Ewallet,9.0,0.33
4467,M005,Fort Worth,Home and lifestyle,$62,2.0,14/09/25,17:02:00,Ewallet,4.0,0.48
4468,M095,Big Spring,Fashion accessories,$72,1.0,12/10/25,17:39:00,Ewallet,9.0,0.33
4469,M097,Alice,Home and lifestyle,$72,3.0,29/08/25,20:39:00,Ewallet,9.0,0.18
4470,M041,Mission,Fashion accessories,$29,1.0,23/10/25,18:22:00,Ewallet,9.0,0.48
4471,M051,New Braunfels,Home and lifestyle,$36,3.0,01/10/25,15:27:00,Ewallet,6.0,0.48
4472,M004,Austin,Fashion accessories,$66,3.0,05/09/25,15:49:00,Ewallet,8.0,0.48
4473,M020,Killeen,Home and lifestyle,$67,2.0,02/08/25,20:07:00,Ewallet,9.0,0.48
4474,M067,Haltom City,Fashion accessories,$64,3.0,21/12/25,16:19:00,Ewallet,8.0,0.33
4475,M042,Bryan,Home and lifestyle,$33,2.0,15/09/25,18:28:00,Ewallet,4.0,0.48
4476,M026,Denton,Fashion accessories,$27,3.0,14/11/25,19:42:00,Ewallet,5.0,0.48
4477,M047,Flower Mound,Home and lifestyle,$45,2.0,06/11/25,20:34:00,Ewallet,9.0,0.48
4478,M023,Midland,Fashion accessories,$32,2.0,21/09/25,17:01:00,Ewallet,6.0,0.48
4479,M098,Mineral Wells,Home and lifestyle,$53,3.0,03/10/25,20:58:00,Ewallet,6.0,0.18
4480,M061,Cedar Park,Fashion accessories,$80,2.0,21/08/25,15:26:00,Ewallet,8.0,0.33
4481,M049,North Richland Hills,Home and lifestyle,$37,1.0,07/10/25,20:12:00,Ewallet,6.0,0.48
4482,M021,McAllen,Fashion accessories,$34,2.0,26/09/25,17:42:00,Ewallet,5.0,0.48
4483,M085,Kerrville,Home and lifestyle,$84,1.0,21/10/25,17:51:00,Ewallet,6.0,0.33
4484,M036,Allen,Fashion accessories,$49,2.0,27/12/25,18:07:00,Ewallet,9.0,0.48
4485,M081,Friendswood,Home and lifestyle,$48,1.0,23/09/25,15:40:00,Ewallet,9.0,0.33
4486,M059,Pflugerville,Fashion accessories,$67,2.0,05/11/25,16:17:00,Ewallet,6.0,0.33
4487,M079,La Porte,Home and lifestyle,$24,1.0,28/12/25,18:35:00,Ewallet,6.0,0.33
4488,M030,Richardson,Fashion accessories,$60,1.0,23/11/25,19:22:00,Ewallet,9.0,0.48
4489,M030,Richardson,Home and lifestyle,$51,2.0,13/08/25,19:55:00,Ewallet,8.0,0.48
4490,M079,La Porte,Fashion accessories,$44,3.0,09/09/25,20:55:00,Ewallet,7.0,0.33
4491,M079,La Porte,Home and lifestyle,$75,3.0,31/12/25,17:38:00,Ewallet,8.0,0.33
4492,M077,Coppell,Fashion accessories,$76,2.0,13/11/25,17:36:00,Ewallet,8.0,0.33
4493,M053,Conroe,Home and lifestyle,$28,1.0,15/10/25,18:40:00,Ewallet,8.0,0.57
4494,M013,Irving,Fashion accessories,$31,1.0,11/08/25,17:46:00,Ewallet,5.0,0.48
4495,M019,Pasadena,Home and lifestyle,$36,1.0,30/11/25,17:56:00,Ewallet,9.0,0.48
4496,M004,Austin,Fashion accessories,$20,2.0,29/09/25,16:00:00,Ewallet,6.0,0.48
4497,M081,Friendswood,Home and lifestyle,$45,1.0,19/12/25,18:36:00,Ewallet,6.0,0.33
4498,M030,Richardson,Fashion accessories,$85,3.0,05/11/25,17:58:00,Ewallet,8.0,0.48
4499,M076,Huntsville,Home and lifestyle,$63,3.0,20/08/25,17:28:00,Ewallet,9.0,0.33
4500,M072,Lancaster,Fashion accessories,$81,1.0,18/08/25,15:11:00,Ewallet,5.0,0.33
4501,M022,Mesquite,Home and lifestyle,$74,3.0,07/10/25,17:27:00,Ewallet,9.0,0.48
4502,M095,Big Spring,Fashion accessories,$72,2.0,04/08/25,16:21:00,Ewallet,9.0,0.33
4503,M077,Coppell,Home and lifestyle,$41,3.0,07/08/25,20:15:00,Ewallet,8.0,0.33
4504,M085,Kerrville,Fashion accessories,$19,3.0,20/09/25,15:13:00,Ewallet,6.0,0.33
4505,M070,Hurst,Home and lifestyle,$62,2.0,01/10/25,15:01:00,Ewallet,6.0,0.33
4506,M004,Austin,Fashion accessories,$45,3.0,30/11/25,20:59:00,Ewallet,8.0,0.48
4507,M061,Cedar Park,Home and lifestyle,$32,2.0,11/11/25,17:52:00,Ewallet,6.0,0.33
4508,M053,Conroe,Fashion accessories,$85,3.0,07/12/25,19:37:00,Ewallet,4.0,0.21
4509,M095,Big Spring,Home and lifestyle,$85,3.0,18/09/25,15:54:00,Ewallet,8.0,0.33
4510,M049,North Richland Hills,Fashion accessories,$80,1.0,28/12/25,20:06:00,Ewallet,4.0,0.48
4511,M026,Denton,Home and lifestyle,$60,2.0,23/09/25,20:53:00,Ewallet,6.0,0.48
4512,M049,North Richland Hills,Fashion accessories,$44,2.0,22/09/25,20:26:00,Credit card,4.0,0.48
4513,M034,College Station,Home and lifestyle,$54,1.0,21/11/25,15:02:00,Credit card,5.0,0.48
4514,M023,Midland,Fashion accessories,$34,1.0,09/12/25,15:54:00,Credit card,4.0,0.48
4515,M020,Killeen,Home and lifestyle,$84,3.0,03/11/25,16:18:00,Credit card,5.0,0.48
4516,M069,Rockwall,Fashion accessories,$81,1.0,26/08/25,16:21:00,Credit card,5.0,0.33
4517,M076,Huntsville,Home and lifestyle,$63,2.0,27/08/25,17:06:00,Credit card,6.0,0.33
4518,M034,College Station,Fashion accessories,$66,3.0,02/11/25,20:18:00,Credit card,6.0,0.48
4519,M047,Flower Mound,Home and lifestyle,$65,1.0,26/08/25,15:52:00,Credit card,8.0,0.48
4520,M093,Angleton,Fashion accessories,$23,2.0,09/08/25,20:55:00,Credit card,8.0,0.33
4521,M033,Pearland,Home and lifestyle,$42,1.0,14/12/25,16:43:00,Credit card,9.0,0.48
4522,M053,Conroe,Fashion accessories,$54,3.0,03/10/25,16:32:00,Credit card,5.0,0.21
4523,M059,Pflugerville,Home and lifestyle,$74,3.0,03/09/25,17:11:00,Credit card,8.0,0.33
4524,M048,Harlingen,Fashion accessories,$24,1.0,03/12/25,19:18:00,Credit card,8.0,0.48
4525,M031,Lewisville,Home and lifestyle,$25,3.0,15/09/25,19:37:00,Credit card,4.0,0.48
4526,M001,Houston,Fashion accessories,$51,1.0,29/08/25,17:26:00,Credit card,7.0,0.36
4527,M067,Haltom City,Home and lifestyle,$18,1.0,04/12/25,19:54:00,Credit card,4.0,0.33
4528,M044,Pharr,Fashion accessories,$35,1.0,09/08/25,19:02:00,Credit card,8.0,0.48
4529,M066,Grapevine,Home and lifestyle,$43,3.0,12/11/25,20:57:00,Credit card,4.0,0.33
4530,M036,Allen,Fashion accessories,$84,2.0,03/12/25,15:11:00,Credit card,7.0,0.48
4531,M051,New Braunfels,Home and lifestyle,$24,3.0,27/10/25,15:14:00,Credit card,6.0,0.48
4532,M068,Burleson,Fashion accessories,$74,2.0,22/10/25,20:09:00,Credit card,6.0,0.33
4533,M048,Harlingen,Home and lifestyle,$65,1.0,08/11/25,15:02:00,Credit card,9.0,0.48
4534,M028,Odessa,Fashion accessories,$63,3.0,30/10/25,20:05:00,Credit card,5.0,0.48
4535,M081,Friendswood,Home and lifestyle,$33,2.0,01/12/25,18:11:00,Credit card,4.0,0.33
4536,M057,Euless,Fashion accessories,$71,1.0,18/12/25,16:49:00,Credit card,5.0,0.33
4537,M033,Pearland,Home and lifestyle,$31,2.0,28/10/25,18:45:00,Credit card,6.0,0.48
4538,M057,Euless,Fashion accessories,$16,1.0,01/12/25,16:19:00,Credit card,8.0,0.33
4539,M040,Edinburg,Home and lifestyle,$42,3.0,09/08/25,20:54:00,Credit card,4.0,0.48
4540,M040,Edinburg,Fashion accessories,$62,2.0,17/10/25,15:32:00,Credit card,9.0,0.48
4541,M080,Nacogdoches,Home and lifestyle,$51,2.0,01/10/25,17:02:00,Credit card,9.0,0.33
4542,M036,Allen,Fashion accessories,$52,3.0,29/08/25,18:29:00,Credit card,9.0,0.48
4543,M018,Frisco,Home and lifestyle,$46,2.0,24/12/25,16:01:00,Credit card,8.0,0.48
4544,M058,Port Arthur,Fashion accessories,$49,1.0,08/12/25,15:44:00,Credit card,6.0,0.33
4545,M081,Friendswood,Home and lifestyle,$26,3.0,12/11/25,15:02:00,Credit card,7.0,0.33
4546,M024,Carrollton,Fashion accessories,$17,1.0,05/12/25,17:36:00,Credit card,8.0,0.48
4547,M094,Alamo,Home and lifestyle,$33,3.0,19/09/25,16:28:00,Credit card,7.0,0.33
4548,M015,Grand Prairie,Fashion accessories,$29,1.0,06/12/25,17:40:00,Credit card,5.0,0.48
4549,M028,Odessa,Home and lifestyle,$80,2.0,07/09/25,19:52:00,Credit card,8.0,0.48
4550,M072,Lancaster,Fashion accessories,$34,2.0,21/12/25,15:26:00,Credit card,9.0,0.33
4551,M044,Pharr,Home and lifestyle,$31,3.0,19/10/25,16:24:00,Credit card,6.0,0.48
4552,M085,Kerrville,Fashion accessories,$52,2.0,29/12/25,15:32:00,Credit card,4.0,0.33
4553,M001,Houston,Home and lifestyle,$44,2.0,18/10/25,20:12:00,Credit card,7.0,0.36
4554,M095,Big Spring,Fashion accessories,$75,1.0,12/12/25,17:11:00,Credit card,9.0,0.33
4555,M010,Laredo,Home and lifestyle,$72,3.0,27/11/25,17:56:00,Credit card,5.0,0.48
4556,M076,Huntsville,Fashion accessories,$59,2.0,29/12/25,18:44:00,Credit card,7.0,0.33
4557,M070,Hurst,Home and lifestyle,$33,1.0,19/12/25,17:36:00,Credit card,7.0,0.33
4558,M001,Houston,Fashion accessories,$68,1.0,11/08/25,15:01:00,Credit card,7.0,0.36
4559,M100,Canyon,Home and lifestyle,$65,3.0,12/10/25,18:04:00,Credit card,9.0,0.18
4560,M096,Eagle Pass,Fashion accessories,$65,1.0,17/08/25,15:35:00,Credit card,7.0,0.18
4561,M040,Edinburg,Home and lifestyle,$36,1.0,22/10/25,15:36:00,Credit card,8.0,0.48
4562,M093,Angleton,Fashion accessories,$52,2.0,19/09/25,19:42:00,Credit card,6.0,0.33
4563,M008,Corpus Christi,Home and lifestyle,$65,2.0,25/08/25,15:15:00,Credit card,7.0,0.48
4564,M018,Frisco,Fashion accessories,$19,1.0,29/08/25,18:24:00,Credit card,8.0,0.48
4565,M034,College Station,Home and lifestyle,$40,1.0,15/10/25,19:05:00,Credit card,7.0,0.48
4566,M091,Little Elm,Fashion accessories,$38,3.0,03/11/25,15:04:00,Credit card,4.0,0.33
4567,M100,Canyon,Home and lifestyle,$56,1.0,27/11/25,17:33:00,Credit card,6.0,0.18
4568,M094,Alamo,Fashion accessories,$69,2.0,23/12/25,19:38:00,Credit card,9.0,0.33
4569,M091,Little Elm,Home and lifestyle,$80,1.0,14/10/25,18:38:00,Credit card,7.0,0.33
4570,M011,Lubbock,Fashion accessories,$85,1.0,04/11/25,16:34:00,Credit card,7.0,0.48
4571,M004,Austin,Home and lifestyle,$80,2.0,27/09/25,19:53:00,Credit card,7.0,0.48
4572,M047,Flower Mound,Fashion accessories,$67,3.0,21/10/25,20:31:00,Credit card,8.0,0.48
4573,M069,Rockwall,Home and lifestyle,$24,1.0,01/08/25,18:05:00,Credit card,6.0,0.33
4574,M036,Allen,Fashion accessories,$52,3.0,20/08/25,19:57:00,Credit card,8.0,0.48
4575,M026,Denton,Home and lifestyle,$62,2.0,17/11/25,19:19:00,Credit card,5.0,0.48
4576,M069,Rockwall,Fashion accessories,$81,1.0,01/10/25,19:05:00,Credit card,7.0,0.33
4577,M017,McKinney,Home and lifestyle,$58,2.0,21/08/25,16:24:00,Credit card,6.0,0.48
4578,M093,Angleton,Fashion accessories,$57,1.0,08/11/25,17:26:00,Credit card,5.0,0.33
4579,M067,Haltom City,Home and lifestyle,$74,1.0,23/08/25,17:09:00,Credit card,9.0,0.33
4580,M079,La Porte,Fashion accessories,$73,3.0,26/12/25,19:56:00,Credit card,6.0,0.33
4581,M030,Richardson,Home and lifestyle,$50,1.0,17/12/25,17:23:00,Credit card,4.0,0.48
4582,M053,Conroe,Fashion accessories,$68,1.0,29/09/25,19:17:00,Credit card,8.0,0.21
4583,M095,Big Spring,Home and lifestyle,$73,1.0,09/09/25,15:09:00,Credit card,8.0,0.33
4584,M009,Plano,Fashion accessories,$33,3.0,26/10/25,15:57:00,Credit card,4.0,0.48
4585,M096,Eagle Pass,Home and lifestyle,$64,3.0,17/11/25,20:56:00,Credit card,4.0,0.18
4586,M052,Mansfield,Fashion accessories,$42,3.0,01/08/25,18:32:00,Credit card,5.0,0.57
4587,M059,Pflugerville,Home and lifestyle,$55,3.0,20/12/25,18:10:00,Credit card,6.0,0.33
4588,M005,Fort Worth,Fashion accessories,$58,2.0,28/12/25,18:22:00,Credit card,4.0,0.48
4589,M033,Pearland,Home and lifestyle,$48,3.0,28/11/25,17:15:00,Credit card,8.0,0.48
4590,M091,Little Elm,Fashion accessories,$46,3.0,25/12/25,19:50:00,Credit card,6.0,0.33
4591,M090,Brownwood,Home and lifestyle,$29,3.0,22/12/25,19:08:00,Credit card,8.0,0.33
4592,M076,Huntsville,Fashion accessories,$36,2.0,20/11/25,20:18:00,Credit card,7.0,0.33
4593,M061,Cedar Park,Home and lifestyle,$82,1.0,30/08/25,18:43:00,Credit card,9.0,0.33
4594,M034,College Station,Fashion accessories,$23,3.0,21/09/25,20:33:00,Credit card,9.0,0.48
4595,M042,Bryan,Home and lifestyle,$71,1.0,01/10/25,17:25:00,Credit card,6.0,0.48
4596,M021,McAllen,Fashion accessories,$46,2.0,31/08/25,20:53:00,Credit card,4.0,0.48
4597,M071,Lufkin,Home and lifestyle,$25,1.0,05/10/25,20:51:00,Credit card,6.0,0.33
4598,M014,Amarillo,Fashion accessories,$57,1.0,14/11/25,15:05:00,Credit card,6.0,0.48
4599,M057,Euless,Home and lifestyle,$64,1.0,04/11/25,20:01:00,Credit card,6.0,0.33
4600,M049,North Richland Hills,Fashion accessories,$54,1.0,22/10/25,16:05:00,Credit card,6.0,0.48
4601,M026,Denton,Home and lifestyle,$66,3.0,09/08/25,18:51:00,Credit card,6.0,0.48
4602,M070,Hurst,Fashion accessories,$33,2.0,05/10/25,20:53:00,Credit card,9.0,0.33
4603,M021,McAllen,Home and lifestyle,$79,3.0,17/08/25,18:40:00,Credit card,7.0,0.48
4604,M002,Dallas,Fashion accessories,$25,2.0,05/09/25,16:31:00,Credit card,5.0,0.36
4605,M085,Kerrville,Home and lifestyle,$78,2.0,20/10/25,15:04:00,Credit card,5.0,0.33
4606,M053,Conroe,Fashion accessories,$35,3.0,25/08/25,19:16:00,Credit card,9.0,0.21
4607,M061,Cedar Park,Home and lifestyle,$35,2.0,29/08/25,16:13:00,Credit card,8.0,0.33
4608,M008,Corpus Christi,Fashion accessories,$47,1.0,01/08/25,19:23:00,Credit card,6.0,0.48
4609,M100,Canyon,Home and lifestyle,$49,1.0,18/12/25,17:16:00,Credit card,8.0,0.18
4610,M080,Nacogdoches,Fashion accessories,$61,1.0,14/08/25,18:26:00,Credit card,4.0,0.33
4611,M002,Dallas,Home and lifestyle,$21,3.0,30/09/25,18:19:00,Credit card,4.0,0.36
4612,M030,Richardson,Fashion accessories,$16,1.0,16/12/25,17:52:00,Credit card,9.0,0.48
4613,M094,Alamo,Home and lifestyle,$48,1.0,24/12/25,18:36:00,Credit card,9.0,0.33
4614,M069,Rockwall,Fashion accessories,$55,1.0,13/12/25,15:07:00,Credit card,9.0,0.33
4615,M031,Lewisville,Home and lifestyle,$41,1.0,22/12/25,16:33:00,Credit card,6.0,0.48
4616,M064,Bedford,Fashion accessories,$23,3.0,01/12/25,16:21:00,Credit card,5.0,0.33
4617,M069,Rockwall,Home and lifestyle,$40,1.0,22/11/25,16:08:00,Credit card,5.0,0.33
4618,M058,Port Arthur,Fashion accessories,$85,2.0,28/09/25,20:54:00,Credit card,8.0,0.33
4619,M060,DeSoto,Home and lifestyle,$49,3.0,10/12/25,19:41:00,Credit card,4.0,0.33
4620,M094,Alamo,Fashion accessories,$52,2.0,05/10/25,16:19:00,Credit card,5.0,0.33
4621,M076,Huntsville,Home and lifestyle,$44,1.0,10/12/25,20:23:00,Credit card,6.0,0.33
4622,M095,Big Spring,Fashion accessories,$21,1.0,19/08/25,15:23:00,Credit card,5.0,0.33
4623,M015,Grand Prairie,Home and lifestyle,$21,2.0,12/08/25,15:33:00,Credit card,4.0,0.48
4624,M098,Mineral Wells,Fashion accessories,$53,2.0,01/11/25,19:46:00,Credit card,4.0,0.18
4625,M059,Pflugerville,Home and lifestyle,$25,1.0,12/11/25,18:24:00,Credit card,6.0,0.33
4626,M042,Bryan,Fashion accessories,$26,3.0,04/09/25,17:33:00,Credit card,5.0,0.48
4627,M052,Mansfield,Home and lifestyle,$83,3.0,23/08/25,18:08:00,Credit card,8.0,0.57
4628,M011,Lubbock,Fashion accessories,$24,1.0,19/09/25,15:21:00,Credit card,5.0,0.48
4629,M002,Dallas,Home and lifestyle,$41,3.0,13/09/25,21:00:00,Credit card,4.0,0.36
4630,M079,La Porte,Fashion accessories,$43,1.0,21/10/25,19:02:00,Credit card,7.0,0.33
4631,M071,Lufkin,Home and lifestyle,$38,1.0,13/08/25,16:23:00,Credit card,5.0,0.33
4632,M020,Killeen,Fashion accessories,$62,2.0,29/08/25,15:20:00,Credit card,8.0,0.48
4633,M058,Port Arthur,Home and lifestyle,$57,3.0,04/11/25,20:51:00,Credit card,5.0,0.33
4634,M049,North Richland Hills,Fashion accessories,$60,2.0,19/08/25,20:13:00,Credit card,9.0,0.48
4635,M080,Nacogdoches,Home and lifestyle,$72,1.0,09/12/25,19:53:00,Credit card,7.0,0.33
4636,M070,Hurst,Fashion accessories,$84,3.0,19/11/25,20:23:00,Credit card,9.0,0.33
4637,M015,Grand Prairie,Home and lifestyle,$37,3.0,22/11/25,18:00:00,Credit card,8.0,0.48
4638,M051,New Braunfels,Fashion accessories,$37,2.0,01/12/25,18:19:00,Credit card,4.0,0.57
4639,M043,Baytown,Home and lifestyle,$22,3.0,28/12/25,18:59:00,Credit card,4.0,0.48
4640,M014,Amarillo,Fashion accessories,$52,3.0,01/09/25,17:27:00,Credit card,4.0,0.48
4641,M042,Bryan,Home and lifestyle,$57,3.0,06/10/25,20:27:00,Credit card,8.0,0.48
4642,M045,Missouri City,Fashion accessories,$19,2.0,11/08/25,18:26:00,Credit card,6.0,0.48
4643,M027,Abilene,Home and lifestyle,$71,1.0,11/09/25,15:28:00,Credit card,4.0,0.48
4644,M083,Farmers Branch,Fashion accessories,$76,3.0,15/10/25,18:07:00,Credit card,4.0,0.33
4645,M017,McKinney,Home and lifestyle,$31,3.0,08/11/25,19:27:00,Credit card,4.0,0.48
4646,M081,Friendswood,Fashion accessories,$43,3.0,24/09/25,19:22:00,Credit card,4.0,0.33
4647,M027,Abilene,Home and lifestyle,$29,3.0,30/11/25,19:36:00,Credit card,6.0,0.48
4648,M077,Coppell,Fashion accessories,$44,1.0,19/11/25,18:23:00,Credit card,9.0,0.33
4649,M094,Alamo,Home and lifestyle,$74,3.0,14/08/25,16:22:00,Credit card,7.0,0.33
4650,M036,Allen,Fashion accessories,$35,2.0,05/12/25,18:13:00,Credit card,5.0,0.48
4651,M010,Laredo,Home and lifestyle,$49,2.0,31/12/25,18:50:00,Credit card,4.0,0.48
4652,M016,Brownsville,Fashion accessories,$49,2.0,09/08/25,15:59:00,Credit card,8.0,0.48
4653,M018,Frisco,Home and lifestyle,$15,3.0,27/12/25,16:19:00,Credit card,6.0,0.48
4654,M064,Bedford,Fashion accessories,$17,3.0,16/10/25,18:39:00,Credit card,4.0,0.33
4655,M061,Cedar Park,Home and lifestyle,$35,2.0,02/11/25,17:06:00,Credit card,5.0,0.33
4656,M037,League City,Fashion accessories,$26,2.0,07/10/25,18:42:00,Credit card,4.0,0.48
4657,M042,Bryan,Home and lifestyle,$75,1.0,29/09/25,20:14:00,Credit card,9.0,0.48
4658,M049,North Richland Hills,Fashion accessories,$18,1.0,09/12/25,18:12:00,Credit card,5.0,0.48
4659,M001,Houston,Home and lifestyle,$41,2.0,14/09/25,16:22:00,Credit card,6.0,0.36
4660,M041,Mission,Fashion accessories,$74,3.0,05/09/25,19:38:00,Ewallet,5.0,0.48
4661,M037,League City,Home and lifestyle,$29,1.0,06/09/25,18:47:00,Credit card,5.0,0.48
4662,M060,DeSoto,Fashion accessories,$73,3.0,01/10/25,18:25:00,Credit card,5.0,0.33
4663,M015,Grand Prairie,Home and lifestyle,$73,2.0,11/11/25,17:37:00,Credit card,5.0,0.48
4664,M067,Haltom City,Fashion accessories,$22,3.0,30/09/25,16:22:00,Credit card,7.0,0.33
4665,M079,La Porte,Home and lifestyle,$45,1.0,19/08/25,16:06:00,Credit card,6.0,0.33
4666,M053,Conroe,Fashion accessories,$74,2.0,21/10/25,17:54:00,Credit card,4.0,0.21
4667,M059,Pflugerville,Home and lifestyle,$43,3.0,08/11/25,20:00:00,Credit card,6.0,0.33
4668,M008,Corpus Christi,Fashion accessories,$30,3.0,01/09/25,17:09:00,Credit card,9.0,0.48
4669,M085,Kerrville,Home and lifestyle,$69,1.0,08/12/25,15:31:00,Credit card,7.0,0.33
4670,M039,Longview,Fashion accessories,$18,3.0,10/09/25,18:46:00,Credit card,7.0,0.48
4671,M096,Eagle Pass,Home and lifestyle,$37,2.0,23/12/25,18:19:00,Credit card,6.0,0.18
4672,M081,Friendswood,Fashion accessories,$33,2.0,14/09/25,17:25:00,Credit card,8.0,0.33
4673,M066,Grapevine,Home and lifestyle,$64,2.0,29/11/25,18:57:00,Credit card,9.0,0.33
4674,M062,Galveston,Fashion accessories,$33,3.0,17/08/25,17:15:00,Credit card,5.0,0.33
4675,M048,Harlingen,Home and lifestyle,$37,2.0,16/09/25,17:56:00,Credit card,6.0,0.48
4676,M036,Allen,Fashion accessories,$71,3.0,13/09/25,19:39:00,Credit card,4.0,0.48
4677,M041,Mission,Home and lifestyle,$23,3.0,20/10/25,20:54:00,Ewallet,8.0,0.48
4678,M081,Friendswood,Fashion accessories,$55,3.0,02/08/25,18:51:00,Credit card,9.0,0.33
4679,M023,Midland,Home and lifestyle,$79,2.0,28/10/25,16:42:00,Credit card,8.0,0.48
4680,M083,Farmers Branch,Fashion accessories,$66,1.0,15/12/25,19:44:00,Credit card,4.0,0.33
4681,M005,Fort Worth,Home and lifestyle,$71,2.0,16/12/25,20:43:00,Credit card,9.0,0.48
4682,M012,Garland,Fashion accessories,$33,1.0,08/12/25,19:32:00,Credit card,7.0,0.48
4683,M060,DeSoto,Home and lifestyle,$21,3.0,14/11/25,19:24:00,Credit card,6.0,0.33
4684,M021,McAllen,Fashion accessories,$63,1.0,06/11/25,16:58:00,Credit card,4.0,0.48
4685,M041,Mission,Home and lifestyle,$39,3.0,07/11/25,15:51:00,Ewallet,5.0,0.48
4686,M068,Burleson,Fashion accessories,$22,3.0,31/12/25,16:22:00,Credit card,4.0,0.33
4687,M091,Little Elm,Home and lifestyle,$63,2.0,31/10/25,20:06:00,Credit card,8.0,0.33
4688,M001,Houston,Fashion accessories,$77,3.0,23/09/25,20:00:00,Credit card,6.0,0.36
4689,M016,Brownsville,Home and lifestyle,$31,1.0,11/09/25,17:35:00,Credit card,9.0,0.48
4690,M027,Abilene,Fashion accessories,$28,2.0,27/10/25,18:04:00,Credit card,7.0,0.48
4691,M095,Big Spring,Home and lifestyle,$78,2.0,17/11/25,16:41:00,Credit card,8.0,0.33
4692,M076,Huntsville,Fashion accessories,$17,1.0,13/10/25,20:06:00,Credit card,7.0,0.33
4693,M018,Frisco,Home and lifestyle,$26,3.0,13/08/25,18:54:00,Credit card,8.0,0.48
4694,M004,Austin,Fashion accessories,$73,1.0,16/08/25,18:57:00,Credit card,7.0,0.48
4695,M019,Pasadena,Home and lifestyle,$79,2.0,10/11/25,20:17:00,Credit card,9.0,0.48
4696,M067,Haltom City,Fashion accessories,$85,2.0,25/12/25,15:34:00,Credit card,8.0,0.33
4697,M085,Kerrville,Home and lifestyle,$19,3.0,02/10/25,20:26:00,Credit card,4.0,0.33
4698,M060,DeSoto,Fashion accessories,$80,3.0,07/11/25,16:51:00,Credit card,6.0,0.33
4699,M043,Baytown,Home and lifestyle,$61,2.0,05/09/25,15:48:00,Credit card,7.0,0.48
4700,M042,Bryan,Fashion accessories,$55,2.0,09/10/25,15:23:00,Credit card,4.0,0.48
4701,M093,Angleton,Home and lifestyle,$16,1.0,28/10/25,16:22:00,Credit card,5.0,0.33
4702,M052,Mansfield,Fashion accessories,$34,1.0,24/10/25,17:48:00,Credit card,5.0,0.57
4703,M051,New Braunfels,Home and lifestyle,$42,1.0,09/08/25,17:19:00,Credit card,8.0,0.48
4704,M022,Mesquite,Fashion accessories,$43,1.0,21/10/25,18:23:00,Credit card,6.0,0.48
4705,M090,Brownwood,Home and lifestyle,$60,3.0,22/10/25,16:50:00,Credit card,9.0,0.33
4706,M024,Carrollton,Fashion accessories,$22,2.0,15/09/25,15:26:00,Credit card,4.0,0.48
4707,M070,Hurst,Home and lifestyle,$48,1.0,26/09/25,16:17:00,Credit card,8.0,0.33
4708,M001,Houston,Fashion accessories,$52,1.0,26/09/25,16:25:00,Credit card,5.0,0.36
4709,M048,Harlingen,Home and lifestyle,$44,1.0,05/11/25,16:11:00,Credit card,7.0,0.48
4710,M047,Flower Mound,Fashion accessories,$57,2.0,04/08/25,16:03:00,Credit card,9.0,0.48
4711,M078,Del Rio,Home and lifestyle,$25,2.0,01/08/25,16:54:00,Credit card,4.0,0.33
4712,M057,Euless,Fashion accessories,$66,3.0,20/10/25,15:45:00,Credit card,9.0,0.33
4713,M048,Harlingen,Home and lifestyle,$81,2.0,27/11/25,17:47:00,Credit card,7.0,0.48
4714,M007,Arlington,Fashion accessories,$20,1.0,25/11/25,17:18:00,Credit card,5.0,0.48
4715,M008,Corpus Christi,Home and lifestyle,$62,3.0,15/08/25,20:54:00,Credit card,5.0,0.48
4716,M072,Lancaster,Fashion accessories,$63,1.0,13/09/25,17:45:00,Credit card,6.0,0.33
4717,M083,Farmers Branch,Home and lifestyle,$68,3.0,31/12/25,16:53:00,Credit card,6.0,0.33
4718,M078,Del Rio,Fashion accessories,$65,3.0,06/11/25,18:22:00,Credit card,7.0,0.33
4719,M053,Conroe,Home and lifestyle,$65,3.0,10/08/25,19:36:00,Credit card,8.0,0.57
4720,M080,Nacogdoches,Fashion accessories,$27,2.0,05/08/25,18:12:00,Credit card,4.0,0.33
4721,M024,Carrollton,Home and lifestyle,$18,3.0,20/09/25,18:47:00,Credit card,5.0,0.48
4722,M060,DeSoto,Fashion accessories,$26,3.0,25/12/25,19:55:00,Credit card,9.0,0.33
4723,M040,Edinburg,Home and lifestyle,$50,2.0,07/08/25,16:47:00,Credit card,7.0,0.48
4724,M090,Brownwood,Fashion accessories,$73,1.0,13/10/25,15:48:00,Credit card,7.0,0.33
4725,M021,McAllen,Home and lifestyle,$81,1.0,09/09/25,19:03:00,Credit card,7.0,0.48
4726,M080,Nacogdoches,Fashion accessories,$39,1.0,04/12/25,17:32:00,Credit card,6.0,0.33
4727,M023,Midland,Home and lifestyle,$31,1.0,28/12/25,19:26:00,Credit card,4.0,0.48
4728,M012,Garland,Fashion accessories,$70,3.0,13/10/25,16:38:00,Credit card,4.0,0.48
4729,M061,Cedar Park,Home and lifestyle,$58,3.0,16/08/25,17:13:00,Credit card,9.0,0.33
4730,M085,Kerrville,Fashion accessories,$27,3.0,29/12/25,20:19:00,Credit card,9.0,0.33
4731,M049,North Richland Hills,Home and lifestyle,$72,3.0,09/11/25,16:54:00,Credit card,6.0,0.48
4732,M068,Burleson,Fashion accessories,$34,2.0,17/10/25,15:04:00,Credit card,7.0,0.33
4733,M096,Eagle Pass,Home and lifestyle,$74,2.0,09/09/25,16:56:00,Credit card,4.0,0.18
4734,M016,Brownsville,Fashion accessories,$61,1.0,04/10/25,18:37:00,Credit card,7.0,0.48
4735,M014,Amarillo,Home and lifestyle,$18,3.0,01/09/25,18:57:00,Credit card,7.0,0.48
4736,M078,Del Rio,Fashion accessories,$66,1.0,15/11/25,15:09:00,Credit card,6.0,0.33
4737,M048,Harlingen,Home and lifestyle,$84,3.0,04/09/25,16:09:00,Credit card,9.0,0.48
4738,M100,Canyon,Fashion accessories,$66,3.0,26/09/25,16:25:00,Credit card,9.0,0.18
4739,M057,Euless,Home and lifestyle,$58,2.0,08/09/25,19:28:00,Credit card,8.0,0.33
4740,M066,Grapevine,Fashion accessories,$22,1.0,10/11/25,20:31:00,Credit card,7.0,0.33
4741,M008,Corpus Christi,Home and lifestyle,$34,3.0,14/11/25,18:57:00,Credit card,9.0,0.48
4742,M002,Dallas,Fashion accessories,$35,3.0,22/11/25,16:02:00,Credit card,9.0,0.36
4743,M064,Bedford,Home and lifestyle,$69,2.0,01/09/25,18:48:00,Credit card,9.0,0.33
4744,M083,Farmers Branch,Fashion accessories,$56,1.0,04/12/25,19:00:00,Credit card,6.0,0.33
4745,M017,McKinney,Home and lifestyle,$68,3.0,12/12/25,18:06:00,Credit card,4.0,0.48
4746,M040,Edinburg,Fashion accessories,$41,1.0,07/12/25,18:58:00,Credit card,5.0,0.48
4747,M012,Garland,Home and lifestyle,$34,1.0,22/11/25,16:41:00,Credit card,8.0,0.48
4748,M076,Huntsville,Fashion accessories,$48,2.0,01/10/25,20:34:00,Credit card,8.0,0.33
4749,M076,Huntsville,Home and lifestyle,$38,3.0,18/12/25,19:38:00,Credit card,7.0,0.33
4750,M033,Pearland,Fashion accessories,$40,3.0,06/12/25,20:21:00,Credit card,7.0,0.48
4751,M012,Garland,Home and lifestyle,$82,2.0,08/09/25,19:07:00,Credit card,6.0,0.48
4752,M048,Harlingen,Fashion accessories,$17,3.0,18/08/25,17:35:00,Credit card,8.0,0.48
4753,M083,Farmers Branch,Home and lifestyle,$29,3.0,19/12/25,18:48:00,Credit card,8.0,0.33
4754,M016,Brownsville,Fashion accessories,$61,3.0,15/12/25,16:04:00,Credit card,5.0,0.48
4755,M049,North Richland Hills,Home and lifestyle,$23,1.0,16/10/25,15:30:00,Credit card,7.0,0.48
4756,M009,Plano,Fashion accessories,$63,2.0,06/09/25,15:20:00,Credit card,6.0,0.48
4757,M048,Harlingen,Home and lifestyle,$66,3.0,01/10/25,20:39:00,Credit card,5.0,0.48
4758,M012,Garland,Fashion accessories,$39,3.0,25/09/25,18:27:00,Credit card,9.0,0.48
4759,M019,Pasadena,Home and lifestyle,$69,1.0,23/11/25,16:43:00,Credit card,9.0,0.48
4760,M094,Alamo,Fashion accessories,$50,1.0,02/08/25,19:37:00,Credit card,9.0,0.33
4761,M026,Denton,Home and lifestyle,$61,2.0,09/08/25,16:56:00,Credit card,6.0,0.48
4762,M005,Fort Worth,Fashion accessories,$83,1.0,26/10/25,17:43:00,Credit card,8.0,0.48
4763,M045,Missouri City,Home and lifestyle,$71,1.0,08/09/25,16:10:00,Credit card,7.0,0.48
4764,M045,Missouri City,Fashion accessories,$49,3.0,24/11/25,19:11:00,Credit card,4.0,0.48
4765,M031,Lewisville,Home and lifestyle,$48,1.0,01/10/25,15:47:00,Credit card,5.0,0.48
4766,M066,Grapevine,Fashion accessories,$62,1.0,24/08/25,19:34:00,Credit card,6.0,0.33
4767,M021,McAllen,Home and lifestyle,$67,3.0,25/10/25,17:37:00,Credit card,9.0,0.48
4768,M060,DeSoto,Fashion accessories,$52,1.0,19/12/25,18:13:00,Credit card,7.0,0.33
4769,M017,McKinney,Home and lifestyle,$78,3.0,13/08/25,19:50:00,Credit card,7.0,0.48
4770,M095,Big Spring,Fashion accessories,$35,1.0,21/11/25,17:15:00,Credit card,5.0,0.33
4771,M083,Farmers Branch,Home and lifestyle,$71,3.0,02/08/25,20:12:00,Credit card,4.0,0.33
4772,M080,Nacogdoches,Fashion accessories,$47,2.0,25/10/25,19:23:00,Credit card,7.0,0.33
4773,M076,Huntsville,Home and lifestyle,$41,2.0,21/12/25,18:10:00,Credit card,6.0,0.33
4774,M022,Mesquite,Fashion accessories,$72,1.0,15/11/25,19:29:00,Credit card,9.0,0.48
4775,M002,Dallas,Home and lifestyle,$51,1.0,03/09/25,16:31:00,Credit card,6.0,0.36
4776,M021,McAllen,Fashion accessories,$41,1.0,25/12/25,17:11:00,Credit card,5.0,0.48
4777,M096,Eagle Pass,Home and lifestyle,$67,1.0,11/12/25,20:28:00,Credit card,6.0,0.18
4778,M021,McAllen,Fashion accessories,$22,2.0,13/08/25,16:53:00,Credit card,7.0,0.48
4779,M058,Port Arthur,Home and lifestyle,$74,3.0,03/10/25,16:09:00,Credit card,7.0,0.33
4780,M020,Killeen,Fashion accessories,$27,1.0,09/08/25,20:44:00,Credit card,5.0,0.48
4781,M041,Mission,Home and lifestyle,$78,1.0,07/08/25,16:27:00,Ewallet,4.0,0.48
4782,M044,Pharr,Fashion accessories,$81,1.0,29/12/25,16:23:00,Credit card,5.0,0.48
4783,M041,Mission,Home and lifestyle,$59,2.0,15/08/25,19:05:00,Cash,6.0,0.48
4784,M072,Lancaster,Fashion accessories,$75,2.0,17/12/25,15:30:00,Credit card,5.0,0.33
4785,M039,Longview,Home and lifestyle,$29,1.0,30/10/25,20:50:00,Credit card,5.0,0.48
4786,M043,Baytown,Fashion accessories,$30,2.0,26/10/25,20:21:00,Credit card,9.0,0.48
4787,M026,Denton,Home and lifestyle,$44,2.0,10/08/25,17:34:00,Credit card,9.0,0.48
4788,M066,Grapevine,Fashion accessories,$69,2.0,27/12/25,16:13:00,Credit card,7.0,0.33
4789,M066,Grapevine,Home and lifestyle,$78,1.0,27/11/25,16:47:00,Credit card,9.0,0.33
4790,M083,Farmers Branch,Fashion accessories,$32,1.0,01/11/25,20:50:00,Credit card,7.0,0.33
4791,M094,Alamo,Home and lifestyle,$18,1.0,12/10/25,19:09:00,Credit card,4.0,0.33
4792,M047,Flower Mound,Fashion accessories,$15,2.0,28/11/25,20:47:00,Credit card,4.0,0.48
4793,M067,Haltom City,Home and lifestyle,$57,1.0,06/11/25,19:39:00,Credit card,7.0,0.33
4794,M070,Hurst,Fashion accessories,$50,3.0,31/10/25,15:42:00,Credit card,7.0,0.33
4795,M059,Pflugerville,Home and lifestyle,$67,3.0,18/12/25,15:41:00,Credit card,5.0,0.33
4796,M083,Farmers Branch,Fashion accessories,$19,1.0,24/11/25,18:45:00,Credit card,7.0,0.33
4797,M061,Cedar Park,Home and lifestyle,$60,3.0,29/08/25,20:02:00,Credit card,4.0,0.33
4798,M097,Alice,Fashion accessories,$42,1.0,10/09/25,20:20:00,Credit card,4.0,0.18
4799,M043,Baytown,Home and lifestyle,$26,3.0,24/11/25,20:32:00,Credit card,8.0,0.48
4800,M007,Arlington,Fashion accessories,$48,3.0,13/09/25,18:37:00,Credit card,7.0,0.48
4801,M064,Bedford,Home and lifestyle,$65,2.0,16/12/25,18:29:00,Credit card,9.0,0.33
4802,M080,Nacogdoches,Fashion accessories,$34,3.0,22/08/25,16:39:00,Credit card,8.0,0.33
4803,M043,Baytown,Home and lifestyle,$40,2.0,13/09/25,17:42:00,Credit card,9.0,0.48
4804,M019,Pasadena,Fashion accessories,$83,2.0,08/09/25,20:35:00,Credit card,5.0,0.48
4805,M001,Houston,Home and lifestyle,$84,1.0,27/10/25,19:39:00,Credit card,9.0,0.36
4806,M078,Del Rio,Fashion accessories,$84,3.0,28/11/25,18:15:00,Credit card,4.0,0.33
4807,M078,Del Rio,Home and lifestyle,$63,2.0,05/10/25,16:36:00,Credit card,4.0,0.33
4808,M011,Lubbock,Fashion accessories,$31,1.0,03/12/25,18:51:00,Credit card,8.0,0.48
4809,M076,Huntsville,Home and lifestyle,$26,2.0,13/10/25,17:39:00,Credit card,8.0,0.33
4810,M045,Missouri City,Fashion accessories,$31,2.0,27/09/25,18:41:00,Credit card,7.0,0.48
4811,M042,Bryan,Home and lifestyle,$27,1.0,31/08/25,17:58:00,Credit card,6.0,0.48
4812,M088,Cleburne,Fashion accessories,$50,3.0,15/12/25,18:20:00,Credit card,6.0,0.33
4813,M083,Farmers Branch,Home and lifestyle,$17,3.0,20/08/25,15:03:00,Credit card,5.0,0.33
4814,M043,Baytown,Fashion accessories,$80,3.0,01/11/25,15:50:00,Credit card,5.0,0.48
4815,M006,El Paso,Home and lifestyle,$48,1.0,09/12/25,16:17:00,Credit card,5.0,0.48
4816,M060,DeSoto,Fashion accessories,$41,3.0,10/12/25,17:17:00,Credit card,9.0,0.33
4817,M049,North Richland Hills,Home and lifestyle,$69,3.0,19/11/25,17:40:00,Credit card,8.0,0.48
4818,M096,Eagle Pass,Fashion accessories,$58,3.0,30/09/25,18:48:00,Credit card,6.0,0.18
4819,M088,Cleburne,Home and lifestyle,$62,2.0,31/10/25,18:15:00,Credit card,7.0,0.33
4820,M041,Mission,Fashion accessories,$52,2.0,04/12/25,15:35:00,Ewallet,7.0,0.48
4821,M019,Pasadena,Home and lifestyle,$43,3.0,29/10/25,15:44:00,Credit card,8.0,0.48
4822,M090,Brownwood,Fashion accessories,$55,3.0,07/11/25,17:39:00,Credit card,5.0,0.33
4823,M013,Irving,Home and lifestyle,$15,3.0,24/09/25,15:16:00,Credit card,7.0,0.48
4824,M002,Dallas,Fashion accessories,$42,1.0,25/08/25,20:49:00,Credit card,5.0,0.36
4825,M093,Angleton,Home and lifestyle,$51,3.0,05/09/25,18:03:00,Credit card,7.0,0.33
4826,M067,Haltom City,Fashion accessories,$39,3.0,29/10/25,18:11:00,Credit card,7.0,0.33
4827,M059,Pflugerville,Home and lifestyle,$40,2.0,26/09/25,19:07:00,Credit card,8.0,0.33
4828,M059,Pflugerville,Fashion accessories,$72,3.0,08/08/25,17:44:00,Credit card,9.0,0.33
4829,M027,Abilene,Home and lifestyle,$69,1.0,05/08/25,20:27:00,Credit card,6.0,0.48
4830,M041,Mission,Fashion accessories,$69,3.0,13/09/25,19:25:00,Cash,8.0,0.48
4831,M098,Mineral Wells,Home and lifestyle,$76,1.0,20/12/25,16:17:00,Credit card,7.0,0.18
4832,M005,Fort Worth,Fashion accessories,$31,1.0,09/10/25,18:08:00,Credit card,6.0,0.48
4833,M022,Mesquite,Home and lifestyle,$16,1.0,21/10/25,15:29:00,Credit card,8.0,0.48
4834,M039,Longview,Fashion accessories,$61,3.0,16/11/25,18:31:00,Credit card,9.0,0.48
4835,M017,McKinney,Home and lifestyle,$71,3.0,30/08/25,19:06:00,Credit card,6.0,0.48
4836,M092,Lake Jackson,Fashion accessories,$39,2.0,24/09/25,17:56:00,Credit card,6.0,0.33
4837,M010,Laredo,Home and lifestyle,$57,1.0,19/11/25,17:05:00,Credit card,5.0,0.48
4838,M081,Friendswood,Fashion accessories,$78,3.0,25/09/25,15:57:00,Credit card,6.0,0.33
4839,M095,Big Spring,Home and lifestyle,$72,2.0,20/09/25,20:12:00,Credit card,7.0,0.33
4840,M053,Conroe,Fashion accessories,$76,1.0,22/10/25,19:38:00,Credit card,4.0,0.21
4841,M021,McAllen,Home and lifestyle,$27,1.0,22/11/25,17:21:00,Credit card,4.0,0.48
4842,M016,Brownsville,Fashion accessories,$81,2.0,24/09/25,15:17:00,Credit card,9.0,0.48
4843,M052,Mansfield,Home and lifestyle,$33,3.0,08/09/25,18:58:00,Credit card,5.0,0.57
4844,M023,Midland,Fashion accessories,$37,3.0,21/09/25,20:55:00,Credit card,6.0,0.48
4845,M052,Mansfield,Home and lifestyle,$28,1.0,15/09/25,18:46:00,Credit card,7.0,0.57
4846,M095,Big Spring,Fashion accessories,$34,1.0,24/10/25,20:40:00,Credit card,7.0,0.33
4847,M069,Rockwall,Home and lifestyle,$54,3.0,23/12/25,15:53:00,Credit card,8.0,0.33
4848,M005,Fort Worth,Fashion accessories,$48,2.0,16/09/25,20:30:00,Credit card,4.0,0.48
4849,M068,Burleson,Home and lifestyle,$53,3.0,15/09/25,15:19:00,Credit card,8.0,0.33
4850,M068,Burleson,Fashion accessories,$54,3.0,15/10/25,19:32:00,Credit card,9.0,0.33
4851,M002,Dallas,Home and lifestyle,$62,2.0,10/12/25,18:11:00,Credit card,4.0,0.36
4852,M059,Pflugerville,Fashion accessories,$27,2.0,29/12/25,16:05:00,Credit card,9.0,0.33
4853,M016,Brownsville,Home and lifestyle,$33,3.0,27/10/25,19:55:00,Credit card,9.0,0.48
4854,M005,Fort Worth,Fashion accessories,$76,1.0,02/11/25,15:43:00,Credit card,8.0,0.48
4855,M091,Little Elm,Home and lifestyle,$85,1.0,31/08/25,15:02:00,Credit card,8.0,0.33
4856,M011,Lubbock,Fashion accessories,$75,2.0,29/12/25,19:56:00,Credit card,8.0,0.48
4857,M062,Galveston,Home and lifestyle,$22,3.0,15/10/25,17:19:00,Credit card,8.0,0.33
4858,M042,Bryan,Fashion accessories,$77,2.0,02/09/25,19:10:00,Credit card,6.0,0.48
4859,M088,Cleburne,Home and lifestyle,$29,1.0,14/12/25,17:12:00,Credit card,5.0,0.33
4860,M097,Alice,Fashion accessories,$82,1.0,14/10/25,16:30:00,Credit card,7.0,0.18
4861,M008,Corpus Christi,Home and lifestyle,$84,3.0,13/09/25,19:47:00,Credit card,4.0,0.48
4862,M022,Mesquite,Fashion accessories,$57,1.0,09/10/25,17:08:00,Credit card,6.0,0.48
4863,M013,Irving,Home and lifestyle,$72,2.0,27/10/25,17:54:00,Credit card,8.0,0.48
4864,M069,Rockwall,Fashion accessories,$45,1.0,26/09/25,16:44:00,Credit card,5.0,0.33
4865,M088,Cleburne,Home and lifestyle,$30,3.0,12/08/25,16:44:00,Credit card,8.0,0.33
4866,M001,Houston,Fashion accessories,$75,2.0,18/09/25,16:01:00,Credit card,9.0,0.36
4867,M013,Irving,Home and lifestyle,$69,2.0,07/09/25,18:13:00,Credit card,4.0,0.48
4868,M030,Richardson,Fashion accessories,$32,3.0,29/08/25,20:55:00,Credit card,4.0,0.48
4869,M091,Little Elm,Home and lifestyle,$28,3.0,23/09/25,18:10:00,Credit card,4.0,0.33
4870,M011,Lubbock,Fashion accessories,$63,2.0,01/11/25,20:54:00,Credit card,4.0,0.48
4871,M043,Baytown,Home and lifestyle,$31,1.0,01/10/25,15:03:00,Credit card,4.0,0.48
4872,M096,Eagle Pass,Fashion accessories,$39,3.0,26/12/25,17:06:00,Credit card,7.0,0.18
4873,M097,Alice,Home and lifestyle,$73,2.0,28/08/25,15:35:00,Credit card,6.0,0.18
4874,M083,Farmers Branch,Fashion accessories,$15,1.0,29/08/25,15:27:00,Credit card,7.0,0.33
4875,M094,Alamo,Home and lifestyle,$22,2.0,22/12/25,19:39:00,Credit card,5.0,0.33
4876,M014,Amarillo,Fashion accessories,$55,2.0,26/09/25,17:57:00,Credit card,6.0,0.48
4877,M043,Baytown,Home and lifestyle,$33,2.0,26/11/25,20:09:00,Credit card,8.0,0.48
4878,M020,Killeen,Fashion accessories,$31,2.0,10/08/25,16:09:00,Credit card,7.0,0.48
4879,M068,Burleson,Home and lifestyle,$36,2.0,06/08/25,20:30:00,Credit card,9.0,0.33
4880,M001,Houston,Fashion accessories,$47,1.0,06/10/25,17:51:00,Credit card,9.0,0.36
4881,M022,Mesquite,Home and lifestyle,$17,1.0,28/12/25,15:26:00,Credit card,4.0,0.48
4882,M039,Longview,Fashion accessories,$17,3.0,29/09/25,15:29:00,Credit card,7.0,0.48
4883,M064,Bedford,Home and lifestyle,$15,3.0,18/08/25,17:53:00,Credit card,8.0,0.33
4884,M012,Garland,Fashion accessories,$19,2.0,21/12/25,20:35:00,Credit card,7.0,0.48
4885,M049,North Richland Hills,Home and lifestyle,$62,1.0,19/08/25,20:09:00,Credit card,5.0,0.48
4886,M015,Grand Prairie,Fashion accessories,$65,3.0,10/12/25,17:47:00,Credit card,5.0,0.48
4887,M097,Alice,Home and lifestyle,$23,1.0,24/12/25,16:31:00,Credit card,5.0,0.18
4888,M053,Conroe,Fashion accessories,$79,3.0,24/09/25,18:24:00,Credit card,7.0,0.21
4889,M008,Corpus Christi,Home and lifestyle,$20,3.0,10/08/25,17:02:00,Credit card,4.0,0.48
4890,M092,Lake Jackson,Fashion accessories,$34,2.0,31/12/25,18:04:00,Credit card,9.0,0.33
4891,M090,Brownwood,Home and lifestyle,$85,1.0,11/11/25,20:56:00,Credit card,7.0,0.33
4892,M044,Pharr,Fashion accessories,$15,1.0,07/10/25,20:49:00,Credit card,4.0,0.48
4893,M009,Plano,Home and lifestyle,$71,2.0,16/08/25,16:29:00,Credit card,6.0,0.48
4894,M014,Amarillo,Fashion accessories,$69,1.0,01/12/25,15:45:00,Credit card,8.0,0.48
4895,M094,Alamo,Home and lifestyle,$30,3.0,17/11/25,18:20:00,Credit card,9.0,0.33
4896,M015,Grand Prairie,Fashion accessories,$40,3.0,22/12/25,20:27:00,Credit card,5.0,0.48
4897,M079,La Porte,Home and lifestyle,$15,1.0,18/09/25,16:20:00,Credit card,4.0,0.33
4898,M097,Alice,Fashion accessories,$21,2.0,06/12/25,20:40:00,Credit card,5.0,0.18
4899,M037,League City,Home and lifestyle,$22,3.0,30/09/25,20:03:00,Credit card,9.0,0.48
4900,M062,Galveston,Fashion accessories,$43,2.0,01/12/25,16:31:00,Credit card,5.0,0.33
4901,M019,Pasadena,Home and lifestyle,$18,2.0,11/11/25,18:23:00,Credit card,8.0,0.48
4902,M016,Brownsville,Fashion accessories,$70,1.0,01/08/25,20:08:00,Credit card,6.0,0.48
4903,M027,Abilene,Home and lifestyle,$54,3.0,02/09/25,18:13:00,Credit card,5.0,0.48
4904,M041,Mission,Fashion accessories,$81,2.0,20/08/25,18:25:00,Cash,7.0,0.48
4905,M036,Allen,Home and lifestyle,$58,1.0,09/12/25,18:27:00,Credit card,4.0,0.48
4906,M061,Cedar Park,Fashion accessories,$41,2.0,29/11/25,20:41:00,Credit card,4.0,0.33
4907,M002,Dallas,Home and lifestyle,$69,3.0,27/08/25,17:16:00,Credit card,5.0,0.36
4908,M095,Big Spring,Fashion accessories,$74,1.0,02/09/25,18:56:00,Credit card,7.0,0.33
4909,M001,Houston,Home and lifestyle,$33,1.0,24/12/25,15:03:00,Credit card,6.0,0.36
4910,M057,Euless,Fashion accessories,$68,2.0,23/12/25,18:36:00,Credit card,4.0,0.33
4911,M096,Eagle Pass,Home and lifestyle,$48,1.0,02/12/25,18:48:00,Credit card,9.0,0.18
4912,M015,Grand Prairie,Fashion accessories,$15,3.0,01/09/25,17:27:00,Credit card,9.0,0.48
4913,M063,Georgetown,Home and lifestyle,$50,2.0,06/09/25,17:56:00,Credit card,6.0,0.33
4914,M010,Laredo,Fashion accessories,$79,2.0,06/08/25,15:58:00,Credit card,5.0,0.48
4915,M041,Mission,Home and lifestyle,$48,1.0,22/08/25,18:05:00,Cash,4.0,0.48
4916,M066,Grapevine,Fashion accessories,$75,2.0,01/10/25,15:44:00,Credit card,6.0,0.33
4917,M039,Longview,Home and lifestyle,$36,3.0,30/09/25,18:44:00,Credit card,7.0,0.48
4918,M023,Midland,Fashion accessories,$80,2.0,10/12/25,20:25:00,Credit card,8.0,0.48
4919,M097,Alice,Home and lifestyle,$28,2.0,03/08/25,15:25:00,Credit card,7.0,0.18
4920,M042,Bryan,Fashion accessories,$73,3.0,28/12/25,19:04:00,Credit card,9.0,0.48
4921,M015,Grand Prairie,Home and lifestyle,$75,2.0,10/10/25,18:50:00,Credit card,7.0,0.48
4922,M066,Grapevine,Fashion accessories,$23,3.0,17/09/25,18:19:00,Credit card,5.0,0.33
4923,M081,Friendswood,Home and lifestyle,$28,1.0,04/08/25,16:35:00,Credit card,6.0,0.33
4924,M011,Lubbock,Fashion accessories,$72,1.0,01/12/25,18:41:00,Credit card,4.0,0.48
4925,M023,Midland,Home and lifestyle,$32,1.0,15/12/25,15:31:00,Credit card,4.0,0.48
4926,M004,Austin,Fashion accessories,$57,3.0,21/11/25,15:10:00,Credit card,7.0,0.48
4927,M006,El Paso,Home and lifestyle,$47,3.0,23/08/25,17:16:00,Credit card,6.0,0.48
4928,M083,Farmers Branch,Fashion accessories,$81,2.0,28/08/25,17:39:00,Credit card,8.0,0.33
4929,M019,Pasadena,Home and lifestyle,$42,3.0,17/08/25,19:47:00,Credit card,9.0,0.48
4930,M033,Pearland,Fashion accessories,$84,1.0,03/12/25,20:42:00,Credit card,7.0,0.48
4931,M008,Corpus Christi,Home and lifestyle,$34,1.0,13/12/25,18:09:00,Credit card,8.0,0.48
4932,M045,Missouri City,Fashion accessories,$83,2.0,07/10/25,16:52:00,Credit card,7.0,0.48
4933,M020,Killeen,Home and lifestyle,$54,1.0,25/11/25,17:46:00,Credit card,9.0,0.48
4934,M040,Edinburg,Fashion accessories,$63,2.0,02/10/25,18:47:00,Credit card,7.0,0.48
4935,M063,Georgetown,Home and lifestyle,$66,2.0,17/09/25,17:53:00,Credit card,6.0,0.33
4936,M068,Burleson,Fashion accessories,$20,1.0,17/10/25,17:08:00,Credit card,6.0,0.33
4937,M047,Flower Mound,Home and lifestyle,$27,2.0,18/10/25,19:11:00,Credit card,5.0,0.48
4938,M042,Bryan,Fashion accessories,$78,3.0,07/11/25,15:09:00,Credit card,9.0,0.48
4939,M005,Fort Worth,Home and lifestyle,$73,2.0,20/11/25,15:39:00,Credit card,6.0,0.48
4940,M034,College Station,Fashion accessories,$28,3.0,19/10/25,20:16:00,Credit card,4.0,0.48
4941,M096,Eagle Pass,Home and lifestyle,$63,3.0,01/11/25,20:04:00,Credit card,6.0,0.18
4942,M036,Allen,Fashion accessories,$16,1.0,02/12/25,18:58:00,Credit card,8.0,0.48
4943,M071,Lufkin,Home and lifestyle,$26,1.0,16/09/25,18:19:00,Credit card,9.0,0.33
4944,M043,Baytown,Fashion accessories,$27,3.0,26/10/25,19:33:00,Credit card,4.0,0.48
4945,M001,Houston,Home and lifestyle,$83,2.0,12/10/25,19:59:00,Credit card,6.0,0.36
4946,M034,College Station,Fashion accessories,$70,3.0,24/09/25,15:25:00,Credit card,5.0,0.48
4947,M002,Dallas,Home and lifestyle,$71,3.0,29/10/25,16:26:00,Credit card,5.0,0.36
4948,M034,College Station,Fashion accessories,$55,2.0,05/08/25,20:21:00,Credit card,9.0,0.48
4949,M026,Denton,Home and lifestyle,$20,1.0,21/08/25,15:46:00,Credit card,7.0,0.48
4950,M081,Friendswood,Fashion accessories,$48,1.0,12/12/25,20:05:00,Credit card,7.0,0.33
4951,M005,Fort Worth,Home and lifestyle,$41,2.0,01/12/25,16:39:00,Credit card,6.0,0.48
4952,M078,Del Rio,Fashion accessories,$81,3.0,01/10/25,20:41:00,Credit card,4.0,0.33
4953,M045,Missouri City,Home and lifestyle,$62,1.0,07/11/25,18:24:00,Credit card,4.0,0.48
4954,M069,Rockwall,Fashion accessories,$23,3.0,31/12/25,15:54:00,Credit card,8.0,0.33
4955,M095,Big Spring,Home and lifestyle,$66,3.0,31/08/25,19:03:00,Credit card,8.0,0.33
4956,M088,Cleburne,Fashion accessories,$63,2.0,15/10/25,18:48:00,Credit card,5.0,0.33
4957,M036,Allen,Home and lifestyle,$27,2.0,18/12/25,15:34:00,Credit card,9.0,0.48
4958,M057,Euless,Fashion accessories,$36,2.0,20/11/25,20:25:00,Credit card,7.0,0.33
4959,M090,Brownwood,Home and lifestyle,$53,1.0,25/12/25,18:12:00,Credit card,6.0,0.33
4960,M015,Grand Prairie,Fashion accessories,$65,1.0,19/12/25,19:40:00,Credit card,5.0,0.48
4961,M071,Lufkin,Home and lifestyle,$38,2.0,14/08/25,16:23:00,Credit card,4.0,0.33
4962,M016,Brownsville,Fashion accessories,$75,1.0,15/09/25,18:30:00,Credit card,7.0,0.48
4963,M051,New Braunfels,Home and lifestyle,$57,2.0,06/10/25,18:49:00,Credit card,8.0,0.48
4964,M040,Edinburg,Fashion accessories,$20,1.0,12/09/25,20:19:00,Credit card,8.0,0.48
4965,M091,Little Elm,Home and lifestyle,$62,3.0,13/09/25,19:20:00,Credit card,4.0,0.33
4966,M093,Angleton,Fashion accessories,$26,1.0,03/09/25,17:20:00,Credit card,5.0,0.33
4967,M044,Pharr,Home and lifestyle,$67,1.0,06/08/25,19:29:00,Credit card,8.0,0.48
4968,M064,Bedford,Fashion accessories,$81,2.0,30/09/25,16:47:00,Credit card,9.0,0.33
4969,M024,Carrollton,Home and lifestyle,$36,3.0,07/10/25,15:29:00,Credit card,6.0,0.48
4970,M070,Hurst,Fashion accessories,$70,3.0,07/08/25,20:11:00,Credit card,7.0,0.33
4971,M057,Euless,Home and lifestyle,$42,2.0,07/11/25,17:47:00,Credit card,9.0,0.33
4972,M068,Burleson,Fashion accessories,$46,1.0,26/11/25,18:05:00,Credit card,8.0,0.33
4973,M061,Cedar Park,Home and lifestyle,$76,2.0,21/12/25,18:56:00,Credit card,7.0,0.33
4974,M078,Del Rio,Fashion accessories,$35,3.0,29/10/25,15:23:00,Credit card,4.0,0.33
4975,M049,North Richland Hills,Home and lifestyle,$83,2.0,02/09/25,16:42:00,Credit card,4.0,0.48
4976,M020,Killeen,Fashion accessories,$55,2.0,01/10/25,15:48:00,Credit card,4.0,0.48
4977,M090,Brownwood,Home and lifestyle,$41,3.0,01/12/25,15:57:00,Credit card,7.0,0.33
4978,M078,Del Rio,Fashion accessories,$72,1.0,20/08/25,18:46:00,Credit card,9.0,0.33
4979,M028,Odessa,Home and lifestyle,$65,2.0,13/08/25,20:12:00,Credit card,5.0,0.48
4980,M058,Port Arthur,Fashion accessories,$35,1.0,20/09/25,18:10:00,Credit card,5.0,0.33
4981,M017,McKinney,Home and lifestyle,$58,3.0,06/11/25,15:05:00,Credit card,8.0,0.48
4982,M001,Houston,Fashion accessories,$67,1.0,24/12/25,20:40:00,Credit card,8.0,0.36
4983,M037,League City,Home and lifestyle,$56,1.0,28/09/25,16:59:00,Credit card,9.0,0.48
4984,M017,McKinney,Fashion accessories,$67,3.0,30/11/25,20:21:00,Credit card,4.0,0.48
4985,M024,Carrollton,Home and lifestyle,$79,1.0,22/09/25,17:21:00,Credit card,6.0,0.48
4986,M083,Farmers Branch,Fashion accessories,$43,3.0,05/10/25,19:05:00,Credit card,8.0,0.33
4987,M052,Mansfield,Home and lifestyle,$61,1.0,31/10/25,15:17:00,Credit card,8.0,0.57
4988,M059,Pflugerville,Fashion accessories,$57,3.0,25/09/25,18:15:00,Credit card,9.0,0.33
4989,M098,Mineral Wells,Home and lifestyle,$82,2.0,27/12/25,18:35:00,Credit card,9.0,0.18
4990,M060,DeSoto,Fashion accessories,$62,1.0,20/11/25,15:59:00,Credit card,5.0,0.33
4991,M015,Grand Prairie,Home and lifestyle,$63,2.0,29/11/25,16:49:00,Credit card,9.0,0.48
4992,M059,Pflugerville,Fashion accessories,$64,3.0,01/10/25,16:05:00,Credit card,8.0,0.33
4993,M017,McKinney,Home and lifestyle,$43,1.0,20/08/25,17:51:00,Credit card,6.0,0.48
4994,M043,Baytown,Fashion accessories,$70,3.0,01/12/25,17:11:00,Credit card,6.0,0.48
4995,M009,Plano,Home and lifestyle,$39,3.0,21/11/25,19:11:00,Credit card,6.0,0.48
4996,M001,Houston,Fashion accessories,$70,3.0,01/10/25,17:57:00,Credit card,8.0,0.36
4997,M060,DeSoto,Home and lifestyle,$19,3.0,15/09/25,17:59:00,Credit card,8.0,0.33
4998,M083,Farmers Branch,Fashion accessories,$67,2.0,17/09/25,20:35:00,Credit card,5.0,0.33
4999,M023,Midland,Home and lifestyle,$65,2.0,08/12/25,20:48:00,Credit card,6.0,0.48
5000,M052,Mansfield,Fashion accessories,$50,2.0,21/10/25,16:17:00,Credit card,7.0,0.57
5001,M068,Burleson,Home and lifestyle,$29,3.0,02/12/25,19:45:00,Credit card,5.0,0.33
5002,M085,Kerrville,Fashion accessories,$38,3.0,20/08/25,19:29:00,Credit card,5.0,0.33
5003,M051,New Braunfels,Home and lifestyle,$84,1.0,13/11/25,18:29:00,Credit card,9.0,0.48
5004,M063,Georgetown,Fashion accessories,$33,1.0,17/12/25,17:14:00,Credit card,4.0,0.33
5005,M072,Lancaster,Home and lifestyle,$61,3.0,25/08/25,16:37:00,Credit card,4.0,0.33
5006,M031,Lewisville,Fashion accessories,$53,1.0,20/08/25,17:39:00,Credit card,5.0,0.48
5007,M012,Garland,Home and lifestyle,$47,3.0,15/08/25,18:41:00,Credit card,8.0,0.48
5008,M069,Rockwall,Fashion accessories,$83,1.0,15/12/25,17:08:00,Credit card,9.0,0.33
5009,M048,Harlingen,Home and lifestyle,$61,3.0,02/08/25,19:48:00,Credit card,4.0,0.48
5010,M063,Georgetown,Fashion accessories,$26,1.0,17/12/25,19:05:00,Credit card,8.0,0.33
5011,M008,Corpus Christi,Home and lifestyle,$73,3.0,29/09/25,19:08:00,Credit card,8.0,0.48
5012,M052,Mansfield,Fashion accessories,$16,2.0,06/11/25,19:16:00,Credit card,4.0,0.57
5013,M072,Lancaster,Home and lifestyle,$75,1.0,28/11/25,20:57:00,Credit card,9.0,0.33
5014,M041,Mission,Fashion accessories,$34,3.0,26/10/25,19:44:00,Cash,6.0,0.48
5015,M018,Frisco,Home and lifestyle,$20,1.0,22/09/25,15:40:00,Credit card,6.0,0.48
5016,M023,Midland,Fashion accessories,$24,3.0,21/08/25,17:40:00,Credit card,8.0,0.48
5017,M007,Arlington,Home and lifestyle,$63,2.0,04/08/25,20:57:00,Credit card,5.0,0.48
5018,M052,Mansfield,Fashion accessories,$29,1.0,15/08/25,19:50:00,Credit card,9.0,0.57
5019,M067,Haltom City,Home and lifestyle,$79,1.0,22/11/25,19:16:00,Credit card,8.0,0.33
5020,M041,Mission,Fashion accessories,$21,2.0,24/09/25,19:56:00,Cash,9.0,0.48
5021,M096,Eagle Pass,Home and lifestyle,$73,1.0,14/11/25,18:11:00,Credit card,8.0,0.18
5022,M031,Lewisville,Fashion accessories,$30,2.0,28/09/25,20:49:00,Credit card,7.0,0.48
5023,M080,Nacogdoches,Home and lifestyle,$82,1.0,20/10/25,15:59:00,Credit card,9.0,0.33
5024,M041,Mission,Fashion accessories,$48,1.0,17/10/25,16:07:00,Cash,9.0,0.48
5025,M051,New Braunfels,Home and lifestyle,$81,3.0,04/10/25,19:41:00,Credit card,5.0,0.48
5026,M095,Big Spring,Fashion accessories,$69,2.0,04/10/25,19:49:00,Credit card,5.0,0.33
5027,M009,Plano,Home and lifestyle,$16,3.0,02/08/25,18:43:00,Credit card,7.0,0.48
5028,M019,Pasadena,Fashion accessories,$67,3.0,07/09/25,20:57:00,Credit card,6.0,0.48
5029,M040,Edinburg,Home and lifestyle,$45,1.0,08/08/25,20:29:00,Credit card,4.0,0.48
5030,M096,Eagle Pass,Fashion accessories,$32,3.0,18/09/25,16:39:00,Credit card,4.0,0.18
5031,M040,Edinburg,Home and lifestyle,$73,1.0,28/08/25,18:02:00,Credit card,4.0,0.48
5032,M058,Port Arthur,Fashion accessories,$84,2.0,22/11/25,16:53:00,Credit card,8.0,0.33
5033,M081,Friendswood,Home and lifestyle,$83,1.0,21/10/25,20:24:00,Credit card,8.0,0.33
5034,M010,Laredo,Fashion accessories,$16,1.0,11/10/25,15:19:00,Credit card,9.0,0.48
5035,M079,La Porte,Home and lifestyle,$35,2.0,06/11/25,17:47:00,Credit card,6.0,0.33
5036,M044,Pharr,Fashion accessories,$35,3.0,22/09/25,17:38:00,Credit card,7.0,0.48
5037,M095,Big Spring,Home and lifestyle,$49,2.0,18/09/25,15:55:00,Credit card,8.0,0.33
5038,M070,Hurst,Fashion accessories,$60,2.0,03/09/25,17:14:00,Credit card,5.0,0.33
5039,M006,El Paso,Home and lifestyle,$82,1.0,14/08/25,19:54:00,Credit card,5.0,0.48
5040,M100,Canyon,Fashion accessories,$15,3.0,14/11/25,19:01:00,Credit card,7.0,0.18
5041,M005,Fort Worth,Home and lifestyle,$30,1.0,06/10/25,16:33:00,Credit card,6.0,0.48
5042,M002,Dallas,Fashion accessories,$67,1.0,20/09/25,15:36:00,Credit card,5.0,0.36
5043,M014,Amarillo,Home and lifestyle,$50,3.0,06/08/25,20:14:00,Credit card,9.0,0.48
5044,M051,New Braunfels,Fashion accessories,$68,1.0,07/10/25,19:00:00,Credit card,7.0,0.57
5045,M060,DeSoto,Home and lifestyle,$19,2.0,03/12/25,18:47:00,Credit card,7.0,0.33
5046,M039,Longview,Fashion accessories,$15,3.0,30/10/25,18:11:00,Credit card,4.0,0.48
5047,M028,Odessa,Home and lifestyle,$58,3.0,02/09/25,17:27:00,Credit card,8.0,0.48
5048,M006,El Paso,Fashion accessories,$83,1.0,22/09/25,18:11:00,Credit card,4.0,0.48
5049,M036,Allen,Home and lifestyle,$27,1.0,28/12/25,16:18:00,Credit card,9.0,0.48
5050,M070,Hurst,Fashion accessories,$67,2.0,27/11/25,15:50:00,Credit card,9.0,0.33
5051,M078,Del Rio,Home and lifestyle,$64,2.0,10/09/25,19:07:00,Credit card,6.0,0.33
5052,M033,Pearland,Fashion accessories,$49,2.0,18/08/25,17:14:00,Credit card,5.0,0.48
5053,M026,Denton,Home and lifestyle,$27,2.0,30/11/25,16:09:00,Credit card,5.0,0.48
5054,M027,Abilene,Fashion accessories,$53,3.0,02/10/25,18:02:00,Credit card,8.0,0.48
5055,M072,Lancaster,Home and lifestyle,$19,2.0,02/09/25,17:21:00,Credit card,6.0,0.33
5056,M033,Pearland,Fashion accessories,$26,3.0,27/11/25,19:10:00,Credit card,6.0,0.48
5057,M019,Pasadena,Home and lifestyle,$29,3.0,14/10/25,18:18:00,Credit card,6.0,0.48
5058,M013,Irving,Fashion accessories,$68,1.0,11/11/25,16:12:00,Credit card,9.0,0.48
5059,M095,Big Spring,Home and lifestyle,$25,3.0,11/10/25,17:37:00,Credit card,6.0,0.33
5060,M031,Lewisville,Fashion accessories,$46,2.0,16/10/25,19:40:00,Credit card,9.0,0.48
5061,M068,Burleson,Home and lifestyle,$75,2.0,28/10/25,15:32:00,Credit card,6.0,0.33
5062,M076,Huntsville,Fashion accessories,$19,2.0,14/11/25,20:55:00,Credit card,5.0,0.33
5063,M013,Irving,Home and lifestyle,$65,3.0,09/11/25,16:03:00,Credit card,9.0,0.48
5064,M044,Pharr,Fashion accessories,$40,2.0,25/10/25,20:47:00,Credit card,5.0,0.48
5065,M098,Mineral Wells,Home and lifestyle,$60,3.0,17/10/25,18:42:00,Credit card,9.0,0.18
5066,M021,McAllen,Fashion accessories,$79,2.0,25/10/25,15:55:00,Credit card,9.0,0.48
5067,M020,Killeen,Home and lifestyle,$30,1.0,31/10/25,19:13:00,Credit card,9.0,0.48
5068,M017,McKinney,Fashion accessories,$68,3.0,16/10/25,17:02:00,Credit card,8.0,0.48
5069,M031,Lewisville,Home and lifestyle,$19,2.0,20/08/25,19:13:00,Credit card,4.0,0.48
5070,M044,Pharr,Fashion accessories,$68,1.0,10/11/25,17:42:00,Credit card,8.0,0.48
5071,M034,College Station,Home and lifestyle,$28,1.0,06/09/25,19:26:00,Credit card,6.0,0.48
5072,M076,Huntsville,Fashion accessories,$49,2.0,02/12/25,16:40:00,Credit card,9.0,0.33
5073,M097,Alice,Home and lifestyle,$37,1.0,29/09/25,17:03:00,Credit card,5.0,0.18
5074,M013,Irving,Fashion accessories,$18,2.0,22/08/25,19:00:00,Credit card,9.0,0.48
5075,M052,Mansfield,Home and lifestyle,$70,3.0,26/12/25,16:55:00,Credit card,8.0,0.57
5076,M078,Del Rio,Fashion accessories,$70,3.0,25/12/25,16:30:00,Credit card,6.0,0.33
5077,M022,Mesquite,Home and lifestyle,$47,2.0,08/08/25,19:04:00,Credit card,6.0,0.48
5078,M020,Killeen,Fashion accessories,$65,1.0,03/11/25,17:53:00,Credit card,8.0,0.48
5079,M014,Amarillo,Home and lifestyle,$62,2.0,30/09/25,20:20:00,Credit card,4.0,0.48
5080,M070,Hurst,Fashion accessories,$27,2.0,12/11/25,16:01:00,Credit card,8.0,0.33
5081,M006,El Paso,Home and lifestyle,$64,2.0,21/11/25,15:56:00,Credit card,5.0,0.48
5082,M010,Laredo,Fashion accessories,$78,2.0,18/08/25,15:47:00,Credit card,9.0,0.48
5083,M063,Georgetown,Home and lifestyle,$71,2.0,11/11/25,18:14:00,Credit card,6.0,0.33
5084,M049,North Richland Hills,Fashion accessories,$83,1.0,27/10/25,19:57:00,Credit card,5.0,0.48
5085,M005,Fort Worth,Home and lifestyle,$48,2.0,10/09/25,17:44:00,Credit card,8.0,0.48
5086,M078,Del Rio,Fashion accessories,$69,3.0,17/10/25,16:39:00,Credit card,5.0,0.33
5087,M066,Grapevine,Home and lifestyle,$37,3.0,11/11/25,19:07:00,Credit card,5.0,0.33
5088,M041,Mission,Fashion accessories,$17,1.0,03/08/25,15:08:00,Cash,6.0,0.48
5089,M092,Lake Jackson,Home and lifestyle,$19,1.0,21/08/25,17:02:00,Credit card,9.0,0.33
5090,M004,Austin,Fashion accessories,$67,2.0,30/10/25,20:10:00,Credit card,6.0,0.48
5091,M027,Abilene,Home and lifestyle,$66,2.0,01/09/25,19:14:00,Credit card,4.0,0.48
5092,M011,Lubbock,Fashion accessories,$18,1.0,22/09/25,18:30:00,Credit card,7.0,0.48
5093,M020,Killeen,Home and lifestyle,$28,3.0,04/09/25,20:16:00,Credit card,7.0,0.48
5094,M014,Amarillo,Fashion accessories,$28,2.0,02/10/25,20:04:00,Credit card,8.0,0.48
5095,M026,Denton,Home and lifestyle,$73,3.0,30/12/25,15:17:00,Credit card,9.0,0.48
5096,M067,Haltom City,Fashion accessories,$51,1.0,22/10/25,18:03:00,Credit card,4.0,0.33
5097,M081,Friendswood,Home and lifestyle,$59,3.0,13/08/25,16:00:00,Credit card,4.0,0.33
5098,M028,Odessa,Fashion accessories,$60,3.0,04/09/25,20:09:00,Credit card,5.0,0.48
5099,M009,Plano,Home and lifestyle,$42,2.0,26/10/25,17:21:00,Credit card,9.0,0.48
5100,M071,Lufkin,Fashion accessories,$81,1.0,08/12/25,17:36:00,Credit card,7.0,0.33
5101,M059,Pflugerville,Home and lifestyle,$75,1.0,16/10/25,20:57:00,Credit card,6.0,0.33
5102,M062,Galveston,Fashion accessories,$64,2.0,12/08/25,15:22:00,Credit card,7.0,0.33
5103,M072,Lancaster,Home and lifestyle,$45,2.0,09/12/25,16:46:00,Credit card,6.0,0.33
5104,M059,Pflugerville,Fashion accessories,$42,1.0,14/11/25,15:26:00,Credit card,7.0,0.33
5105,M023,Midland,Home and lifestyle,$38,2.0,21/10/25,15:52:00,Credit card,8.0,0.48
5106,M008,Corpus Christi,Fashion accessories,$56,1.0,15/08/25,19:27:00,Credit card,4.0,0.48
5107,M093,Angleton,Home and lifestyle,$74,2.0,21/10/25,16:38:00,Credit card,6.0,0.33
5108,M002,Dallas,Fashion accessories,$38,1.0,16/09/25,17:48:00,Credit card,9.0,0.36
5109,M094,Alamo,Home and lifestyle,$33,2.0,18/10/25,17:57:00,Credit card,5.0,0.33
5110,M072,Lancaster,Fashion accessories,$33,3.0,10/12/25,16:57:00,Credit card,5.0,0.33
5111,M069,Rockwall,Home and lifestyle,$62,3.0,31/08/25,17:16:00,Credit card,9.0,0.33
5112,M090,Brownwood,Fashion accessories,$29,1.0,21/09/25,17:22:00,Credit card,7.0,0.33
5113,M023,Midland,Home and lifestyle,$29,2.0,16/08/25,18:29:00,Credit card,5.0,0.48
5114,M051,New Braunfels,Fashion accessories,$36,1.0,27/08/25,20:31:00,Credit card,7.0,0.57
5115,M060,DeSoto,Home and lifestyle,$65,1.0,04/08/25,17:11:00,Credit card,6.0,0.33
5116,M083,Farmers Branch,Fashion accessories,$28,3.0,14/12/25,19:44:00,Credit card,7.0,0.33
5117,M028,Odessa,Home and lifestyle,$71,3.0,09/12/25,18:22:00,Credit card,5.0,0.48
5118,M061,Cedar Park,Fashion accessories,$19,1.0,08/11/25,19:31:00,Credit card,5.0,0.33
5119,M017,McKinney,Home and lifestyle,$33,1.0,03/12/25,19:11:00,Credit card,9.0,0.48
5120,M047,Flower Mound,Fashion accessories,$43,1.0,14/08/25,16:39:00,Credit card,4.0,0.48
5121,M093,Angleton,Home and lifestyle,$59,1.0,06/09/25,18:19:00,Credit card,7.0,0.33
5122,M090,Brownwood,Fashion accessories,$30,2.0,05/12/25,15:16:00,Credit card,6.0,0.33
5123,M085,Kerrville,Home and lifestyle,$62,1.0,21/08/25,19:11:00,Credit card,4.0,0.33
5124,M085,Kerrville,Fashion accessories,$68,1.0,13/08/25,16:01:00,Credit card,7.0,0.33
5125,M034,College Station,Home and lifestyle,$38,1.0,26/08/25,15:02:00,Credit card,8.0,0.48
5126,M020,Killeen,Fashion accessories,$48,2.0,28/12/25,19:16:00,Credit card,5.0,0.48
5127,M023,Midland,Home and lifestyle,$78,1.0,04/12/25,19:11:00,Credit card,5.0,0.48
5128,M076,Huntsville,Fashion accessories,$37,1.0,09/11/25,17:09:00,Credit card,6.0,0.33
5129,M100,Canyon,Home and lifestyle,$61,3.0,10/10/25,20:25:00,Credit card,4.0,0.18
5130,M091,Little Elm,Fashion accessories,$32,3.0,25/12/25,15:49:00,Credit card,4.0,0.33
5131,M088,Cleburne,Home and lifestyle,$65,1.0,02/11/25,18:10:00,Credit card,8.0,0.33
5132,M026,Denton,Fashion accessories,$20,2.0,03/10/25,20:25:00,Credit card,8.0,0.48
5133,M072,Lancaster,Home and lifestyle,$42,1.0,13/11/25,20:36:00,Credit card,7.0,0.33
5134,M096,Eagle Pass,Fashion accessories,$54,2.0,28/12/25,19:49:00,Credit card,5.0,0.18
5135,M012,Garland,Home and lifestyle,$24,2.0,21/09/25,16:43:00,Credit card,7.0,0.48
5136,M095,Big Spring,Fashion accessories,$38,3.0,15/08/25,15:12:00,Credit card,4.0,0.33
5137,M095,Big Spring,Home and lifestyle,$22,2.0,01/10/25,20:48:00,Credit card,8.0,0.33
5138,M014,Amarillo,Fashion accessories,$43,3.0,13/10/25,15:10:00,Credit card,4.0,0.48
5139,M081,Friendswood,Home and lifestyle,$75,3.0,22/11/25,19:14:00,Credit card,6.0,0.33
5140,M052,Mansfield,Fashion accessories,$25,2.0,09/11/25,19:36:00,Credit card,5.0,0.57
5141,M020,Killeen,Home and lifestyle,$35,3.0,09/08/25,19:23:00,Credit card,6.0,0.48
5142,M072,Lancaster,Fashion accessories,$62,2.0,15/11/25,16:25:00,Credit card,5.0,0.33
5143,M012,Garland,Home and lifestyle,$62,1.0,22/09/25,18:55:00,Credit card,4.0,0.48
5144,M057,Euless,Fashion accessories,$20,2.0,01/10/25,19:28:00,Credit card,8.0,0.33
5145,M023,Midland,Home and lifestyle,$25,3.0,14/08/25,17:02:00,Credit card,9.0,0.48
5146,M020,Killeen,Fashion accessories,$69,3.0,10/10/25,19:02:00,Credit card,8.0,0.48
5147,M006,El Paso,Home and lifestyle,$48,3.0,19/09/25,15:30:00,Credit card,5.0,0.48
5148,M033,Pearland,Fashion accessories,$59,3.0,20/08/25,20:40:00,Credit card,5.0,0.48
5149,M005,Fort Worth,Home and lifestyle,$49,3.0,30/08/25,17:45:00,Credit card,7.0,0.48
5150,M027,Abilene,Fashion accessories,$17,2.0,11/11/25,16:14:00,Credit card,9.0,0.48
5151,M004,Austin,Home and lifestyle,$55,1.0,19/10/25,15:04:00,Credit card,7.0,0.48
5152,M005,Fort Worth,Fashion accessories,$24,2.0,03/10/25,18:27:00,Credit card,4.0,0.48
5153,M091,Little Elm,Home and lifestyle,$32,1.0,26/08/25,15:32:00,Credit card,7.0,0.33
5154,M011,Lubbock,Fashion accessories,$29,2.0,04/09/25,15:42:00,Credit card,4.0,0.48
5155,M024,Carrollton,Home and lifestyle,$42,1.0,22/08/25,20:32:00,Credit card,6.0,0.48
5156,M017,McKinney,Fashion accessories,$67,3.0,28/09/25,17:29:00,Credit card,8.0,0.48
5157,M060,DeSoto,Home and lifestyle,$79,1.0,13/10/25,17:16:00,Credit card,5.0,0.33
5158,M070,Hurst,Fashion accessories,$53,3.0,11/10/25,20:49:00,Credit card,4.0,0.33
5159,M060,DeSoto,Home and lifestyle,$51,3.0,15/08/25,15:20:00,Credit card,7.0,0.33
5160,M026,Denton,Fashion accessories,$83,3.0,03/10/25,15:47:00,Credit card,6.0,0.48
5161,M006,El Paso,Home and lifestyle,$78,2.0,26/11/25,19:20:00,Credit card,4.0,0.48
5162,M098,Mineral Wells,Fashion accessories,$46,2.0,25/08/25,16:25:00,Credit card,6.0,0.18
5163,M028,Odessa,Home and lifestyle,$69,2.0,13/08/25,19:03:00,Credit card,9.0,0.48
5164,M014,Amarillo,Fashion accessories,$49,1.0,17/08/25,15:43:00,Credit card,7.0,0.48
5165,M045,Missouri City,Home and lifestyle,$16,3.0,23/09/25,16:21:00,Credit card,9.0,0.48
5166,M015,Grand Prairie,Fashion accessories,$62,2.0,29/09/25,16:21:00,Credit card,5.0,0.48
5167,M015,Grand Prairie,Home and lifestyle,$69,2.0,01/08/25,20:39:00,Credit card,8.0,0.48
5168,M021,McAllen,Fashion accessories,$39,1.0,14/12/25,18:58:00,Credit card,4.0,0.48
5169,M012,Garland,Home and lifestyle,$32,2.0,19/10/25,17:30:00,Credit card,8.0,0.48
5170,M037,League City,Fashion accessories,$69,1.0,01/10/25,15:05:00,Credit card,4.0,0.48
5171,M062,Galveston,Home and lifestyle,$28,2.0,01/12/25,18:19:00,Credit card,8.0,0.33
5172,M034,College Station,Fashion accessories,$43,3.0,25/10/25,18:29:00,Credit card,9.0,0.48
5173,M034,College Station,Home and lifestyle,$83,1.0,29/08/25,18:37:00,Credit card,9.0,0.48
5174,M060,DeSoto,Fashion accessories,$47,2.0,25/09/25,18:30:00,Credit card,5.0,0.33
5175,M060,DeSoto,Home and lifestyle,$43,1.0,20/11/25,17:15:00,Credit card,5.0,0.33
5176,M027,Abilene,Fashion accessories,$84,3.0,21/09/25,18:49:00,Credit card,8.0,0.48
5177,M036,Allen,Home and lifestyle,$64,2.0,01/11/25,17:00:00,Credit card,7.0,0.48
5178,M002,Dallas,Fashion accessories,$78,1.0,19/12/25,20:44:00,Credit card,5.0,0.36
5179,M092,Lake Jackson,Home and lifestyle,$55,3.0,25/11/25,19:56:00,Credit card,7.0,0.33
5180,M007,Arlington,Fashion accessories,$76,2.0,21/10/25,18:37:00,Credit card,6.0,0.48
5181,M023,Midland,Home and lifestyle,$34,1.0,30/09/25,19:50:00,Credit card,5.0,0.48
5182,M019,Pasadena,Fashion accessories,$44,2.0,12/08/25,19:26:00,Credit card,5.0,0.48
5183,M041,Mission,Home and lifestyle,$49,3.0,14/09/25,20:19:00,Ewallet,6.0,0.48
5184,M027,Abilene,Fashion accessories,$23,3.0,03/08/25,15:02:00,Credit card,5.0,0.48
5185,M043,Baytown,Home and lifestyle,$63,2.0,02/08/25,18:50:00,Credit card,6.0,0.48
5186,M063,Georgetown,Fashion accessories,$60,3.0,02/11/25,18:14:00,Credit card,4.0,0.33
5187,M004,Austin,Home and lifestyle,$84,2.0,29/12/25,17:10:00,Credit card,8.0,0.48
5188,M063,Georgetown,Fashion accessories,$85,3.0,24/12/25,16:41:00,Credit card,7.0,0.33
5189,M071,Lufkin,Home and lifestyle,$16,1.0,10/12/25,19:34:00,Credit card,9.0,0.33
5190,M001,Houston,Fashion accessories,$54,1.0,10/11/25,20:36:00,Credit card,9.0,0.36
5191,M048,Harlingen,Home and lifestyle,$81,2.0,08/10/25,18:42:00,Credit card,5.0,0.48
5192,M023,Midland,Fashion accessories,$38,2.0,08/09/25,17:25:00,Credit card,8.0,0.48
5193,M047,Flower Mound,Home and lifestyle,$40,3.0,26/11/25,15:34:00,Credit card,5.0,0.48
5194,M092,Lake Jackson,Fashion accessories,$71,1.0,27/09/25,15:11:00,Credit card,6.0,0.33
5195,M019,Pasadena,Home and lifestyle,$24,1.0,17/09/25,17:25:00,Credit card,6.0,0.48
5196,M059,Pflugerville,Fashion accessories,$68,1.0,06/08/25,20:58:00,Credit card,8.0,0.33
5197,M024,Carrollton,Home and lifestyle,$16,3.0,30/11/25,19:00:00,Credit card,6.0,0.48
5198,M072,Lancaster,Fashion accessories,$29,2.0,05/09/25,16:07:00,Credit card,5.0,0.33
5199,M041,Mission,Home and lifestyle,$21,1.0,03/12/25,20:31:00,Ewallet,4.0,0.48
5200,M005,Fort Worth,Fashion accessories,$68,3.0,17/09/25,20:47:00,Credit card,8.0,0.48
5201,M083,Farmers Branch,Home and lifestyle,$47,2.0,03/08/25,16:36:00,Credit card,5.0,0.33
5202,M017,McKinney,Fashion accessories,$29,3.0,30/11/25,20:09:00,Credit card,4.0,0.48
5203,M090,Brownwood,Home and lifestyle,$48,3.0,28/09/25,17:27:00,Credit card,5.0,0.33
5204,M068,Burleson,Fashion accessories,$84,2.0,08/12/25,20:20:00,Credit card,5.0,0.33
5205,M058,Port Arthur,Home and lifestyle,$80,2.0,25/08/25,17:23:00,Credit card,8.0,0.33
5206,M006,El Paso,Fashion accessories,$76,2.0,17/12/25,15:27:00,Credit card,7.0,0.48
5207,M010,Laredo,Home and lifestyle,$74,1.0,02/12/25,19:28:00,Credit card,6.0,0.48
5208,M057,Euless,Fashion accessories,$76,1.0,10/09/25,16:41:00,Credit card,8.0,0.33
5209,M042,Bryan,Home and lifestyle,$28,3.0,28/08/25,16:28:00,Credit card,9.0,0.48
5210,M002,Dallas,Fashion accessories,$36,1.0,13/08/25,15:47:00,Credit card,7.0,0.36
5211,M048,Harlingen,Home and lifestyle,$37,2.0,21/08/25,15:40:00,Credit card,9.0,0.48
5212,M005,Fort Worth,Fashion accessories,$24,1.0,30/08/25,20:43:00,Credit card,8.0,0.48
5213,M076,Huntsville,Home and lifestyle,$44,1.0,27/10/25,17:59:00,Credit card,4.0,0.33
5214,M018,Frisco,Fashion accessories,$34,2.0,23/11/25,18:39:00,Credit card,7.0,0.48
5215,M024,Carrollton,Home and lifestyle,$41,2.0,21/08/25,16:32:00,Credit card,6.0,0.48
5216,M061,Cedar Park,Fashion accessories,$84,2.0,26/11/25,15:43:00,Credit card,8.0,0.33
5217,M031,Lewisville,Home and lifestyle,$36,2.0,08/11/25,17:50:00,Credit card,6.0,0.48
5218,M079,La Porte,Fashion accessories,$30,1.0,21/11/25,20:35:00,Credit card,8.0,0.33
5219,M057,Euless,Home and lifestyle,$23,1.0,06/12/25,15:43:00,Credit card,6.0,0.33
5220,M066,Grapevine,Fashion accessories,$25,1.0,07/10/25,17:24:00,Credit card,9.0,0.33
5221,M051,New Braunfels,Home and lifestyle,$19,1.0,13/08/25,18:04:00,Credit card,4.0,0.48
5222,M015,Grand Prairie,Fashion accessories,$80,3.0,07/11/25,19:48:00,Credit card,4.0,0.48
5223,M100,Canyon,Home and lifestyle,$40,1.0,16/11/25,17:49:00,Credit card,8.0,0.18
5224,M068,Burleson,Fashion accessories,$80,1.0,17/10/25,15:39:00,Credit card,8.0,0.33
5225,M080,Nacogdoches,Home and lifestyle,$55,3.0,09/11/25,15:49:00,Credit card,7.0,0.33
5226,M042,Bryan,Fashion accessories,$51,3.0,16/11/25,17:06:00,Credit card,9.0,0.48
5227,M005,Fort Worth,Home and lifestyle,$47,2.0,30/08/25,18:52:00,Credit card,5.0,0.48
5228,M048,Harlingen,Fashion accessories,$82,2.0,17/08/25,19:54:00,Credit card,8.0,0.48
5229,M004,Austin,Home and lifestyle,$70,3.0,29/08/25,18:15:00,Credit card,7.0,0.48
5230,M043,Baytown,Fashion accessories,$63,3.0,25/11/25,19:09:00,Credit card,7.0,0.48
5231,M030,Richardson,Home and lifestyle,$27,2.0,06/09/25,18:23:00,Credit card,4.0,0.48
5232,M092,Lake Jackson,Fashion accessories,$29,1.0,09/10/25,20:51:00,Credit card,8.0,0.33
5233,M005,Fort Worth,Home and lifestyle,$47,3.0,14/11/25,17:37:00,Credit card,8.0,0.48
5234,M015,Grand Prairie,Fashion accessories,$80,3.0,20/12/25,20:16:00,Credit card,9.0,0.48
5235,M052,Mansfield,Home and lifestyle,$57,2.0,05/12/25,19:53:00,Credit card,4.0,0.57
5236,M045,Missouri City,Fashion accessories,$47,1.0,07/12/25,18:43:00,Credit card,6.0,0.48
5237,M059,Pflugerville,Home and lifestyle,$42,1.0,25/08/25,19:50:00,Credit card,4.0,0.33
5238,M064,Bedford,Fashion accessories,$73,2.0,27/12/25,16:57:00,Credit card,4.0,0.33
5239,M069,Rockwall,Home and lifestyle,$25,3.0,25/10/25,19:54:00,Credit card,6.0,0.33
5240,M051,New Braunfels,Fashion accessories,$19,2.0,07/11/25,16:04:00,Credit card,6.0,0.57
5241,M002,Dallas,Home and lifestyle,$20,2.0,23/11/25,15:41:00,Credit card,7.0,0.36
5242,M068,Burleson,Fashion accessories,$82,1.0,19/08/25,18:07:00,Credit card,3.0,0.33
5243,M022,Mesquite,Home and lifestyle,$49,1.0,15/10/25,19:38:00,Credit card,6.0,0.48
5244,M043,Baytown,Fashion accessories,$67,1.0,24/09/25,18:07:00,Credit card,3.0,0.48
5245,M078,Del Rio,Home and lifestyle,$24,2.0,13/11/25,15:55:00,Credit card,7.0,0.33
5246,M001,Houston,Fashion accessories,$54,3.0,28/09/25,17:12:00,Credit card,6.0,0.36
5247,M060,DeSoto,Home and lifestyle,$81,1.0,23/08/25,15:48:00,Credit card,5.0,0.33
5248,M061,Cedar Park,Fashion accessories,$45,3.0,11/09/25,16:52:00,Credit card,5.0,0.33
5249,M026,Denton,Home and lifestyle,$74,2.0,06/09/25,19:02:00,Credit card,7.0,0.48
5250,M026,Denton,Fashion accessories,$43,3.0,25/12/25,19:14:00,Credit card,7.0,0.48
5251,M058,Port Arthur,Home and lifestyle,$62,3.0,02/08/25,15:51:00,Credit card,6.0,0.33
5252,M068,Burleson,Fashion accessories,$79,1.0,09/11/25,17:01:00,Credit card,7.0,0.33
5253,M037,League City,Home and lifestyle,$29,3.0,06/12/25,17:53:00,Credit card,7.0,0.48
5254,M015,Grand Prairie,Fashion accessories,$19,1.0,23/12/25,15:48:00,Credit card,6.0,0.48
5255,M071,Lufkin,Home and lifestyle,$17,2.0,21/12/25,19:37:00,Credit card,5.0,0.33
5256,M008,Corpus Christi,Fashion accessories,$82,1.0,20/12/25,19:16:00,Credit card,4.0,0.48
5257,M053,Conroe,Home and lifestyle,$59,1.0,15/12/25,17:47:00,Credit card,6.0,0.57
5258,M088,Cleburne,Fashion accessories,$49,2.0,01/11/25,17:57:00,Credit card,5.0,0.33
5259,M037,League City,Home and lifestyle,$29,2.0,11/10/25,18:15:00,Credit card,5.0,0.48
5260,M040,Edinburg,Fashion accessories,$32,2.0,25/08/25,20:45:00,Credit card,6.0,0.48
5261,M078,Del Rio,Home and lifestyle,$63,3.0,04/11/25,20:38:00,Credit card,4.0,0.33
5262,M019,Pasadena,Fashion accessories,$27,1.0,24/11/25,19:25:00,Credit card,3.0,0.48
5263,M013,Irving,Home and lifestyle,$51,1.0,24/11/25,19:27:00,Credit card,6.0,0.48
5264,M059,Pflugerville,Fashion accessories,$75,2.0,26/11/25,18:59:00,Credit card,7.0,0.33
5265,M093,Angleton,Home and lifestyle,$50,2.0,19/11/25,15:02:00,Credit card,7.0,0.33
5266,M092,Lake Jackson,Fashion accessories,$15,1.0,23/11/25,15:05:00,Credit card,6.0,0.33
5267,M018,Frisco,Home and lifestyle,$74,1.0,18/11/25,19:22:00,Credit card,5.0,0.48
5268,M001,Houston,Fashion accessories,$41,2.0,15/12/25,16:27:00,Credit card,3.0,0.36
5269,M037,League City,Home and lifestyle,$40,2.0,25/11/25,15:54:00,Credit card,5.0,0.48
5270,M053,Conroe,Fashion accessories,$47,2.0,01/12/25,18:23:00,Credit card,5.0,0.21
5271,M061,Cedar Park,Home and lifestyle,$73,1.0,06/11/25,16:40:00,Credit card,5.0,0.33
5272,M052,Mansfield,Fashion accessories,$42,3.0,28/12/25,18:01:00,Credit card,6.0,0.57
5273,M010,Laredo,Home and lifestyle,$67,1.0,03/12/25,19:00:00,Credit card,3.0,0.48
5274,M047,Flower Mound,Fashion accessories,$77,2.0,25/11/25,19:41:00,Credit card,6.0,0.48
5275,M044,Pharr,Home and lifestyle,$53,3.0,06/12/25,17:31:00,Credit card,5.0,0.48
5276,M008,Corpus Christi,Fashion accessories,$56,2.0,23/12/25,20:14:00,Credit card,5.0,0.48
5277,M004,Austin,Home and lifestyle,$42,1.0,12/12/25,18:25:00,Credit card,5.0,0.48
5278,M062,Galveston,Fashion accessories,$66,2.0,14/11/25,17:00:00,Credit card,7.0,0.33
5279,M017,McKinney,Home and lifestyle,$85,1.0,15/12/25,20:10:00,Credit card,7.0,0.48
5280,M028,Odessa,Fashion accessories,$47,1.0,06/12/25,19:41:00,Credit card,4.0,0.48
5281,M007,Arlington,Home and lifestyle,$28,3.0,21/11/25,18:17:00,Credit card,4.0,0.48
5282,M041,Mission,Fashion accessories,$37,3.0,12/11/25,17:31:00,Ewallet,7.0,0.48
5283,M095,Big Spring,Home and lifestyle,$38,1.0,21/11/25,15:17:00,Credit card,6.0,0.33
5284,M072,Lancaster,Fashion accessories,$38,3.0,04/12/25,19:15:00,Credit card,7.0,0.33
5285,M060,DeSoto,Home and lifestyle,$50,2.0,28/12/25,20:52:00,Credit card,7.0,0.33
5286,M071,Lufkin,Fashion accessories,$22,1.0,11/12/25,20:25:00,Credit card,4.0,0.33
5287,M062,Galveston,Home and lifestyle,$45,3.0,22/11/25,20:03:00,Credit card,6.0,0.33
5288,M009,Plano,Fashion accessories,$29,1.0,12/11/25,16:02:00,Credit card,6.0,0.48
5289,M039,Longview,Home and lifestyle,$22,1.0,06/12/25,17:14:00,Credit card,5.0,0.48
5290,M005,Fort Worth,Fashion accessories,$39,1.0,01/11/25,20:05:00,Credit card,5.0,0.48
5291,M037,League City,Home and lifestyle,$15,3.0,30/11/25,16:28:00,Credit card,7.0,0.48
5292,M008,Corpus Christi,Fashion accessories,$31,2.0,08/11/25,19:25:00,Credit card,5.0,0.48
5293,M063,Georgetown,Home and lifestyle,$47,1.0,17/11/25,15:32:00,Credit card,4.0,0.33
5294,M036,Allen,Fashion accessories,$24,3.0,23/12/25,18:53:00,Credit card,3.0,0.48
5295,M040,Edinburg,Home and lifestyle,$71,3.0,18/12/25,19:48:00,Credit card,7.0,0.48
5296,M048,Harlingen,Fashion accessories,$63,3.0,29/11/25,20:52:00,Credit card,5.0,0.48
5297,M090,Brownwood,Home and lifestyle,$79,3.0,16/12/25,19:24:00,Credit card,6.0,0.33
5298,M081,Friendswood,Fashion accessories,$17,3.0,15/12/25,18:32:00,Credit card,4.0,0.33
5299,M022,Mesquite,Home and lifestyle,$24,2.0,18/11/25,19:40:00,Credit card,3.0,0.48
5300,M051,New Braunfels,Fashion accessories,$73,3.0,15/11/25,18:52:00,Credit card,7.0,0.57
5301,M062,Galveston,Home and lifestyle,$30,3.0,15/12/25,17:40:00,Credit card,6.0,0.33
5302,M083,Farmers Branch,Fashion accessories,$55,2.0,11/12/25,18:10:00,Credit card,5.0,0.33
5303,M010,Laredo,Home and lifestyle,$83,2.0,24/11/25,16:14:00,Credit card,7.0,0.48
5304,M088,Cleburne,Fashion accessories,$62,2.0,28/11/25,15:12:00,Credit card,3.0,0.33
5305,M028,Odessa,Home and lifestyle,$23,1.0,30/11/25,18:15:00,Credit card,4.0,0.48
5306,M057,Euless,Fashion accessories,$16,1.0,11/11/25,18:19:00,Credit card,7.0,0.33
5307,M048,Harlingen,Home and lifestyle,$82,2.0,23/11/25,19:21:00,Credit card,3.0,0.48
5308,M017,McKinney,Fashion accessories,$18,1.0,23/11/25,18:31:00,Credit card,6.0,0.48
5309,M045,Missouri City,Home and lifestyle,$23,1.0,17/12/25,16:20:00,Credit card,5.0,0.48
5310,M067,Haltom City,Fashion accessories,$79,2.0,01/12/25,17:09:00,Credit card,3.0,0.33
5311,M048,Harlingen,Home and lifestyle,$40,1.0,11/11/25,18:59:00,Credit card,5.0,0.48
5312,M098,Mineral Wells,Fashion accessories,$71,1.0,11/12/25,15:09:00,Credit card,4.0,0.18
5313,M037,League City,Home and lifestyle,$79,1.0,26/11/25,18:23:00,Credit card,6.0,0.48
5314,M100,Canyon,Fashion accessories,$25,2.0,15/11/25,17:04:00,Credit card,5.0,0.18
5315,M001,Houston,Home and lifestyle,$22,2.0,08/12/25,15:17:00,Credit card,5.0,0.36
5316,M060,DeSoto,Fashion accessories,$34,3.0,15/11/25,20:17:00,Credit card,6.0,0.33
5317,M053,Conroe,Home and lifestyle,$15,2.0,26/12/25,15:12:00,Credit card,3.0,0.57
5318,M048,Harlingen,Fashion accessories,$56,2.0,07/11/25,17:19:00,Credit card,5.0,0.48
5319,M036,Allen,Home and lifestyle,$60,1.0,02/12/25,19:21:00,Credit card,4.0,0.48
5320,M030,Richardson,Fashion accessories,$71,1.0,12/11/25,16:02:00,Credit card,5.0,0.48
5321,M026,Denton,Home and lifestyle,$81,1.0,10/12/25,18:35:00,Credit card,3.0,0.48
5322,M090,Brownwood,Fashion accessories,$28,2.0,22/12/25,20:16:00,Credit card,6.0,0.33
5323,M042,Bryan,Home and lifestyle,$81,1.0,23/11/25,19:31:00,Credit card,4.0,0.48
5324,M064,Bedford,Fashion accessories,$15,1.0,09/11/25,18:13:00,Credit card,4.0,0.33
5325,M045,Missouri City,Home and lifestyle,$31,3.0,29/12/25,16:20:00,Credit card,5.0,0.48
5326,M043,Baytown,Fashion accessories,$41,2.0,18/12/25,17:23:00,Credit card,7.0,0.48
5327,M045,Missouri City,Home and lifestyle,$20,1.0,18/12/25,15:51:00,Credit card,5.0,0.48
5328,M058,Port Arthur,Fashion accessories,$51,3.0,13/12/25,16:14:00,Credit card,7.0,0.33
5329,M024,Carrollton,Home and lifestyle,$63,2.0,29/12/25,15:55:00,Credit card,5.0,0.48
5330,M028,Odessa,Fashion accessories,$59,2.0,28/12/25,19:46:00,Credit card,7.0,0.48
5331,M028,Odessa,Home and lifestyle,$75,3.0,16/11/25,18:17:00,Credit card,3.0,0.48
5332,M049,North Richland Hills,Fashion accessories,$71,3.0,14/12/25,17:59:00,Credit card,3.0,0.48
5333,M037,League City,Home and lifestyle,$79,2.0,12/12/25,17:32:00,Credit card,4.0,0.48
5334,M061,Cedar Park,Fashion accessories,$60,2.0,24/11/25,15:32:00,Credit card,5.0,0.33
5335,M062,Galveston,Home and lifestyle,$85,3.0,08/11/25,17:26:00,Credit card,7.0,0.33
5336,M023,Midland,Fashion accessories,$31,1.0,07/12/25,15:40:00,Credit card,6.0,0.48
5337,M033,Pearland,Home and lifestyle,$61,1.0,29/11/25,20:18:00,Credit card,3.0,0.48
5338,M021,McAllen,Fashion accessories,$28,1.0,24/11/25,19:22:00,Credit card,6.0,0.48
5339,M096,Eagle Pass,Home and lifestyle,$54,1.0,26/12/25,15:17:00,Credit card,4.0,0.18
5340,M006,El Paso,Fashion accessories,$57,2.0,10/11/25,15:58:00,Credit card,6.0,0.48
5341,M094,Alamo,Home and lifestyle,$36,2.0,29/12/25,19:22:00,Credit card,4.0,0.33
5342,M070,Hurst,Fashion accessories,$83,2.0,22/12/25,17:22:00,Credit card,5.0,0.33
5343,M063,Georgetown,Home and lifestyle,$42,1.0,04/11/25,19:46:00,Credit card,5.0,0.33
5344,M013,Irving,Fashion accessories,$53,2.0,02/12/25,15:39:00,Credit card,3.0,0.48
5345,M012,Garland,Home and lifestyle,$27,3.0,17/12/25,20:47:00,Credit card,7.0,0.48
5346,M039,Longview,Fashion accessories,$43,2.0,08/12/25,20:46:00,Credit card,5.0,0.48
5347,M066,Grapevine,Home and lifestyle,$57,2.0,25/11/25,20:18:00,Credit card,3.0,0.33
5348,M019,Pasadena,Fashion accessories,$63,3.0,10/12/25,16:50:00,Credit card,4.0,0.48
5349,M066,Grapevine,Home and lifestyle,$18,3.0,05/11/25,16:22:00,Credit card,6.0,0.33
5350,M028,Odessa,Fashion accessories,$62,2.0,16/12/25,20:10:00,Credit card,6.0,0.48
5351,M088,Cleburne,Home and lifestyle,$20,2.0,28/11/25,16:08:00,Credit card,3.0,0.33
5352,M048,Harlingen,Fashion accessories,$53,2.0,07/11/25,18:34:00,Credit card,5.0,0.48
5353,M092,Lake Jackson,Home and lifestyle,$73,1.0,27/11/25,15:19:00,Credit card,6.0,0.33
5354,M002,Dallas,Fashion accessories,$84,3.0,02/12/25,20:50:00,Credit card,5.0,0.36
5355,M009,Plano,Home and lifestyle,$82,3.0,11/12/25,16:42:00,Credit card,5.0,0.48
5356,M012,Garland,Fashion accessories,$29,2.0,02/12/25,19:34:00,Credit card,3.0,0.48
5357,M053,Conroe,Home and lifestyle,$71,2.0,29/12/25,20:13:00,Credit card,4.0,0.57
5358,M067,Haltom City,Fashion accessories,$55,2.0,07/12/25,16:56:00,Credit card,7.0,0.33
5359,M098,Mineral Wells,Home and lifestyle,$33,2.0,28/12/25,16:13:00,Credit card,4.0,0.18
5360,M041,Mission,Fashion accessories,$50,2.0,18/12/25,20:05:00,Ewallet,6.0,0.48
5361,M096,Eagle Pass,Home and lifestyle,$44,1.0,14/12/25,20:23:00,Credit card,6.0,0.18
5362,M053,Conroe,Fashion accessories,$61,2.0,02/11/25,15:50:00,Credit card,5.0,0.21
5363,M042,Bryan,Home and lifestyle,$23,2.0,18/11/25,17:21:00,Credit card,4.0,0.48
5364,M080,Nacogdoches,Fashion accessories,$62,1.0,18/12/25,17:23:00,Credit card,5.0,0.33
5365,M011,Lubbock,Home and lifestyle,$80,3.0,12/11/25,18:49:00,Credit card,6.0,0.48
5366,M010,Laredo,Fashion accessories,$48,2.0,18/11/25,20:55:00,Credit card,7.0,0.48
5367,M017,McKinney,Home and lifestyle,$45,3.0,12/11/25,19:20:00,Credit card,5.0,0.48
5368,M018,Frisco,Fashion accessories,$60,2.0,06/12/25,16:46:00,Credit card,6.0,0.48
5369,M037,League City,Home and lifestyle,$51,3.0,30/12/25,19:30:00,Credit card,4.0,0.48
5370,M062,Galveston,Fashion accessories,$31,1.0,28/12/25,17:18:00,Credit card,5.0,0.33
5371,M009,Plano,Home and lifestyle,$51,1.0,27/11/25,20:11:00,Credit card,7.0,0.48
5372,M019,Pasadena,Fashion accessories,$37,1.0,15/11/25,15:03:00,Credit card,7.0,0.48
5373,M040,Edinburg,Home and lifestyle,$70,1.0,04/11/25,19:33:00,Credit card,6.0,0.48
5374,M033,Pearland,Fashion accessories,$21,1.0,01/11/25,20:31:00,Credit card,4.0,0.48
5375,M058,Port Arthur,Home and lifestyle,$63,3.0,02/12/25,15:36:00,Credit card,7.0,0.33
5376,M062,Galveston,Fashion accessories,$45,2.0,26/11/25,20:47:00,Credit card,7.0,0.33
5377,M078,Del Rio,Home and lifestyle,$46,1.0,18/11/25,17:57:00,Credit card,6.0,0.33
5378,M007,Arlington,Fashion accessories,$57,3.0,16/11/25,20:04:00,Credit card,3.0,0.48
5379,M041,Mission,Home and lifestyle,$69,1.0,13/12/25,16:18:00,Ewallet,4.0,0.48
5380,M059,Pflugerville,Fashion accessories,$44,1.0,03/11/25,17:00:00,Credit card,3.0,0.33
5381,M019,Pasadena,Home and lifestyle,$82,3.0,21/12/25,16:32:00,Credit card,6.0,0.48
5382,M004,Austin,Fashion accessories,$20,3.0,11/11/25,16:02:00,Credit card,7.0,0.48
5383,M047,Flower Mound,Home and lifestyle,$82,2.0,30/12/25,17:30:00,Credit card,6.0,0.48
5384,M071,Lufkin,Fashion accessories,$54,3.0,16/11/25,19:45:00,Credit card,3.0,0.33
5385,M098,Mineral Wells,Home and lifestyle,$57,2.0,16/12/25,18:59:00,Credit card,5.0,0.18
5386,M083,Farmers Branch,Fashion accessories,$25,3.0,29/12/25,19:15:00,Credit card,3.0,0.33
5387,M042,Bryan,Home and lifestyle,$27,3.0,20/12/25,18:30:00,Credit card,4.0,0.48
5388,M042,Bryan,Fashion accessories,$65,3.0,08/12/25,15:16:00,Credit card,5.0,0.48
5389,M072,Lancaster,Home and lifestyle,$29,1.0,12/12/25,17:06:00,Credit card,5.0,0.33
5390,M051,New Braunfels,Fashion accessories,$81,3.0,19/11/25,19:48:00,Credit card,6.0,0.57
5391,M095,Big Spring,Home and lifestyle,$39,3.0,03/11/25,18:14:00,Credit card,6.0,0.33
5392,M030,Richardson,Fashion accessories,$70,2.0,11/11/25,17:58:00,Credit card,7.0,0.48
5393,M018,Frisco,Home and lifestyle,$57,2.0,25/11/25,15:18:00,Credit card,6.0,0.48
5394,M036,Allen,Fashion accessories,$25,3.0,26/12/25,20:55:00,Credit card,5.0,0.48
5395,M090,Brownwood,Home and lifestyle,$69,3.0,05/11/25,16:47:00,Credit card,6.0,0.33
5396,M008,Corpus Christi,Fashion accessories,$37,3.0,31/12/25,15:30:00,Credit card,7.0,0.48
5397,M067,Haltom City,Home and lifestyle,$19,3.0,16/11/25,17:15:00,Credit card,5.0,0.33
5398,M021,McAllen,Fashion accessories,$15,3.0,13/11/25,15:10:00,Credit card,5.0,0.48
5399,M085,Kerrville,Home and lifestyle,$56,2.0,05/12/25,20:41:00,Credit card,4.0,0.33
5400,M067,Haltom City,Fashion accessories,$84,3.0,05/12/25,16:28:00,Credit card,3.0,0.33
5401,M051,New Braunfels,Home and lifestyle,$62,1.0,23/12/25,15:38:00,Credit card,3.0,0.48
5402,M091,Little Elm,Fashion accessories,$78,3.0,11/11/25,20:42:00,Credit card,7.0,0.33
5403,M057,Euless,Home and lifestyle,$81,2.0,05/11/25,18:57:00,Credit card,7.0,0.33
5404,M051,New Braunfels,Fashion accessories,$37,1.0,08/12/25,20:40:00,Credit card,3.0,0.57
5405,M080,Nacogdoches,Home and lifestyle,$42,1.0,22/12/25,20:35:00,Credit card,4.0,0.33
5406,M020,Killeen,Fashion accessories,$30,2.0,05/11/25,16:40:00,Credit card,5.0,0.48
5407,M070,Hurst,Home and lifestyle,$43,1.0,08/12/25,20:53:00,Credit card,4.0,0.33
5408,M013,Irving,Fashion accessories,$29,2.0,27/12/25,17:49:00,Credit card,3.0,0.48
5409,M037,League City,Home and lifestyle,$40,1.0,11/12/25,15:42:00,Credit card,7.0,0.48
5410,M080,Nacogdoches,Fashion accessories,$67,2.0,27/12/25,16:09:00,Credit card,5.0,0.33
5411,M071,Lufkin,Home and lifestyle,$59,1.0,24/12/25,20:57:00,Credit card,7.0,0.33
5412,M040,Edinburg,Fashion accessories,$66,1.0,06/11/25,19:14:00,Credit card,7.0,0.48
5413,M048,Harlingen,Home and lifestyle,$48,3.0,03/11/25,18:39:00,Credit card,5.0,0.48
5414,M047,Flower Mound,Fashion accessories,$42,2.0,31/12/25,16:06:00,Credit card,5.0,0.48
5415,M060,DeSoto,Home and lifestyle,$24,2.0,26/11/25,15:40:00,Credit card,3.0,0.33
5416,M002,Dallas,Fashion accessories,$64,3.0,28/12/25,15:44:00,Credit card,4.0,0.36
5417,M014,Amarillo,Home and lifestyle,$64,2.0,04/12/25,19:23:00,Credit card,3.0,0.48
5418,M067,Haltom City,Fashion accessories,$75,1.0,22/12/25,19:42:00,Credit card,7.0,0.33
5419,M026,Denton,Home and lifestyle,$46,2.0,05/12/25,15:02:00,Credit card,4.0,0.48
5420,M057,Euless,Fashion accessories,$50,3.0,23/11/25,18:49:00,Credit card,3.0,0.33
5421,M036,Allen,Home and lifestyle,$49,2.0,01/12/25,19:31:00,Credit card,7.0,0.48
5422,M008,Corpus Christi,Fashion accessories,$82,3.0,29/12/25,18:00:00,Credit card,3.0,0.48
5423,M062,Galveston,Home and lifestyle,$63,3.0,06/12/25,17:18:00,Credit card,3.0,0.33
5424,M005,Fort Worth,Fashion accessories,$39,3.0,10/12/25,19:41:00,Credit card,3.0,0.48
5425,M016,Brownsville,Home and lifestyle,$46,3.0,29/12/25,19:10:00,Credit card,3.0,0.48
5426,M012,Garland,Fashion accessories,$17,3.0,08/11/25,19:26:00,Credit card,7.0,0.48
5427,M048,Harlingen,Home and lifestyle,$58,1.0,01/11/25,16:17:00,Credit card,4.0,0.48
5428,M062,Galveston,Fashion accessories,$65,3.0,29/12/25,17:46:00,Credit card,5.0,0.33
5429,M090,Brownwood,Home and lifestyle,$60,1.0,18/11/25,18:59:00,Credit card,4.0,0.33
5430,M030,Richardson,Fashion accessories,$49,2.0,26/12/25,20:41:00,Credit card,7.0,0.48
5431,M030,Richardson,Home and lifestyle,$31,3.0,06/11/25,17:25:00,Credit card,6.0,0.48
5432,M012,Garland,Fashion accessories,$21,1.0,29/11/25,18:56:00,Credit card,5.0,0.48
5433,M027,Abilene,Home and lifestyle,$28,3.0,17/12/25,17:33:00,Credit card,7.0,0.48
5434,M097,Alice,Fashion accessories,$28,3.0,27/12/25,20:19:00,Credit card,7.0,0.18
5435,M090,Brownwood,Home and lifestyle,$28,3.0,18/11/25,18:23:00,Credit card,4.0,0.33
5436,M024,Carrollton,Fashion accessories,$29,1.0,13/11/25,17:27:00,Credit card,3.0,0.48
5437,M008,Corpus Christi,Home and lifestyle,$72,1.0,26/11/25,15:16:00,Credit card,7.0,0.48
5438,M044,Pharr,Fashion accessories,$57,1.0,14/12/25,19:15:00,Credit card,4.0,0.48
5439,M030,Richardson,Home and lifestyle,$78,1.0,08/12/25,17:57:00,Credit card,3.0,0.48
5440,M022,Mesquite,Fashion accessories,$47,3.0,06/11/25,15:06:00,Credit card,6.0,0.48
5441,M019,Pasadena,Home and lifestyle,$19,1.0,03/12/25,17:02:00,Credit card,5.0,0.48
5442,M040,Edinburg,Fashion accessories,$60,2.0,16/11/25,16:16:00,Credit card,3.0,0.48
5443,M085,Kerrville,Home and lifestyle,$35,2.0,16/11/25,16:43:00,Credit card,4.0,0.33
5444,M057,Euless,Fashion accessories,$81,2.0,16/12/25,16:48:00,Credit card,3.0,0.33
5445,M012,Garland,Home and lifestyle,$44,1.0,28/11/25,16:55:00,Credit card,6.0,0.48
5446,M062,Galveston,Fashion accessories,$43,1.0,29/12/25,17:35:00,Credit card,3.0,0.33
5447,M066,Grapevine,Home and lifestyle,$40,1.0,24/11/25,20:49:00,Credit card,5.0,0.33
5448,M096,Eagle Pass,Fashion accessories,$42,3.0,30/11/25,16:20:00,Credit card,5.0,0.18
5449,M039,Longview,Home and lifestyle,$47,2.0,21/12/25,16:08:00,Credit card,4.0,0.48
5450,M097,Alice,Fashion accessories,$59,3.0,17/11/25,15:20:00,Credit card,6.0,0.18
5451,M001,Houston,Home and lifestyle,$80,3.0,18/12/25,15:53:00,Credit card,3.0,0.36
5452,M017,McKinney,Fashion accessories,$59,3.0,06/12/25,16:15:00,Credit card,5.0,0.48
5453,M066,Grapevine,Home and lifestyle,$73,3.0,13/12/25,15:15:00,Credit card,5.0,0.33
5454,M052,Mansfield,Fashion accessories,$20,3.0,12/12/25,16:55:00,Credit card,4.0,0.57
5455,M070,Hurst,Home and lifestyle,$22,3.0,05/11/25,17:50:00,Credit card,7.0,0.33
5456,M041,Mission,Fashion accessories,$31,3.0,12/11/25,15:55:00,Ewallet,4.0,0.48
5457,M068,Burleson,Home and lifestyle,$45,1.0,20/12/25,19:49:00,Credit card,7.0,0.33
5458,M068,Burleson,Fashion accessories,$42,2.0,18/12/25,18:51:00,Credit card,3.0,0.33
5459,M047,Flower Mound,Home and lifestyle,$58,3.0,23/12/25,15:52:00,Credit card,5.0,0.48
5460,M002,Dallas,Fashion accessories,$56,2.0,04/12/25,18:57:00,Credit card,7.0,0.36
5461,M009,Plano,Home and lifestyle,$84,3.0,01/11/25,15:53:00,Credit card,4.0,0.48
5462,M042,Bryan,Fashion accessories,$84,1.0,30/12/25,17:31:00,Credit card,7.0,0.48
5463,M081,Friendswood,Home and lifestyle,$24,3.0,27/12/25,17:01:00,Credit card,4.0,0.33
5464,M043,Baytown,Fashion accessories,$27,2.0,17/12/25,16:44:00,Credit card,4.0,0.48
5465,M094,Alamo,Home and lifestyle,$15,2.0,28/11/25,15:42:00,Credit card,4.0,0.33
5466,M031,Lewisville,Fashion accessories,$36,1.0,01/11/25,15:24:00,Credit card,6.0,0.48
5467,M097,Alice,Home and lifestyle,$36,3.0,06/11/25,17:29:00,Credit card,5.0,0.18
5468,M077,Coppell,Fashion accessories,$21,3.0,09/12/25,15:03:00,Credit card,6.0,0.33
5469,M078,Del Rio,Home and lifestyle,$22,3.0,02/12/25,15:01:00,Credit card,5.0,0.33
5470,M001,Houston,Fashion accessories,$70,1.0,26/12/25,19:47:00,Credit card,7.0,0.36
5471,M036,Allen,Home and lifestyle,$61,2.0,04/11/25,18:54:00,Credit card,6.0,0.48
5472,M008,Corpus Christi,Fashion accessories,$83,2.0,04/12/25,19:37:00,Credit card,6.0,0.48
5473,M037,League City,Home and lifestyle,$68,3.0,08/11/25,20:26:00,Credit card,3.0,0.48
5474,M059,Pflugerville,Fashion accessories,$55,1.0,02/12/25,18:11:00,Credit card,7.0,0.33
5475,M040,Edinburg,Home and lifestyle,$19,2.0,18/11/25,16:49:00,Credit card,3.0,0.48
5476,M039,Longview,Fashion accessories,$60,1.0,29/11/25,15:25:00,Credit card,6.0,0.48
5477,M051,New Braunfels,Home and lifestyle,$43,1.0,10/12/25,17:57:00,Credit card,3.0,0.48
5478,M076,Huntsville,Fashion accessories,$82,2.0,23/11/25,20:28:00,Credit card,6.0,0.33
5479,M043,Baytown,Home and lifestyle,$43,1.0,09/12/25,19:04:00,Credit card,5.0,0.48
5480,M041,Mission,Fashion accessories,$53,2.0,11/12/25,20:35:00,Ewallet,4.0,0.48
5481,M023,Midland,Home and lifestyle,$28,3.0,09/11/25,20:14:00,Credit card,6.0,0.48
5482,M067,Haltom City,Fashion accessories,$81,1.0,02/11/25,15:57:00,Credit card,3.0,0.33
5483,M027,Abilene,Home and lifestyle,$29,2.0,22/12/25,18:52:00,Credit card,6.0,0.48
5484,M016,Brownsville,Fashion accessories,$58,1.0,08/11/25,16:00:00,Credit card,6.0,0.48
5485,M068,Burleson,Home and lifestyle,$26,2.0,28/12/25,17:12:00,Credit card,7.0,0.33
5486,M076,Huntsville,Fashion accessories,$56,2.0,19/12/25,19:55:00,Credit card,4.0,0.33
5487,M033,Pearland,Home and lifestyle,$59,3.0,25/11/25,18:31:00,Credit card,4.0,0.48
5488,M051,New Braunfels,Fashion accessories,$22,3.0,09/12/25,20:11:00,Credit card,3.0,0.57
5489,M008,Corpus Christi,Home and lifestyle,$30,3.0,12/11/25,17:26:00,Credit card,3.0,0.48
5490,M040,Edinburg,Fashion accessories,$23,1.0,30/11/25,20:49:00,Credit card,5.0,0.48
5491,M097,Alice,Home and lifestyle,$83,1.0,25/11/25,16:49:00,Credit card,7.0,0.18
5492,M017,McKinney,Fashion accessories,$60,3.0,20/12/25,19:18:00,Credit card,7.0,0.48
5493,M030,Richardson,Home and lifestyle,$74,2.0,07/11/25,20:30:00,Credit card,7.0,0.48
5494,M048,Harlingen,Fashion accessories,$60,1.0,26/11/25,20:34:00,Credit card,7.0,0.48
5495,M072,Lancaster,Home and lifestyle,$38,2.0,13/12/25,18:55:00,Credit card,3.0,0.33
5496,M071,Lufkin,Fashion accessories,$82,1.0,26/11/25,17:25:00,Credit card,4.0,0.33
5497,M067,Haltom City,Home and lifestyle,$44,3.0,05/11/25,18:03:00,Credit card,4.0,0.33
5498,M047,Flower Mound,Fashion accessories,$85,2.0,17/11/25,19:31:00,Credit card,7.0,0.48
5499,M058,Port Arthur,Home and lifestyle,$46,2.0,09/11/25,17:49:00,Credit card,7.0,0.33
5500,M088,Cleburne,Fashion accessories,$41,1.0,01/12/25,19:50:00,Credit card,7.0,0.33
5501,M066,Grapevine,Home and lifestyle,$73,1.0,30/11/25,20:48:00,Credit card,3.0,0.33
5502,M051,New Braunfels,Fashion accessories,$59,3.0,29/11/25,20:56:00,Credit card,6.0,0.57
5503,M091,Little Elm,Home and lifestyle,$45,2.0,20/12/25,20:24:00,Credit card,4.0,0.33
5504,M048,Harlingen,Fashion accessories,$37,1.0,16/11/25,18:15:00,Credit card,4.0,0.48
5505,M041,Mission,Home and lifestyle,$23,2.0,20/12/25,20:39:00,Ewallet,5.0,0.48
5506,M036,Allen,Fashion accessories,$53,1.0,12/11/25,18:49:00,Credit card,4.0,0.48
5507,M048,Harlingen,Home and lifestyle,$81,1.0,19/12/25,20:45:00,Credit card,5.0,0.48
5508,M034,College Station,Fashion accessories,$59,2.0,03/11/25,16:24:00,Credit card,5.0,0.48
5509,M061,Cedar Park,Home and lifestyle,$17,2.0,30/11/25,16:32:00,Credit card,6.0,0.33
5510,M026,Denton,Fashion accessories,$55,1.0,01/12/25,19:26:00,Credit card,6.0,0.48
5511,M014,Amarillo,Home and lifestyle,$29,1.0,07/12/25,18:57:00,Credit card,6.0,0.48
5512,M088,Cleburne,Fashion accessories,$60,1.0,10/12/25,17:20:00,Credit card,3.0,0.33
5513,M014,Amarillo,Home and lifestyle,$15,2.0,25/12/25,19:05:00,Credit card,6.0,0.48
5514,M036,Allen,Fashion accessories,$64,3.0,16/11/25,16:53:00,Credit card,7.0,0.48
5515,M083,Farmers Branch,Home and lifestyle,$56,2.0,15/11/25,15:43:00,Credit card,7.0,0.33
5516,M040,Edinburg,Fashion accessories,$30,3.0,10/12/25,19:59:00,Credit card,6.0,0.48
5517,M040,Edinburg,Home and lifestyle,$78,2.0,06/11/25,18:16:00,Credit card,5.0,0.48
5518,M071,Lufkin,Fashion accessories,$62,2.0,14/11/25,17:56:00,Credit card,4.0,0.33
5519,M095,Big Spring,Home and lifestyle,$30,3.0,15/12/25,16:57:00,Credit card,4.0,0.33
5520,M098,Mineral Wells,Fashion accessories,$15,2.0,24/11/25,17:36:00,Credit card,3.0,0.18
5521,M021,McAllen,Home and lifestyle,$39,3.0,16/12/25,17:04:00,Credit card,4.0,0.48
5522,M067,Haltom City,Fashion accessories,$71,3.0,05/11/25,18:34:00,Credit card,7.0,0.33
5523,M048,Harlingen,Home and lifestyle,$46,3.0,16/11/25,15:28:00,Credit card,7.0,0.48
5524,M098,Mineral Wells,Fashion accessories,$75,2.0,31/12/25,20:39:00,Credit card,3.0,0.18
5525,M097,Alice,Home and lifestyle,$82,3.0,27/11/25,19:36:00,Credit card,7.0,0.18
5526,M018,Frisco,Fashion accessories,$84,1.0,14/12/25,17:36:00,Credit card,5.0,0.48
5527,M048,Harlingen,Home and lifestyle,$38,2.0,01/12/25,15:09:00,Credit card,7.0,0.48
5528,M010,Laredo,Fashion accessories,$84,3.0,26/11/25,16:58:00,Credit card,4.0,0.48
5529,M053,Conroe,Home and lifestyle,$67,3.0,31/12/25,19:41:00,Credit card,3.0,0.57
5530,M004,Austin,Fashion accessories,$22,3.0,27/12/25,20:59:00,Credit card,7.0,0.48
5531,M045,Missouri City,Home and lifestyle,$20,1.0,16/11/25,16:40:00,Credit card,7.0,0.48
5532,M067,Haltom City,Fashion accessories,$53,3.0,09/11/25,16:14:00,Credit card,5.0,0.33
5533,M061,Cedar Park,Home and lifestyle,$44,3.0,19/12/25,20:39:00,Credit card,3.0,0.33
5534,M052,Mansfield,Fashion accessories,$42,3.0,22/11/25,20:13:00,Credit card,3.0,0.57
5535,M042,Bryan,Home and lifestyle,$28,3.0,03/12/25,16:19:00,Credit card,5.0,0.48
5536,M079,La Porte,Fashion accessories,$72,3.0,09/11/25,17:02:00,Credit card,5.0,0.33
5537,M015,Grand Prairie,Home and lifestyle,$22,2.0,21/11/25,15:18:00,Credit card,3.0,0.48
5538,M060,DeSoto,Fashion accessories,$75,1.0,27/12/25,17:21:00,Credit card,5.0,0.33
5539,M076,Huntsville,Home and lifestyle,$76,3.0,10/11/25,15:12:00,Credit card,6.0,0.33
5540,M072,Lancaster,Fashion accessories,$30,1.0,15/12/25,17:35:00,Credit card,4.0,0.33
5541,M008,Corpus Christi,Home and lifestyle,$85,3.0,17/11/25,16:38:00,Credit card,3.0,0.48
5542,M015,Grand Prairie,Fashion accessories,$49,2.0,19/11/25,20:41:00,Credit card,7.0,0.48
5543,M036,Allen,Home and lifestyle,$54,2.0,20/12/25,18:47:00,Credit card,5.0,0.48
5544,M072,Lancaster,Fashion accessories,$48,3.0,22/12/25,20:27:00,Credit card,6.0,0.33
5545,M063,Georgetown,Home and lifestyle,$48,1.0,20/11/25,15:49:00,Credit card,5.0,0.33
5546,M006,El Paso,Fashion accessories,$85,2.0,29/12/25,17:12:00,Credit card,6.0,0.48
5547,M045,Missouri City,Home and lifestyle,$68,2.0,17/12/25,16:03:00,Credit card,3.0,0.48
5548,M062,Galveston,Fashion accessories,$29,1.0,01/12/25,18:19:00,Credit card,6.0,0.33
5549,M049,North Richland Hills,Home and lifestyle,$72,3.0,20/11/25,17:41:00,Credit card,4.0,0.48
5550,M039,Longview,Fashion accessories,$44,1.0,08/12/25,15:57:00,Credit card,5.0,0.48
5551,M080,Nacogdoches,Home and lifestyle,$47,1.0,25/11/25,16:04:00,Credit card,5.0,0.33
5552,M011,Lubbock,Fashion accessories,$84,2.0,07/12/25,17:16:00,Credit card,3.0,0.48
5553,M090,Brownwood,Home and lifestyle,$20,3.0,01/11/25,19:47:00,Credit card,7.0,0.33
5554,M047,Flower Mound,Fashion accessories,$67,3.0,19/12/25,19:27:00,Credit card,4.0,0.48
5555,M067,Haltom City,Home and lifestyle,$63,1.0,20/11/25,16:37:00,Credit card,5.0,0.33
5556,M015,Grand Prairie,Fashion accessories,$35,1.0,22/11/25,16:15:00,Credit card,3.0,0.48
5557,M051,New Braunfels,Home and lifestyle,$76,3.0,30/11/25,19:46:00,Credit card,6.0,0.48
5558,M094,Alamo,Fashion accessories,$45,1.0,14/12/25,20:46:00,Credit card,3.0,0.33
5559,M018,Frisco,Home and lifestyle,$34,2.0,03/12/25,18:49:00,Credit card,3.0,0.48
5560,M014,Amarillo,Fashion accessories,$34,1.0,22/11/25,19:45:00,Credit card,3.0,0.48
5561,M014,Amarillo,Home and lifestyle,$73,1.0,26/11/25,19:00:00,Credit card,5.0,0.48
5562,M021,McAllen,Fashion accessories,$39,1.0,22/12/25,17:51:00,Credit card,3.0,0.48
5563,M037,League City,Home and lifestyle,$43,3.0,01/11/25,18:44:00,Credit card,3.0,0.48
5564,M090,Brownwood,Fashion accessories,$47,2.0,27/12/25,15:30:00,Credit card,5.0,0.33
5565,M049,North Richland Hills,Home and lifestyle,$17,3.0,29/12/25,20:01:00,Credit card,7.0,0.48
5566,M002,Dallas,Fashion accessories,$26,1.0,05/11/25,18:40:00,Credit card,4.0,0.36
5567,M027,Abilene,Home and lifestyle,$16,1.0,11/12/25,18:16:00,Credit card,5.0,0.48
5568,M096,Eagle Pass,Fashion accessories,$15,3.0,04/12/25,16:09:00,Credit card,3.0,0.18
5569,M095,Big Spring,Home and lifestyle,$29,2.0,30/12/25,19:58:00,Credit card,6.0,0.33
5570,M063,Georgetown,Fashion accessories,$40,2.0,02/11/25,19:28:00,Credit card,5.0,0.33
5571,M009,Plano,Home and lifestyle,$60,3.0,31/12/25,15:48:00,Credit card,7.0,0.48
5572,M011,Lubbock,Fashion accessories,$41,2.0,31/12/25,20:04:00,Credit card,6.0,0.48
5573,M090,Brownwood,Home and lifestyle,$65,3.0,19/12/25,18:20:00,Credit card,7.0,0.33
5574,M001,Houston,Fashion accessories,$16,1.0,25/12/25,18:58:00,Credit card,6.0,0.36
5575,M066,Grapevine,Home and lifestyle,$31,3.0,17/12/25,16:47:00,Credit card,6.0,0.33
5576,M036,Allen,Fashion accessories,$78,3.0,18/11/25,15:04:00,Credit card,3.0,0.48
5577,M079,La Porte,Home and lifestyle,$15,3.0,15/12/25,16:05:00,Credit card,4.0,0.33
5578,M016,Brownsville,Fashion accessories,$63,3.0,29/11/25,17:48:00,Credit card,5.0,0.48
5579,M041,Mission,Home and lifestyle,$29,2.0,29/11/25,19:29:00,Ewallet,3.0,0.48
5580,M085,Kerrville,Fashion accessories,$48,2.0,19/11/25,19:06:00,Credit card,6.0,0.33
5581,M008,Corpus Christi,Home and lifestyle,$37,1.0,21/11/25,20:27:00,Credit card,3.0,0.48
5582,M020,Killeen,Fashion accessories,$75,2.0,10/11/25,19:45:00,Credit card,5.0,0.48
5583,M022,Mesquite,Home and lifestyle,$73,2.0,14/11/25,16:15:00,Credit card,3.0,0.48
5584,M019,Pasadena,Fashion accessories,$41,3.0,01/11/25,17:32:00,Credit card,6.0,0.48
5585,M014,Amarillo,Home and lifestyle,$41,1.0,05/12/25,16:29:00,Credit card,3.0,0.48
5586,M090,Brownwood,Fashion accessories,$52,2.0,27/12/25,15:44:00,Credit card,5.0,0.33
5587,M068,Burleson,Home and lifestyle,$68,2.0,06/12/25,16:28:00,Credit card,3.0,0.33
5588,M072,Lancaster,Fashion accessories,$46,1.0,15/11/25,17:35:00,Credit card,4.0,0.33
5589,M070,Hurst,Home and lifestyle,$79,3.0,27/11/25,15:24:00,Credit card,7.0,0.33
5590,M037,League City,Fashion accessories,$19,1.0,27/12/25,20:53:00,Credit card,4.0,0.48
5591,M091,Little Elm,Home and lifestyle,$62,2.0,18/11/25,17:27:00,Credit card,7.0,0.33
5592,M014,Amarillo,Fashion accessories,$84,2.0,25/11/25,16:21:00,Credit card,3.0,0.48
5593,M044,Pharr,Home and lifestyle,$22,1.0,02/11/25,15:24:00,Credit card,4.0,0.48
5594,M093,Angleton,Fashion accessories,$41,3.0,05/12/25,16:45:00,Credit card,4.0,0.33
5595,M067,Haltom City,Home and lifestyle,$57,3.0,23/12/25,15:50:00,Credit card,7.0,0.33
5596,M007,Arlington,Fashion accessories,$48,1.0,30/12/25,20:30:00,Credit card,5.0,0.48
5597,M060,DeSoto,Home and lifestyle,$39,3.0,06/12/25,19:42:00,Credit card,3.0,0.33
5598,M081,Friendswood,Fashion accessories,$60,1.0,10/11/25,16:55:00,Credit card,3.0,0.33
5599,M091,Little Elm,Home and lifestyle,$43,1.0,28/12/25,16:39:00,Credit card,3.0,0.33
5600,M060,DeSoto,Fashion accessories,$76,2.0,19/12/25,17:25:00,Credit card,3.0,0.33
5601,M060,DeSoto,Home and lifestyle,$81,3.0,06/11/25,15:22:00,Credit card,6.0,0.33
5602,M066,Grapevine,Fashion accessories,$62,1.0,06/11/25,17:00:00,Credit card,5.0,0.33
5603,M022,Mesquite,Home and lifestyle,$51,1.0,25/12/25,15:06:00,Credit card,3.0,0.48
5604,M062,Galveston,Fashion accessories,$34,1.0,08/11/25,17:24:00,Credit card,5.0,0.33
5605,M033,Pearland,Home and lifestyle,$39,3.0,06/12/25,20:45:00,Credit card,3.0,0.48
5606,M012,Garland,Fashion accessories,$64,3.0,22/12/25,16:32:00,Credit card,7.0,0.48
5607,M093,Angleton,Home and lifestyle,$82,1.0,27/11/25,20:18:00,Credit card,3.0,0.33
5608,M015,Grand Prairie,Fashion accessories,$23,1.0,25/11/25,17:57:00,Credit card,5.0,0.48
5609,M062,Galveston,Home and lifestyle,$75,2.0,01/12/25,19:54:00,Credit card,6.0,0.33
5610,M088,Cleburne,Fashion accessories,$45,2.0,05/11/25,16:58:00,Credit card,7.0,0.33
5611,M096,Eagle Pass,Home and lifestyle,$28,3.0,25/12/25,16:28:00,Credit card,6.0,0.18
5612,M022,Mesquite,Fashion accessories,$77,3.0,07/11/25,19:56:00,Credit card,6.0,0.48
5613,M097,Alice,Home and lifestyle,$28,1.0,11/12/25,19:17:00,Credit card,5.0,0.18
5614,M030,Richardson,Fashion accessories,$29,2.0,05/11/25,19:20:00,Credit card,5.0,0.48
5615,M017,McKinney,Home and lifestyle,$42,3.0,04/12/25,16:02:00,Credit card,3.0,0.48
5616,M015,Grand Prairie,Fashion accessories,$62,1.0,09/11/25,18:57:00,Credit card,5.0,0.48
5617,M058,Port Arthur,Home and lifestyle,$32,1.0,09/11/25,15:15:00,Credit card,5.0,0.33
5618,M060,DeSoto,Fashion accessories,$82,1.0,08/12/25,18:24:00,Credit card,6.0,0.33
5619,M083,Farmers Branch,Home and lifestyle,$41,2.0,28/12/25,15:06:00,Credit card,3.0,0.33
5620,M024,Carrollton,Fashion accessories,$27,1.0,13/12/25,19:42:00,Credit card,7.0,0.48
5621,M024,Carrollton,Home and lifestyle,$82,3.0,16/11/25,15:34:00,Credit card,4.0,0.48
5622,M077,Coppell,Fashion accessories,$31,3.0,30/12/25,16:10:00,Credit card,3.0,0.33
5623,M004,Austin,Home and lifestyle,$20,1.0,24/12/25,18:28:00,Credit card,7.0,0.48
5624,M010,Laredo,Fashion accessories,$40,3.0,15/11/25,18:32:00,Credit card,7.0,0.48
5625,M019,Pasadena,Home and lifestyle,$39,1.0,18/11/25,19:28:00,Credit card,7.0,0.48
5626,M091,Little Elm,Fashion accessories,$59,3.0,06/12/25,18:17:00,Credit card,6.0,0.33
5627,M031,Lewisville,Home and lifestyle,$49,1.0,31/12/25,17:12:00,Credit card,6.0,0.48
5628,M060,DeSoto,Fashion accessories,$49,1.0,02/11/25,18:23:00,Credit card,7.0,0.33
5629,M021,McAllen,Home and lifestyle,$40,3.0,04/11/25,17:44:00,Credit card,5.0,0.48
5630,M072,Lancaster,Fashion accessories,$41,1.0,10/11/25,17:08:00,Credit card,5.0,0.33
5631,M100,Canyon,Home and lifestyle,$62,2.0,31/12/25,17:06:00,Credit card,3.0,0.18
5632,M015,Grand Prairie,Fashion accessories,$63,1.0,02/12/25,18:36:00,Credit card,4.0,0.48
5633,M094,Alamo,Home and lifestyle,$76,2.0,04/12/25,20:49:00,Credit card,5.0,0.33
5634,M062,Galveston,Fashion accessories,$82,2.0,25/12/25,19:43:00,Credit card,3.0,0.33
5635,M066,Grapevine,Home and lifestyle,$30,2.0,30/11/25,15:40:00,Credit card,7.0,0.33
5636,M080,Nacogdoches,Fashion accessories,$84,2.0,08/12/25,20:28:00,Credit card,3.0,0.33
5637,M022,Mesquite,Home and lifestyle,$24,2.0,01/12/25,16:12:00,Credit card,7.0,0.48
5638,M016,Brownsville,Fashion accessories,$74,1.0,25/11/25,16:21:00,Credit card,5.0,0.48
5639,M031,Lewisville,Home and lifestyle,$36,3.0,02/11/25,19:12:00,Credit card,3.0,0.48
5640,M010,Laredo,Fashion accessories,$46,3.0,14/11/25,20:48:00,Credit card,3.0,0.48
5641,M067,Haltom City,Home and lifestyle,$30,3.0,10/11/25,20:57:00,Credit card,6.0,0.33
5642,M019,Pasadena,Fashion accessories,$56,3.0,23/12/25,15:04:00,Credit card,6.0,0.48
5643,M011,Lubbock,Home and lifestyle,$82,1.0,02/12/25,20:35:00,Credit card,4.0,0.48
5644,M052,Mansfield,Fashion accessories,$61,1.0,20/11/25,20:52:00,Credit card,3.0,0.57
5645,M076,Huntsville,Home and lifestyle,$52,3.0,21/11/25,20:24:00,Credit card,4.0,0.33
5646,M067,Haltom City,Fashion accessories,$39,1.0,09/12/25,18:54:00,Credit card,6.0,0.33
5647,M045,Missouri City,Home and lifestyle,$42,2.0,21/11/25,16:55:00,Credit card,4.0,0.48
5648,M091,Little Elm,Fashion accessories,$45,3.0,01/12/25,18:55:00,Credit card,5.0,0.33
5649,M061,Cedar Park,Home and lifestyle,$24,1.0,19/12/25,17:04:00,Credit card,4.0,0.33
5650,M090,Brownwood,Fashion accessories,$58,1.0,17/12/25,17:25:00,Credit card,3.0,0.33
5651,M078,Del Rio,Home and lifestyle,$58,1.0,02/12/25,18:29:00,Credit card,4.0,0.33
5652,M015,Grand Prairie,Fashion accessories,$47,3.0,03/11/25,16:16:00,Credit card,7.0,0.48
5653,M047,Flower Mound,Home and lifestyle,$62,2.0,22/11/25,16:06:00,Credit card,7.0,0.48
5654,M026,Denton,Fashion accessories,$31,2.0,30/11/25,16:14:00,Credit card,5.0,0.48
5655,M057,Euless,Home and lifestyle,$23,1.0,11/12/25,16:07:00,Credit card,6.0,0.33
5656,M100,Canyon,Fashion accessories,$75,1.0,23/11/25,15:34:00,Credit card,3.0,0.18
5657,M020,Killeen,Home and lifestyle,$66,2.0,04/12/25,17:55:00,Credit card,7.0,0.48
5658,M053,Conroe,Fashion accessories,$72,3.0,25/12/25,17:56:00,Credit card,6.0,0.21
5659,M063,Georgetown,Home and lifestyle,$55,2.0,13/12/25,15:14:00,Credit card,6.0,0.33
5660,M022,Mesquite,Fashion accessories,$42,2.0,06/12/25,17:49:00,Credit card,5.0,0.48
5661,M006,El Paso,Home and lifestyle,$64,2.0,29/12/25,16:17:00,Credit card,3.0,0.48
5662,M011,Lubbock,Fashion accessories,$23,3.0,25/12/25,17:34:00,Credit card,7.0,0.48
5663,M020,Killeen,Home and lifestyle,$58,1.0,05/11/25,17:31:00,Credit card,7.0,0.48
5664,M051,New Braunfels,Fashion accessories,$68,1.0,20/11/25,17:35:00,Credit card,7.0,0.57
5665,M022,Mesquite,Home and lifestyle,$66,2.0,16/11/25,16:54:00,Credit card,4.0,0.48
5666,M079,La Porte,Fashion accessories,$52,3.0,12/12/25,16:11:00,Credit card,3.0,0.33
5667,M002,Dallas,Home and lifestyle,$79,2.0,22/12/25,18:07:00,Credit card,3.0,0.36
5668,M077,Coppell,Fashion accessories,$74,3.0,13/12/25,19:44:00,Credit card,7.0,0.33
5669,M090,Brownwood,Home and lifestyle,$19,1.0,09/12/25,18:06:00,Credit card,6.0,0.33
5670,M066,Grapevine,Fashion accessories,$70,2.0,29/11/25,19:25:00,Credit card,3.0,0.33
5671,M019,Pasadena,Home and lifestyle,$40,3.0,11/11/25,19:15:00,Credit card,6.0,0.48
5672,M042,Bryan,Fashion accessories,$41,2.0,09/11/25,20:24:00,Credit card,6.0,0.48
5673,M040,Edinburg,Home and lifestyle,$60,2.0,15/12/25,19:51:00,Credit card,6.0,0.48
5674,M063,Georgetown,Fashion accessories,$41,1.0,09/12/25,17:05:00,Credit card,3.0,0.33
5675,M093,Angleton,Home and lifestyle,$79,1.0,29/12/25,17:51:00,Credit card,4.0,0.33
5676,M013,Irving,Fashion accessories,$38,1.0,02/12/25,15:16:00,Credit card,6.0,0.48
5677,M098,Mineral Wells,Home and lifestyle,$68,1.0,19/12/25,17:38:00,Credit card,3.0,0.18
5678,M045,Missouri City,Fashion accessories,$23,2.0,05/12/25,19:06:00,Credit card,5.0,0.48
5679,M079,La Porte,Home and lifestyle,$56,1.0,11/11/25,19:50:00,Credit card,4.0,0.33
5680,M021,McAllen,Fashion accessories,$34,2.0,29/11/25,20:45:00,Credit card,3.0,0.48
5681,M067,Haltom City,Home and lifestyle,$75,2.0,13/12/25,17:40:00,Credit card,3.0,0.33
5682,M047,Flower Mound,Fashion accessories,$71,2.0,16/11/25,19:17:00,Credit card,7.0,0.48
5683,M070,Hurst,Home and lifestyle,$36,1.0,14/12/25,19:55:00,Credit card,3.0,0.33
5684,M019,Pasadena,Fashion accessories,$66,1.0,08/11/25,15:37:00,Credit card,4.0,0.48
5685,M011,Lubbock,Home and lifestyle,$29,3.0,14/12/25,16:30:00,Credit card,4.0,0.48
5686,M097,Alice,Fashion accessories,$37,2.0,26/12/25,16:42:00,Credit card,3.0,0.18
5687,M011,Lubbock,Home and lifestyle,$28,1.0,20/12/25,15:02:00,Credit card,6.0,0.48
5688,M011,Lubbock,Fashion accessories,$60,1.0,27/11/25,16:00:00,Credit card,4.0,0.48
5689,M079,La Porte,Home and lifestyle,$85,2.0,16/11/25,18:12:00,Credit card,7.0,0.33
5690,M021,McAllen,Fashion accessories,$81,2.0,12/11/25,17:12:00,Credit card,3.0,0.48
5691,M011,Lubbock,Home and lifestyle,$61,1.0,01/11/25,20:49:00,Credit card,3.0,0.48
5692,M023,Midland,Fashion accessories,$27,2.0,28/12/25,17:23:00,Credit card,4.0,0.48
5693,M090,Brownwood,Home and lifestyle,$46,1.0,03/11/25,17:08:00,Credit card,4.0,0.33
5694,M023,Midland,Fashion accessories,$81,3.0,06/11/25,18:57:00,Credit card,4.0,0.48
5695,M070,Hurst,Home and lifestyle,$20,2.0,20/12/25,16:20:00,Credit card,6.0,0.33
5696,M058,Port Arthur,Fashion accessories,$61,3.0,13/12/25,16:56:00,Credit card,3.0,0.33
5697,M080,Nacogdoches,Home and lifestyle,$48,1.0,27/11/25,16:54:00,Credit card,7.0,0.33
5698,M081,Friendswood,Fashion accessories,$39,2.0,14/11/25,16:41:00,Credit card,5.0,0.33
5699,M028,Odessa,Home and lifestyle,$74,2.0,21/12/25,20:45:00,Credit card,3.0,0.48
5700,M052,Mansfield,Fashion accessories,$59,3.0,29/12/25,19:40:00,Credit card,4.0,0.57
5701,M057,Euless,Home and lifestyle,$16,3.0,15/12/25,20:00:00,Credit card,6.0,0.33
5702,M091,Little Elm,Fashion accessories,$82,3.0,28/12/25,15:28:00,Credit card,6.0,0.33
5703,M037,League City,Home and lifestyle,$56,3.0,20/11/25,18:35:00,Credit card,3.0,0.48
5704,M026,Denton,Fashion accessories,$78,3.0,29/12/25,16:59:00,Credit card,3.0,0.48
5705,M100,Canyon,Home and lifestyle,$77,1.0,23/12/25,20:31:00,Credit card,6.0,0.18
5706,M064,Bedford,Fashion accessories,$18,1.0,28/12/25,18:39:00,Credit card,4.0,0.33
5707,M060,DeSoto,Home and lifestyle,$69,1.0,17/11/25,15:34:00,Credit card,6.0,0.33
5708,M031,Lewisville,Fashion accessories,$24,3.0,12/12/25,16:09:00,Credit card,7.0,0.48
5709,M076,Huntsville,Home and lifestyle,$68,2.0,13/11/25,17:14:00,Credit card,5.0,0.33
5710,M019,Pasadena,Fashion accessories,$83,2.0,22/11/25,16:21:00,Credit card,4.0,0.48
5711,M078,Del Rio,Home and lifestyle,$44,3.0,25/12/25,15:36:00,Credit card,7.0,0.33
5712,M064,Bedford,Fashion accessories,$33,2.0,10/11/25,16:02:00,Credit card,3.0,0.33
5713,M091,Little Elm,Home and lifestyle,$47,1.0,17/12/25,18:23:00,Credit card,5.0,0.33
5714,M071,Lufkin,Fashion accessories,$57,2.0,03/12/25,15:06:00,Credit card,5.0,0.33
5715,M052,Mansfield,Home and lifestyle,$55,1.0,29/11/25,19:08:00,Credit card,4.0,0.57
5716,M052,Mansfield,Fashion accessories,$43,2.0,08/11/25,18:58:00,Credit card,6.0,0.57
5717,M097,Alice,Home and lifestyle,$41,2.0,25/12/25,16:06:00,Credit card,6.0,0.18
5718,M080,Nacogdoches,Fashion accessories,$79,2.0,31/12/25,16:48:00,Credit card,3.0,0.33
5719,M064,Bedford,Home and lifestyle,$17,2.0,02/11/25,19:12:00,Credit card,4.0,0.33
5720,M047,Flower Mound,Fashion accessories,$57,1.0,20/11/25,15:44:00,Credit card,6.0,0.48
5721,M080,Nacogdoches,Home and lifestyle,$70,3.0,27/11/25,18:27:00,Credit card,7.0,0.33
5722,M006,El Paso,Fashion accessories,$21,3.0,22/12/25,16:27:00,Credit card,3.0,0.48
5723,M015,Grand Prairie,Home and lifestyle,$29,1.0,29/12/25,17:41:00,Credit card,5.0,0.48
5724,M085,Kerrville,Fashion accessories,$80,1.0,10/11/25,18:31:00,Credit card,3.0,0.33
5725,M058,Port Arthur,Home and lifestyle,$15,3.0,23/11/25,18:01:00,Credit card,6.0,0.33
5726,M066,Grapevine,Fashion accessories,$58,3.0,07/12/25,17:26:00,Credit card,7.0,0.33
5727,M015,Grand Prairie,Home and lifestyle,$66,2.0,05/12/25,18:54:00,Credit card,5.0,0.48
5728,M045,Missouri City,Fashion accessories,$15,2.0,06/11/25,17:14:00,Ewallet,5.0,0.48
5729,M016,Brownsville,Home and lifestyle,$31,2.0,23/11/25,15:39:00,Credit card,5.0,0.48
5730,M097,Alice,Fashion accessories,$15,3.0,11/11/25,17:29:00,Credit card,5.0,0.18
5731,M049,North Richland Hills,Home and lifestyle,$69,1.0,05/12/25,20:41:00,Credit card,5.0,0.48
5732,M002,Dallas,Fashion accessories,$45,1.0,17/11/25,16:18:00,Credit card,3.0,0.36
5733,M063,Georgetown,Home and lifestyle,$79,2.0,29/12/25,16:45:00,Credit card,7.0,0.33
5734,M051,New Braunfels,Fashion accessories,$34,3.0,31/12/25,15:13:00,Credit card,5.0,0.57
5735,M100,Canyon,Home and lifestyle,$26,2.0,06/12/25,16:51:00,Credit card,4.0,0.18
5736,M088,Cleburne,Fashion accessories,$31,2.0,19/12/25,19:42:00,Credit card,3.0,0.33
5737,M088,Cleburne,Home and lifestyle,$64,1.0,01/12/25,15:56:00,Credit card,3.0,0.33
5738,M004,Austin,Fashion accessories,$41,3.0,27/12/25,20:31:00,Credit card,6.0,0.48
5739,M093,Angleton,Home and lifestyle,$77,1.0,31/12/25,20:59:00,Credit card,5.0,0.33
5740,M064,Bedford,Fashion accessories,$79,1.0,18/11/25,18:39:00,Credit card,4.0,0.33
5741,M044,Pharr,Home and lifestyle,$24,3.0,09/12/25,17:49:00,Credit card,4.0,0.48
5742,M015,Grand Prairie,Fashion accessories,$32,3.0,05/12/25,18:40:00,Credit card,7.0,0.48
5743,M072,Lancaster,Home and lifestyle,$77,2.0,22/12/25,16:22:00,Credit card,3.0,0.33
5744,M023,Midland,Fashion accessories,$21,1.0,21/11/25,18:29:00,Credit card,5.0,0.48
5745,M002,Dallas,Home and lifestyle,$22,3.0,27/11/25,16:15:00,Credit card,5.0,0.36
5746,M044,Pharr,Fashion accessories,$73,1.0,03/12/25,15:06:00,Credit card,3.0,0.48
5747,M088,Cleburne,Home and lifestyle,$78,2.0,08/11/25,16:20:00,Credit card,7.0,0.33
5748,M044,Pharr,Fashion accessories,$75,1.0,24/12/25,16:00:00,Credit card,5.0,0.48
5749,M024,Carrollton,Home and lifestyle,$52,3.0,22/11/25,17:28:00,Credit card,6.0,0.48
5750,M079,La Porte,Fashion accessories,$75,1.0,29/12/25,16:37:00,Credit card,3.0,0.33
5751,M096,Eagle Pass,Home and lifestyle,$58,3.0,06/12/25,16:44:00,Credit card,4.0,0.18
5752,M022,Mesquite,Fashion accessories,$26,2.0,08/12/25,18:43:00,Credit card,4.0,0.48
5753,M067,Haltom City,Home and lifestyle,$78,3.0,09/11/25,15:36:00,Credit card,6.0,0.33
5754,M098,Mineral Wells,Fashion accessories,$64,1.0,18/12/25,18:03:00,Credit card,7.0,0.18
5755,M001,Houston,Home and lifestyle,$74,3.0,15/12/25,20:47:00,Credit card,3.0,0.36
5756,M047,Flower Mound,Fashion accessories,$34,2.0,28/12/25,17:59:00,Credit card,6.0,0.48
5757,M053,Conroe,Home and lifestyle,$31,2.0,15/11/25,15:03:00,Credit card,4.0,0.57
5758,M022,Mesquite,Fashion accessories,$57,1.0,08/11/25,15:23:00,Credit card,4.0,0.48
5759,M034,College Station,Home and lifestyle,$24,3.0,28/11/25,15:51:00,Credit card,5.0,0.48
5760,M001,Houston,Fashion accessories,$65,2.0,04/12/25,16:18:00,Credit card,5.0,0.36
5761,M063,Georgetown,Home and lifestyle,$49,3.0,05/11/25,19:30:00,Credit card,6.0,0.33
5762,M078,Del Rio,Fashion accessories,$64,3.0,06/11/25,15:36:00,Credit card,6.0,0.33
5763,M081,Friendswood,Home and lifestyle,$77,2.0,29/12/25,19:48:00,Credit card,4.0,0.33
5764,M064,Bedford,Fashion accessories,$67,1.0,29/12/25,20:10:00,Credit card,5.0,0.33
5765,M016,Brownsville,Home and lifestyle,$59,1.0,29/11/25,20:14:00,Credit card,3.0,0.48
5766,M027,Abilene,Fashion accessories,$82,3.0,15/12/25,16:22:00,Credit card,5.0,0.48
5767,M028,Odessa,Home and lifestyle,$41,2.0,16/12/25,19:11:00,Credit card,5.0,0.48
5768,M033,Pearland,Fashion accessories,$21,1.0,19/11/25,17:22:00,Credit card,6.0,0.48
5769,M067,Haltom City,Home and lifestyle,$56,3.0,30/12/25,19:43:00,Credit card,4.0,0.33
5770,M019,Pasadena,Fashion accessories,$46,2.0,20/12/25,16:26:00,Credit card,6.0,0.48
5771,M095,Big Spring,Home and lifestyle,$23,3.0,29/12/25,16:36:00,Credit card,5.0,0.33
5772,M079,La Porte,Fashion accessories,$67,2.0,22/12/25,16:28:00,Credit card,4.0,0.33
5773,M044,Pharr,Home and lifestyle,$37,2.0,08/11/25,16:41:00,Credit card,4.0,0.48
5774,M016,Brownsville,Fashion accessories,$72,2.0,06/12/25,19:35:00,Credit card,5.0,0.48
5775,M060,DeSoto,Home and lifestyle,$75,1.0,17/12/25,15:04:00,Credit card,4.0,0.33
5776,M043,Baytown,Fashion accessories,$81,1.0,08/12/25,20:44:00,Credit card,5.0,0.48
5777,M020,Killeen,Home and lifestyle,$31,3.0,11/12/25,17:13:00,Credit card,4.0,0.48
5778,M033,Pearland,Fashion accessories,$73,1.0,01/12/25,17:01:00,Credit card,6.0,0.48
5779,M088,Cleburne,Home and lifestyle,$46,1.0,23/11/25,16:24:00,Credit card,4.0,0.33
5780,M026,Denton,Fashion accessories,$34,1.0,05/11/25,20:14:00,Credit card,6.0,0.48
5781,M043,Baytown,Home and lifestyle,$64,2.0,04/12/25,16:20:00,Credit card,4.0,0.48
5782,M045,Missouri City,Fashion accessories,$33,2.0,05/11/25,15:21:00,Ewallet,4.0,0.48
5783,M040,Edinburg,Home and lifestyle,$25,2.0,02/12/25,15:17:00,Credit card,5.0,0.48
5784,M051,New Braunfels,Fashion accessories,$16,3.0,05/11/25,18:59:00,Credit card,5.0,0.57
5785,M070,Hurst,Home and lifestyle,$76,2.0,25/11/25,16:45:00,Credit card,4.0,0.33
5786,M067,Haltom City,Fashion accessories,$83,2.0,20/12/25,20:08:00,Credit card,7.0,0.33
5787,M091,Little Elm,Home and lifestyle,$59,1.0,11/12/25,18:25:00,Credit card,6.0,0.33
5788,M049,North Richland Hills,Fashion accessories,$70,3.0,10/11/25,15:44:00,Credit card,7.0,0.48
5789,M071,Lufkin,Home and lifestyle,$37,1.0,27/12/25,17:32:00,Credit card,3.0,0.33
5790,M077,Coppell,Fashion accessories,$38,1.0,21/11/25,20:57:00,Credit card,7.0,0.33
5791,M078,Del Rio,Home and lifestyle,$83,2.0,06/11/25,18:09:00,Credit card,3.0,0.33
5792,M098,Mineral Wells,Fashion accessories,$43,3.0,18/12/25,21:00:00,Credit card,6.0,0.18
5793,M006,El Paso,Home and lifestyle,$70,2.0,16/12/25,16:07:00,Credit card,6.0,0.48
5794,M015,Grand Prairie,Fashion accessories,$79,2.0,28/11/25,19:54:00,Credit card,5.0,0.48
5795,M008,Corpus Christi,Home and lifestyle,$30,1.0,31/12/25,16:56:00,Credit card,7.0,0.48
5796,M016,Brownsville,Fashion accessories,$34,1.0,19/11/25,18:18:00,Credit card,3.0,0.48
5797,M048,Harlingen,Home and lifestyle,$21,1.0,05/12/25,18:27:00,Credit card,6.0,0.48
5798,M017,McKinney,Fashion accessories,$30,3.0,01/12/25,16:20:00,Credit card,3.0,0.48
5799,M090,Brownwood,Home and lifestyle,$37,1.0,11/12/25,19:28:00,Credit card,6.0,0.33
5800,M009,Plano,Fashion accessories,$24,1.0,12/11/25,19:20:00,Credit card,7.0,0.48
5801,M022,Mesquite,Home and lifestyle,$78,3.0,17/11/25,18:35:00,Credit card,3.0,0.48
5802,M026,Denton,Fashion accessories,$46,2.0,13/11/25,20:04:00,Credit card,7.0,0.48
5803,M007,Arlington,Home and lifestyle,$70,3.0,01/12/25,15:37:00,Credit card,3.0,0.48
5804,M023,Midland,Fashion accessories,$69,3.0,12/12/25,20:08:00,Credit card,3.0,0.48
5805,M070,Hurst,Home and lifestyle,$64,2.0,04/11/25,20:07:00,Credit card,4.0,0.33
5806,M007,Arlington,Fashion accessories,$63,3.0,26/12/25,15:32:00,Credit card,4.0,0.48
5807,M037,League City,Home and lifestyle,$19,2.0,12/11/25,20:59:00,Credit card,5.0,0.48
5808,M070,Hurst,Fashion accessories,$52,2.0,24/12/25,20:52:00,Credit card,3.0,0.33
5809,M092,Lake Jackson,Home and lifestyle,$70,1.0,11/11/25,19:45:00,Credit card,6.0,0.33
5810,M049,North Richland Hills,Fashion accessories,$51,3.0,07/12/25,16:35:00,Credit card,5.0,0.48
5811,M060,DeSoto,Home and lifestyle,$60,2.0,09/12/25,17:54:00,Credit card,6.0,0.33
5812,M012,Garland,Fashion accessories,$18,2.0,22/12/25,15:48:00,Credit card,4.0,0.48
5813,M058,Port Arthur,Home and lifestyle,$40,1.0,27/11/25,20:31:00,Credit card,5.0,0.33
5814,M061,Cedar Park,Fashion accessories,$76,2.0,25/12/25,20:32:00,Credit card,6.0,0.33
5815,M088,Cleburne,Home and lifestyle,$38,3.0,02/11/25,17:23:00,Credit card,7.0,0.33
5816,M043,Baytown,Fashion accessories,$60,3.0,26/11/25,20:00:00,Credit card,4.0,0.48
5817,M021,McAllen,Home and lifestyle,$17,1.0,16/11/25,15:49:00,Credit card,6.0,0.48
5818,M013,Irving,Fashion accessories,$30,3.0,12/11/25,20:16:00,Credit card,3.0,0.48
5819,M018,Frisco,Home and lifestyle,$66,2.0,26/12/25,17:00:00,Credit card,4.0,0.48
5820,M007,Arlington,Fashion accessories,$56,2.0,19/12/25,18:23:00,Credit card,3.0,0.48
5821,M017,McKinney,Home and lifestyle,$54,2.0,24/11/25,18:18:00,Credit card,4.0,0.48
5822,M001,Houston,Fashion accessories,$59,2.0,13/12/25,17:52:00,Credit card,3.0,0.36
5823,M091,Little Elm,Home and lifestyle,$62,3.0,31/12/25,19:27:00,Credit card,3.0,0.33
5824,M097,Alice,Fashion accessories,$43,3.0,15/12/25,17:01:00,Credit card,3.0,0.18
5825,M023,Midland,Home and lifestyle,$49,2.0,28/11/25,15:40:00,Credit card,6.0,0.48
5826,M027,Abilene,Fashion accessories,$49,2.0,14/11/25,19:46:00,Credit card,5.0,0.48
5827,M088,Cleburne,Home and lifestyle,$35,2.0,25/11/25,18:37:00,Credit card,7.0,0.33
5828,M024,Carrollton,Fashion accessories,$52,1.0,21/11/25,18:40:00,Credit card,5.0,0.48
5829,M093,Angleton,Home and lifestyle,$51,2.0,03/11/25,17:53:00,Credit card,6.0,0.33
5830,M051,New Braunfels,Fashion accessories,$42,2.0,11/11/25,17:41:00,Credit card,5.0,0.57
5831,M008,Corpus Christi,Home and lifestyle,$56,1.0,24/11/25,17:51:00,Credit card,5.0,0.48
5832,M068,Burleson,Fashion accessories,$57,2.0,21/11/25,20:51:00,Credit card,3.0,0.33
5833,M058,Port Arthur,Home and lifestyle,$74,1.0,15/12/25,19:20:00,Credit card,7.0,0.33
5834,M092,Lake Jackson,Fashion accessories,$67,2.0,21/11/25,16:35:00,Credit card,6.0,0.33
5835,M010,Laredo,Home and lifestyle,$40,1.0,12/11/25,15:08:00,Credit card,7.0,0.48
5836,M096,Eagle Pass,Fashion accessories,$69,3.0,30/11/25,19:54:00,Credit card,5.0,0.18
5837,M097,Alice,Home and lifestyle,$34,1.0,02/11/25,16:47:00,Credit card,5.0,0.18
5838,M018,Frisco,Fashion accessories,$72,1.0,01/12/25,20:28:00,Credit card,3.0,0.48
5839,M093,Angleton,Home and lifestyle,$67,2.0,23/12/25,18:02:00,Credit card,6.0,0.33
5840,M018,Frisco,Fashion accessories,$84,2.0,26/11/25,17:16:00,Credit card,7.0,0.48
5841,M007,Arlington,Home and lifestyle,$28,1.0,11/12/25,20:14:00,Credit card,6.0,0.48
5842,M006,El Paso,Fashion accessories,$41,2.0,09/12/25,15:20:00,Credit card,5.0,0.48
5843,M058,Port Arthur,Home and lifestyle,$24,3.0,14/12/25,19:31:00,Credit card,6.0,0.33
5844,M076,Huntsville,Fashion accessories,$58,1.0,09/11/25,20:00:00,Credit card,6.0,0.33
5845,M069,Rockwall,Home and lifestyle,$48,2.0,08/11/25,19:37:00,Credit card,4.0,0.33
5846,M006,El Paso,Fashion accessories,$85,3.0,20/11/25,20:34:00,Credit card,4.0,0.48
5847,M006,El Paso,Home and lifestyle,$28,3.0,29/12/25,18:53:00,Credit card,4.0,0.48
5848,M061,Cedar Park,Fashion accessories,$56,2.0,10/11/25,16:52:00,Credit card,6.0,0.33
5849,M027,Abilene,Home and lifestyle,$35,1.0,14/12/25,19:36:00,Credit card,6.0,0.48
5850,M059,Pflugerville,Fashion accessories,$48,2.0,03/12/25,18:29:00,Credit card,4.0,0.33
5851,M022,Mesquite,Home and lifestyle,$45,1.0,13/11/25,19:13:00,Credit card,4.0,0.48
5852,M017,McKinney,Fashion accessories,$33,1.0,20/11/25,15:08:00,Credit card,6.0,0.48
5853,M014,Amarillo,Home and lifestyle,$41,1.0,24/11/25,17:47:00,Credit card,4.0,0.48
5854,M002,Dallas,Fashion accessories,$62,2.0,13/12/25,17:03:00,Credit card,5.0,0.36
5855,M052,Mansfield,Home and lifestyle,$65,2.0,02/11/25,20:13:00,Credit card,4.0,0.57
5856,M022,Mesquite,Fashion accessories,$61,1.0,22/11/25,19:30:00,Credit card,6.0,0.48
5857,M096,Eagle Pass,Home and lifestyle,$52,3.0,08/11/25,16:17:00,Credit card,6.0,0.18
5858,M083,Farmers Branch,Fashion accessories,$60,1.0,30/12/25,19:41:00,Credit card,3.0,0.33
5859,M094,Alamo,Home and lifestyle,$61,1.0,28/11/25,20:55:00,Credit card,7.0,0.33
5860,M064,Bedford,Fashion accessories,$50,3.0,11/12/25,15:33:00,Credit card,5.0,0.33
5861,M066,Grapevine,Home and lifestyle,$48,3.0,18/12/25,17:39:00,Credit card,7.0,0.33
5862,M078,Del Rio,Fashion accessories,$24,3.0,14/12/25,16:55:00,Credit card,5.0,0.33
5863,M006,El Paso,Home and lifestyle,$47,2.0,10/12/25,19:04:00,Credit card,4.0,0.48
5864,M015,Grand Prairie,Fashion accessories,$78,2.0,31/12/25,20:53:00,Credit card,4.0,0.48
5865,M078,Del Rio,Home and lifestyle,$43,3.0,31/12/25,20:19:00,Credit card,6.0,0.33
5866,M002,Dallas,Fashion accessories,$64,3.0,23/12/25,17:41:00,Credit card,3.0,0.36
5867,M033,Pearland,Home and lifestyle,$60,3.0,23/12/25,19:32:00,Credit card,7.0,0.48
5868,M083,Farmers Branch,Fashion accessories,$56,1.0,17/11/25,16:18:00,Credit card,4.0,0.33
5869,M023,Midland,Home and lifestyle,$29,2.0,20/12/25,20:18:00,Credit card,6.0,0.48
5870,M085,Kerrville,Fashion accessories,$59,3.0,27/12/25,20:42:00,Credit card,7.0,0.33
5871,M016,Brownsville,Home and lifestyle,$44,2.0,08/11/25,19:12:00,Credit card,6.0,0.48
5872,M030,Richardson,Fashion accessories,$30,3.0,16/11/25,18:44:00,Credit card,6.0,0.48
5873,M095,Big Spring,Home and lifestyle,$53,3.0,07/12/25,18:05:00,Credit card,3.0,0.33
5874,M061,Cedar Park,Fashion accessories,$21,3.0,24/11/25,18:27:00,Credit card,5.0,0.33
5875,M094,Alamo,Home and lifestyle,$21,1.0,13/12/25,19:52:00,Credit card,3.0,0.33
5876,M067,Haltom City,Fashion accessories,$29,1.0,23/12/25,17:42:00,Credit card,7.0,0.33
5877,M012,Garland,Home and lifestyle,$15,1.0,24/12/25,16:27:00,Credit card,6.0,0.48
5878,M030,Richardson,Fashion accessories,$28,3.0,11/12/25,16:37:00,Credit card,3.0,0.48
5879,M091,Little Elm,Home and lifestyle,$68,2.0,13/12/25,20:39:00,Credit card,6.0,0.33
5880,M097,Alice,Fashion accessories,$72,3.0,01/12/25,20:18:00,Credit card,5.0,0.18
5881,M057,Euless,Home and lifestyle,$19,2.0,11/12/25,19:07:00,Credit card,5.0,0.33
5882,M059,Pflugerville,Fashion accessories,$78,1.0,17/12/25,17:19:00,Credit card,4.0,0.33
5883,M028,Odessa,Home and lifestyle,$64,2.0,16/11/25,16:49:00,Credit card,3.0,0.48
5884,M066,Grapevine,Fashion accessories,$36,2.0,07/11/25,20:50:00,Credit card,5.0,0.33
5885,M091,Little Elm,Home and lifestyle,$68,1.0,23/12/25,18:08:00,Credit card,6.0,0.33
5886,M085,Kerrville,Fashion accessories,$77,1.0,02/12/25,19:37:00,Credit card,5.0,0.33
5887,M085,Kerrville,Home and lifestyle,$52,3.0,24/11/25,18:32:00,Credit card,6.0,0.33
5888,M041,Mission,Fashion accessories,$37,2.0,24/11/25,15:03:00,Ewallet,6.0,0.48
5889,M041,Mission,Home and lifestyle,$69,1.0,11/11/25,18:21:00,Ewallet,7.0,0.48
5890,M023,Midland,Fashion accessories,$46,1.0,01/12/25,18:25:00,Credit card,5.0,0.48
5891,M005,Fort Worth,Home and lifestyle,$24,1.0,09/12/25,15:33:00,Credit card,5.0,0.48
5892,M011,Lubbock,Fashion accessories,$34,1.0,09/11/25,15:25:00,Credit card,5.0,0.48
5893,M002,Dallas,Home and lifestyle,$23,1.0,09/11/25,20:26:00,Credit card,6.0,0.36
5894,M001,Houston,Fashion accessories,$69,2.0,26/12/25,20:21:00,Credit card,7.0,0.36
5895,M067,Haltom City,Home and lifestyle,$15,3.0,27/12/25,20:31:00,Credit card,4.0,0.33
5896,M095,Big Spring,Fashion accessories,$83,3.0,07/12/25,17:29:00,Credit card,4.0,0.33
5897,M006,El Paso,Home and lifestyle,$85,2.0,07/11/25,18:24:00,Credit card,3.0,0.48
5898,M049,North Richland Hills,Fashion accessories,$53,3.0,15/11/25,17:30:00,Credit card,7.0,0.48
5899,M031,Lewisville,Home and lifestyle,$27,3.0,04/12/25,20:48:00,Credit card,4.0,0.48
5900,M064,Bedford,Fashion accessories,$80,2.0,05/11/25,16:56:00,Credit card,6.0,0.33
5901,M031,Lewisville,Home and lifestyle,$15,2.0,16/12/25,17:50:00,Credit card,3.0,0.48
5902,M081,Friendswood,Fashion accessories,$82,1.0,08/11/25,15:26:00,Credit card,7.0,0.33
5903,M018,Frisco,Home and lifestyle,$73,1.0,15/11/25,16:01:00,Credit card,4.0,0.48
5904,M008,Corpus Christi,Fashion accessories,$17,2.0,23/11/25,20:26:00,Credit card,4.0,0.48
5905,M012,Garland,Home and lifestyle,$52,2.0,10/12/25,19:57:00,Credit card,7.0,0.48
5906,M020,Killeen,Fashion accessories,$79,3.0,12/11/25,15:49:00,Credit card,3.0,0.48
5907,M039,Longview,Home and lifestyle,$29,3.0,17/11/25,19:32:00,Credit card,7.0,0.48
5908,M011,Lubbock,Fashion accessories,$69,3.0,19/12/25,16:14:00,Credit card,5.0,0.48
5909,M041,Mission,Home and lifestyle,$79,3.0,01/11/25,15:02:00,Ewallet,4.0,0.48
5910,M019,Pasadena,Fashion accessories,$75,2.0,30/11/25,19:24:00,Credit card,6.0,0.48
5911,M095,Big Spring,Home and lifestyle,$40,2.0,26/11/25,17:10:00,Credit card,7.0,0.33
5912,M023,Midland,Fashion accessories,$39,2.0,05/11/25,20:48:00,Credit card,3.0,0.48
5913,M022,Mesquite,Home and lifestyle,$40,3.0,18/11/25,15:19:00,Credit card,4.0,0.48
5914,M022,Mesquite,Fashion accessories,$46,3.0,14/12/25,16:19:00,Credit card,6.0,0.48
5915,M018,Frisco,Home and lifestyle,$46,3.0,29/11/25,18:34:00,Credit card,3.0,0.48
5916,M031,Lewisville,Fashion accessories,$67,2.0,10/12/25,17:09:00,Credit card,7.0,0.48
5917,M082,Weslaco,Home and lifestyle,$51,2.0,16/12/25,15:08:00,Cash,6.0,0.33
5918,M009,Plano,Fashion accessories,$21,3.0,01/12/25,18:14:00,Credit card,3.0,0.48
5919,M009,Plano,Home and lifestyle,$43,2.0,25/11/25,16:18:00,Credit card,4.0,0.48
5920,M065,Texas City,Fashion accessories,$73,1.0,23/11/25,19:38:00,Credit card,6.0,0.33
5921,M009,Plano,Home and lifestyle,$83,2.0,19/12/25,19:44:00,Credit card,3.0,0.48
5922,M084,Schertz,Fashion accessories,$74,3.0,18/11/25,17:09:00,Credit card,5.0,0.33
5923,M073,Seguin,Home and lifestyle,$80,2.0,28/12/25,20:21:00,Credit card,6.0,0.33
5924,M054,Sherman,Fashion accessories,$81,3.0,06/12/25,16:55:00,Credit card,5.0,0.21
5925,M003,San Antonio,Home and lifestyle,$35,3.0,20/11/25,17:07:00,Credit card,6.0,0.36
5926,M058,Port Arthur,Fashion accessories,$34,1.0,02/11/25,19:45:00,Credit card,7.0,0.33
5927,M009,Plano,Home and lifestyle,$47,2.0,10/12/25,19:47:00,Credit card,3.0,0.48
5928,M029,Round Rock,Fashion accessories,$78,2.0,17/11/25,17:45:00,Credit card,5.0,0.48
5929,M055,Waxahachie,Home and lifestyle,$80,2.0,01/12/25,18:02:00,Credit card,7.0,0.33
5930,M050,Victoria,Fashion accessories,$64,2.0,26/12/25,16:55:00,Ewallet,3.0,0.48
5931,M009,Plano,Home and lifestyle,$65,1.0,05/12/25,16:16:00,Credit card,5.0,0.48
5932,M046,Temple,Fashion accessories,$34,1.0,20/12/25,18:55:00,Credit card,6.0,0.48
5933,M074,Weslaco,Home and lifestyle,$29,3.0,10/12/25,17:48:00,Cash,3.0,0.33
5934,M074,Weslaco,Fashion accessories,$66,2.0,27/11/25,16:04:00,Cash,4.0,0.33
5935,M082,Weslaco,Home and lifestyle,$84,3.0,23/12/25,16:59:00,Cash,4.0,0.33
5936,M056,Rowlett,Fashion accessories,$78,2.0,20/11/25,19:28:00,Credit card,6.0,0.33
5937,M073,Seguin,Home and lifestyle,$39,2.0,30/11/25,15:47:00,Credit card,5.0,0.33
5938,M069,Rockwall,Fashion accessories,$32,2.0,15/11/25,15:42:00,Credit card,4.0,0.33
5939,M025,Waco,Home and lifestyle,$56,3.0,19/11/25,19:46:00,Credit card,7.0,0.48
5940,M089,Southlake,Fashion accessories,$53,3.0,13/11/25,17:09:00,Credit card,7.0,0.33
5941,M025,Waco,Home and lifestyle,$49,1.0,09/11/25,16:06:00,Credit card,4.0,0.48
5942,M074,Weslaco,Fashion accessories,$77,3.0,25/12/25,19:22:00,Cash,3.0,0.33
5943,M035,San Angelo,Home and lifestyle,$28,3.0,12/11/25,15:14:00,Credit card,7.0,0.48
5944,M074,Weslaco,Fashion accessories,$54,3.0,07/12/25,18:59:00,Cash,7.0,0.33
5945,M029,Round Rock,Home and lifestyle,$65,1.0,27/12/25,18:49:00,Credit card,6.0,0.48
5946,M035,San Angelo,Fashion accessories,$22,2.0,13/12/25,15:05:00,Credit card,3.0,0.48
5947,M056,Rowlett,Home and lifestyle,$21,1.0,14/11/25,15:38:00,Credit card,4.0,0.33
5948,M030,Richardson,Fashion accessories,$40,3.0,29/11/25,17:59:00,Credit card,5.0,0.48
5949,M075,San Marcos,Home and lifestyle,$82,1.0,09/12/25,15:32:00,Credit card,3.0,0.33
5950,M084,Schertz,Fashion accessories,$82,2.0,30/12/25,17:33:00,Credit card,7.0,0.33
5951,M009,Plano,Home and lifestyle,$32,3.0,29/12/25,19:54:00,Credit card,5.0,0.48
5952,M030,Richardson,Fashion accessories,$22,1.0,11/11/25,15:05:00,Credit card,5.0,0.48
5953,M003,San Antonio,Home and lifestyle,$69,1.0,09/12/25,18:07:00,Credit card,5.0,0.36
5954,M073,Seguin,Fashion accessories,$80,1.0,04/11/25,15:49:00,Credit card,6.0,0.33
5955,M087,Waxahachie,Home and lifestyle,$42,2.0,05/11/25,20:40:00,Credit card,7.0,0.33
5956,M055,Waxahachie,Fashion accessories,$49,1.0,21/11/25,15:07:00,Credit card,3.0,0.33
5957,M084,Schertz,Home and lifestyle,$39,1.0,29/12/25,20:03:00,Credit card,6.0,0.33
5958,M054,Sherman,Fashion accessories,$71,2.0,23/11/25,15:36:00,Credit card,4.0,0.21
5959,M058,Port Arthur,Home and lifestyle,$17,3.0,01/11/25,16:16:00,Credit card,7.0,0.33
5960,M084,Schertz,Fashion accessories,$44,2.0,07/11/25,17:03:00,Credit card,5.0,0.33
5961,M009,Plano,Home and lifestyle,$70,1.0,09/12/25,19:15:00,Credit card,5.0,0.48
5962,M003,San Antonio,Fashion accessories,$75,1.0,20/11/25,19:35:00,Credit card,7.0,0.48
5963,M009,Plano,Home and lifestyle,$20,1.0,11/12/25,17:27:00,Credit card,6.0,0.48
5964,M058,Port Arthur,Fashion accessories,$15,1.0,15/11/25,20:14:00,Credit card,5.0,0.33
5965,M055,Waxahachie,Home and lifestyle,$25,3.0,25/11/25,19:10:00,Credit card,3.0,0.33
5966,M029,Round Rock,Fashion accessories,$85,1.0,22/11/25,16:03:00,Credit card,3.0,0.48
5967,M087,Waxahachie,Home and lifestyle,$82,1.0,29/11/25,15:47:00,Credit card,6.0,0.33
5968,M099,Weatherford,Fashion accessories,$23,2.0,12/12/25,20:15:00,Credit card,5.0,0.18
5969,M038,Sugar Land,Home and lifestyle,$80,3.0,13/11/25,20:11:00,Credit card,4.0,0.48
5970,M025,Waco,Fashion accessories,$72,2.0,12/11/25,18:57:00,Credit card,7.0,0.48
5971,M084,Schertz,Home and lifestyle,$48,1.0,22/11/25,19:53:00,Credit card,7.0,0.33
5972,M087,Waxahachie,Fashion accessories,$22,1.0,25/12/25,17:45:00,Credit card,3.0,0.33
5973,M050,Victoria,Home and lifestyle,$21,2.0,26/12/25,17:35:00,Credit card,3.0,0.48
5974,M056,Rowlett,Fashion accessories,$22,2.0,23/11/25,20:10:00,Credit card,7.0,0.33
5975,M074,Weslaco,Home and lifestyle,$26,1.0,16/12/25,19:34:00,Cash,4.0,0.33
5976,M009,Plano,Fashion accessories,$54,2.0,08/12/25,18:22:00,Credit card,3.0,0.48
5977,M035,San Angelo,Home and lifestyle,$16,3.0,01/12/25,15:45:00,Credit card,4.0,0.48
5978,M058,Port Arthur,Fashion accessories,$83,2.0,21/11/25,15:01:00,Credit card,6.0,0.33
5979,M056,Rowlett,Home and lifestyle,$40,3.0,11/12/25,17:14:00,Credit card,6.0,0.33
5980,M003,San Antonio,Fashion accessories,$41,3.0,13/11/25,15:32:00,Credit card,4.0,0.48
5981,M089,Southlake,Home and lifestyle,$28,1.0,14/12/25,19:30:00,Credit card,6.0,0.33
5982,M050,Victoria,Fashion accessories,$72,3.0,17/11/25,20:27:00,Ewallet,7.0,0.48
5983,M058,Port Arthur,Home and lifestyle,$49,2.0,16/11/25,20:44:00,Credit card,7.0,0.33
5984,M082,Weslaco,Fashion accessories,$60,3.0,09/12/25,18:11:00,Cash,7.0,0.33
5985,M099,Weatherford,Home and lifestyle,$35,2.0,22/11/25,18:39:00,Credit card,5.0,0.18
5986,M075,San Marcos,Fashion accessories,$50,2.0,31/12/25,17:51:00,Credit card,4.0,0.33
5987,M055,Waxahachie,Home and lifestyle,$32,1.0,11/11/25,17:25:00,Credit card,6.0,0.33
5988,M009,Plano,Fashion accessories,$26,1.0,26/11/25,18:58:00,Credit card,3.0,0.48
5989,M030,Richardson,Home and lifestyle,$50,1.0,22/12/25,18:09:00,Credit card,5.0,0.48
5990,M069,Rockwall,Fashion accessories,$31,2.0,25/12/25,19:29:00,Credit card,4.0,0.33
5991,M029,Round Rock,Home and lifestyle,$81,2.0,31/12/25,19:52:00,Credit card,7.0,0.48
5992,M069,Rockwall,Fashion accessories,$72,1.0,03/12/25,18:31:00,Credit card,4.0,0.33
5993,M082,Weslaco,Home and lifestyle,$19,3.0,21/12/25,18:08:00,Cash,4.0,0.33
5994,M069,Rockwall,Fashion accessories,$15,3.0,22/11/25,20:24:00,Credit card,5.0,0.33
5995,M073,Seguin,Home and lifestyle,$27,3.0,10/11/25,17:03:00,Credit card,7.0,0.33
5996,M069,Rockwall,Fashion accessories,$49,2.0,19/11/25,16:53:00,Credit card,6.0,0.33
5997,M030,Richardson,Home and lifestyle,$32,1.0,23/12/25,20:50:00,Credit card,7.0,0.48
5998,M029,Round Rock,Fashion accessories,$73,1.0,05/12/25,17:41:00,Credit card,3.0,0.48
5999,M046,Temple,Home and lifestyle,$67,1.0,12/12/25,16:56:00,Credit card,4.0,0.48
6000,M032,Tyler,Fashion accessories,$39,3.0,12/11/25,15:21:00,Credit card,5.0,0.48
6001,M073,Seguin,Home and lifestyle,$74,2.0,16/11/25,18:26:00,Credit card,4.0,0.33
6002,M030,Richardson,Fashion accessories,$44,1.0,05/12/25,16:34:00,Credit card,7.0,0.48
6003,M084,Schertz,Home and lifestyle,$83,3.0,03/11/25,17:39:00,Credit card,3.0,0.33
6004,M087,Waxahachie,Fashion accessories,$23,2.0,14/11/25,15:28:00,Credit card,5.0,0.33
6005,M069,Rockwall,Home and lifestyle,$29,2.0,06/11/25,20:23:00,Credit card,7.0,0.33
6006,M087,Waxahachie,Fashion accessories,$68,2.0,08/11/25,21:00:00,Credit card,4.0,0.33
6007,M030,Richardson,Home and lifestyle,$65,2.0,16/12/25,18:25:00,Credit card,6.0,0.48
6008,M074,Weslaco,Fashion accessories,$84,2.0,17/11/25,17:36:00,Cash,6.0,0.33
6009,M086,Rosenberg,Home and lifestyle,$68,2.0,04/12/25,16:59:00,Credit card,7.0,0.33
6010,M073,Seguin,Fashion accessories,$42,1.0,29/12/25,18:12:00,Credit card,5.0,0.33
6011,M074,Weslaco,Home and lifestyle,$72,2.0,06/11/25,19:39:00,Cash,6.0,0.33
6012,M030,Richardson,Fashion accessories,$59,3.0,06/12/25,17:23:00,Credit card,3.0,0.48
6013,M035,San Angelo,Home and lifestyle,$41,3.0,28/11/25,19:55:00,Credit card,6.0,0.48
6014,M082,Weslaco,Fashion accessories,$58,3.0,17/11/25,15:04:00,Cash,6.0,0.33
6015,M082,Weslaco,Home and lifestyle,$54,3.0,15/12/25,19:34:00,Cash,3.0,0.33
6016,M082,Weslaco,Fashion accessories,$70,1.0,26/12/25,19:13:00,Cash,7.0,0.33
6017,M032,Tyler,Home and lifestyle,$40,1.0,10/12/25,15:08:00,Credit card,3.0,0.48
6018,M032,Tyler,Fashion accessories,$45,2.0,26/12/25,19:36:00,Credit card,7.0,0.48
6019,M056,Rowlett,Home and lifestyle,$55,1.0,19/11/25,19:10:00,Credit card,5.0,0.33
6020,M046,Temple,Fashion accessories,$56,1.0,07/12/25,20:11:00,Credit card,4.0,0.48
6021,M084,Schertz,Home and lifestyle,$53,1.0,08/11/25,19:30:00,Credit card,7.0,0.33
6022,M099,Weatherford,Fashion accessories,$52,3.0,03/12/25,15:56:00,Credit card,5.0,0.18
6023,M073,Seguin,Home and lifestyle,$55,1.0,10/12/25,19:42:00,Credit card,4.0,0.33
6024,M029,Round Rock,Fashion accessories,$35,2.0,08/11/25,20:57:00,Credit card,6.0,0.48
6025,M003,San Antonio,Home and lifestyle,$75,2.0,27/12/25,15:14:00,Credit card,7.0,0.36
6026,M089,Southlake,Fashion accessories,$33,1.0,26/12/25,19:15:00,Credit card,6.0,0.33
6027,M086,Rosenberg,Home and lifestyle,$47,3.0,30/12/25,15:45:00,Credit card,4.0,0.33
6028,M069,Rockwall,Fashion accessories,$42,3.0,28/12/25,15:57:00,Credit card,3.0,0.33
6029,M046,Temple,Home and lifestyle,$83,2.0,12/11/25,18:05:00,Credit card,5.0,0.48
6030,M056,Rowlett,Fashion accessories,$69,3.0,27/12/25,18:11:00,Credit card,3.0,0.33
6031,M050,Victoria,Home and lifestyle,$15,2.0,12/12/25,17:32:00,Ewallet,6.0,0.48
6032,M055,Waxahachie,Fashion accessories,$68,3.0,19/11/25,20:31:00,Credit card,6.0,0.33
6033,M086,Rosenberg,Home and lifestyle,$71,1.0,30/12/25,15:53:00,Credit card,6.0,0.33
6034,M032,Tyler,Fashion accessories,$34,1.0,01/11/25,18:43:00,Credit card,7.0,0.48
6035,M075,San Marcos,Home and lifestyle,$32,2.0,22/12/25,17:21:00,Credit card,3.0,0.33
6036,M065,Texas City,Fashion accessories,$59,1.0,03/12/25,20:32:00,Credit card,7.0,0.33
6037,M046,Temple,Home and lifestyle,$54,1.0,03/11/25,17:30:00,Credit card,7.0,0.48
6038,M087,Waxahachie,Fashion accessories,$21,2.0,09/11/25,15:31:00,Credit card,3.0,0.33
6039,M087,Waxahachie,Home and lifestyle,$26,1.0,04/11/25,17:55:00,Credit card,4.0,0.33
6040,M032,Tyler,Fashion accessories,$20,2.0,18/11/25,20:01:00,Credit card,5.0,0.48
6041,M058,Port Arthur,Home and lifestyle,$67,1.0,04/11/25,15:20:00,Credit card,5.0,0.33
6042,M086,Rosenberg,Fashion accessories,$35,2.0,01/11/25,20:49:00,Credit card,6.0,0.33
6043,M030,Richardson,Home and lifestyle,$32,1.0,02/12/25,20:36:00,Credit card,6.0,0.48
6044,M082,Weslaco,Fashion accessories,$69,3.0,06/12/25,19:40:00,Cash,7.0,0.33
6045,M087,Waxahachie,Home and lifestyle,$29,2.0,05/11/25,19:05:00,Credit card,6.0,0.33
6046,M074,Weslaco,Fashion accessories,$35,1.0,09/11/25,20:49:00,Cash,3.0,0.33
6047,M029,Round Rock,Home and lifestyle,$58,2.0,15/12/25,16:42:00,Credit card,5.0,0.48
6048,M003,San Antonio,Fashion accessories,$63,1.0,01/11/25,17:13:00,Credit card,7.0,0.48
6049,M074,Weslaco,Home and lifestyle,$36,3.0,10/11/25,20:35:00,Cash,7.0,0.33
6050,M082,Weslaco,Fashion accessories,$23,3.0,09/12/25,20:51:00,Cash,6.0,0.33
6051,M056,Rowlett,Home and lifestyle,$55,2.0,17/11/25,20:01:00,Credit card,4.0,0.33
6052,M003,San Antonio,Fashion accessories,$28,1.0,14/12/25,15:40:00,Credit card,6.0,0.48
6053,M075,San Marcos,Home and lifestyle,$43,2.0,09/12/25,15:06:00,Credit card,5.0,0.33
6054,M032,Tyler,Fashion accessories,$52,1.0,07/11/25,17:27:00,Credit card,5.0,0.48
6055,M046,Temple,Home and lifestyle,$37,2.0,22/12/25,16:06:00,Credit card,4.0,0.48
6056,M065,Texas City,Fashion accessories,$77,3.0,02/12/25,19:19:00,Credit card,5.0,0.33
6057,M075,San Marcos,Home and lifestyle,$19,3.0,17/12/25,17:59:00,Credit card,5.0,0.33
6058,M084,Schertz,Fashion accessories,$47,2.0,29/11/25,17:08:00,Credit card,6.0,0.33
6059,M089,Southlake,Home and lifestyle,$83,3.0,31/12/25,15:10:00,Credit card,5.0,0.33
6060,M032,Tyler,Fashion accessories,$15,2.0,30/11/25,19:17:00,Credit card,6.0,0.48
6061,M035,San Angelo,Home and lifestyle,$63,2.0,01/12/25,17:18:00,Credit card,7.0,0.48
6062,M032,Tyler,Fashion accessories,$20,2.0,16/12/25,18:34:00,Credit card,3.0,0.48
6063,M054,Sherman,Home and lifestyle,$35,3.0,13/12/25,20:35:00,Credit card,5.0,0.21
6064,M054,Sherman,Fashion accessories,$46,2.0,05/11/25,15:05:00,Credit card,5.0,0.21
6065,M046,Temple,Home and lifestyle,$16,2.0,10/11/25,19:00:00,Credit card,4.0,0.48
6066,M058,Port Arthur,Fashion accessories,$84,1.0,09/11/25,16:36:00,Credit card,3.0,0.33
6067,M075,San Marcos,Home and lifestyle,$62,1.0,01/12/25,18:18:00,Credit card,4.0,0.33
6068,M054,Sherman,Fashion accessories,$45,2.0,09/11/25,16:51:00,Credit card,6.0,0.21
6069,M087,Waxahachie,Home and lifestyle,$35,1.0,13/11/25,15:27:00,Credit card,5.0,0.33
6070,M054,Sherman,Fashion accessories,$63,3.0,16/11/25,16:46:00,Credit card,5.0,0.21
6071,M029,Round Rock,Home and lifestyle,$49,3.0,31/12/25,17:53:00,Credit card,6.0,0.48
6072,M069,Rockwall,Fashion accessories,$72,1.0,06/12/25,17:50:00,Credit card,7.0,0.33
6073,M009,Plano,Home and lifestyle,$74,1.0,24/11/25,20:13:00,Credit card,7.0,0.48
6074,M054,Sherman,Fashion accessories,$66,3.0,10/12/25,17:51:00,Credit card,5.0,0.21
6075,M073,Seguin,Home and lifestyle,$58,3.0,10/11/25,17:33:00,Credit card,7.0,0.33
6076,M065,Texas City,Fashion accessories,$83,3.0,18/11/25,17:03:00,Credit card,5.0,0.33
6077,M075,San Marcos,Home and lifestyle,$80,2.0,10/12/25,18:47:00,Credit card,6.0,0.33
6078,M065,Texas City,Fashion accessories,$38,3.0,13/11/25,16:02:00,Credit card,5.0,0.33
6079,M046,Temple,Home and lifestyle,$29,1.0,28/12/25,19:16:00,Credit card,5.0,0.48
6080,M032,Tyler,Fashion accessories,$67,2.0,10/11/25,15:10:00,Credit card,5.0,0.48
6081,M086,Rosenberg,Home and lifestyle,$54,1.0,04/11/25,19:54:00,Credit card,5.0,0.33
6082,M073,Seguin,Fashion accessories,$17,3.0,02/12/25,16:20:00,Credit card,7.0,0.33
6083,M050,Victoria,Home and lifestyle,$48,2.0,17/12/25,20:02:00,Ewallet,5.0,0.48
6084,M032,Tyler,Fashion accessories,$24,2.0,24/11/25,19:00:00,Credit card,3.0,0.48
6085,M050,Victoria,Home and lifestyle,$37,2.0,28/12/25,18:21:00,Ewallet,4.0,0.48
6086,M087,Waxahachie,Fashion accessories,$36,3.0,03/12/25,18:27:00,Credit card,5.0,0.33
6087,M009,Plano,Home and lifestyle,$76,1.0,10/11/25,17:59:00,Credit card,5.0,0.48
6088,M074,Weslaco,Fashion accessories,$73,1.0,17/12/25,18:40:00,Cash,7.0,0.33
6089,M056,Rowlett,Home and lifestyle,$41,1.0,17/12/25,19:13:00,Credit card,5.0,0.33
6090,M009,Plano,Fashion accessories,$15,3.0,01/11/25,19:37:00,Credit card,4.0,0.48
6091,M086,Rosenberg,Home and lifestyle,$52,1.0,05/11/25,19:22:00,Credit card,6.0,0.33
6092,M050,Victoria,Fashion accessories,$64,3.0,29/11/25,18:06:00,Ewallet,7.0,0.48
6093,M084,Schertz,Home and lifestyle,$15,3.0,07/12/25,17:08:00,Credit card,5.0,0.33
6094,M065,Texas City,Fashion accessories,$31,1.0,04/12/25,16:11:00,Credit card,7.0,0.33
6095,M087,Waxahachie,Home and lifestyle,$24,2.0,22/11/25,19:51:00,Credit card,3.0,0.33
6096,M065,Texas City,Fashion accessories,$71,2.0,18/11/25,15:36:00,Credit card,3.0,0.33
6097,M035,San Angelo,Home and lifestyle,$20,1.0,01/12/25,20:39:00,Credit card,5.0,0.48
6098,M054,Sherman,Fashion accessories,$65,3.0,06/12/25,19:37:00,Credit card,6.0,0.21
6099,M055,Waxahachie,Home and lifestyle,$60,2.0,24/12/25,20:20:00,Credit card,6.0,0.33
6100,M003,San Antonio,Fashion accessories,$26,1.0,24/11/25,17:48:00,Credit card,6.0,0.48
6101,M099,Weatherford,Home and lifestyle,$78,3.0,25/12/25,15:24:00,Credit card,3.0,0.18
6102,M074,Weslaco,Fashion accessories,$65,1.0,27/12/25,19:59:00,Cash,4.0,0.33
6103,M054,Sherman,Home and lifestyle,$20,2.0,08/11/25,18:06:00,Credit card,3.0,0.21
6104,M069,Rockwall,Fashion accessories,$51,2.0,20/12/25,17:40:00,Credit card,3.0,0.33
6105,M065,Texas City,Home and lifestyle,$56,1.0,22/11/25,18:27:00,Credit card,5.0,0.33
6106,M035,San Angelo,Fashion accessories,$42,1.0,16/12/25,17:28:00,Credit card,7.0,0.48
6107,M029,Round Rock,Home and lifestyle,$43,3.0,26/12/25,18:02:00,Credit card,7.0,0.48
6108,M069,Rockwall,Fashion accessories,$38,3.0,26/11/25,20:48:00,Credit card,5.0,0.33
6109,M029,Round Rock,Home and lifestyle,$56,1.0,26/12/25,19:45:00,Credit card,4.0,0.48
6110,M082,Weslaco,Fashion accessories,$34,1.0,20/11/25,16:56:00,Cash,3.0,0.33
6111,M075,San Marcos,Home and lifestyle,$34,1.0,01/12/25,18:19:00,Credit card,4.0,0.33
6112,M046,Temple,Fashion accessories,$59,2.0,29/11/25,17:16:00,Credit card,3.0,0.48
6113,M073,Seguin,Home and lifestyle,$55,2.0,25/12/25,18:06:00,Credit card,7.0,0.33
6114,M086,Rosenberg,Fashion accessories,$68,1.0,01/12/25,18:07:00,Credit card,6.0,0.33
6115,M075,San Marcos,Home and lifestyle,$56,1.0,15/12/25,20:10:00,Credit card,7.0,0.33
6116,M073,Seguin,Fashion accessories,$20,2.0,13/11/25,17:24:00,Credit card,3.0,0.33
6117,M050,Victoria,Home and lifestyle,$35,2.0,06/11/25,16:50:00,Ewallet,7.0,0.48
6118,M086,Rosenberg,Fashion accessories,$28,1.0,20/11/25,18:18:00,Credit card,5.0,0.33
6119,M025,Waco,Home and lifestyle,$73,1.0,15/11/25,18:28:00,Credit card,7.0,0.48
6120,M069,Rockwall,Fashion accessories,$63,1.0,16/12/25,16:56:00,Credit card,3.0,0.33
6121,M065,Texas City,Home and lifestyle,$50,1.0,27/12/25,19:17:00,Credit card,6.0,0.33
6122,M050,Victoria,Fashion accessories,$48,2.0,02/11/25,18:23:00,Ewallet,5.0,0.48
6123,M058,Port Arthur,Home and lifestyle,$62,2.0,29/12/25,20:20:00,Credit card,4.0,0.33
6124,M029,Round Rock,Fashion accessories,$35,1.0,10/12/25,17:16:00,Credit card,3.0,0.48
6125,M058,Port Arthur,Home and lifestyle,$52,2.0,25/12/25,16:46:00,Credit card,7.0,0.33
6126,M030,Richardson,Fashion accessories,$79,2.0,06/12/25,18:31:00,Credit card,7.0,0.48
6127,M073,Seguin,Home and lifestyle,$42,1.0,09/12/25,16:26:00,Credit card,6.0,0.33
6128,M084,Schertz,Fashion accessories,$74,3.0,13/12/25,15:30:00,Credit card,5.0,0.33
6129,M046,Temple,Home and lifestyle,$45,1.0,20/11/25,16:42:00,Credit card,6.0,0.48
6130,M046,Temple,Fashion accessories,$65,3.0,18/11/25,17:39:00,Credit card,7.0,0.48
6131,M087,Waxahachie,Home and lifestyle,$44,1.0,08/12/25,19:44:00,Credit card,5.0,0.33
6132,M089,Southlake,Fashion accessories,$19,1.0,10/11/25,16:41:00,Credit card,7.0,0.33
6133,M038,Sugar Land,Home and lifestyle,$58,1.0,03/11/25,17:05:00,Credit card,4.0,0.48
6134,M054,Sherman,Fashion accessories,$77,1.0,03/12/25,17:33:00,Credit card,7.0,0.21
6135,M003,San Antonio,Home and lifestyle,$84,1.0,01/12/25,15:20:00,Credit card,7.0,0.36
6136,M073,Seguin,Fashion accessories,$57,2.0,06/11/25,15:41:00,Credit card,5.0,0.33
6137,M009,Plano,Home and lifestyle,$65,3.0,15/12/25,20:04:00,Credit card,3.0,0.48
6138,M003,San Antonio,Fashion accessories,$70,3.0,31/12/25,19:51:00,Credit card,7.0,0.48
6139,M030,Richardson,Home and lifestyle,$39,2.0,01/12/25,20:26:00,Credit card,7.0,0.48
6140,M086,Rosenberg,Fashion accessories,$71,2.0,30/11/25,19:02:00,Credit card,3.0,0.33
6141,M089,Southlake,Home and lifestyle,$31,2.0,11/12/25,16:24:00,Credit card,5.0,0.33
6142,M009,Plano,Fashion accessories,$29,1.0,05/12/25,18:37:00,Credit card,7.0,0.48
6143,M058,Port Arthur,Home and lifestyle,$33,3.0,03/12/25,18:11:00,Credit card,7.0,0.33
6144,M055,Waxahachie,Fashion accessories,$78,2.0,30/12/25,19:56:00,Credit card,6.0,0.33
6145,M056,Rowlett,Home and lifestyle,$60,2.0,09/11/25,19:17:00,Credit card,4.0,0.33
6146,M074,Weslaco,Fashion accessories,$28,1.0,07/12/25,16:46:00,Cash,3.0,0.33
6147,M084,Schertz,Home and lifestyle,$15,3.0,08/12/25,21:00:00,Credit card,3.0,0.33
6148,M003,San Antonio,Fashion accessories,$18,3.0,16/12/25,19:35:00,Credit card,7.0,0.48
6149,M029,Round Rock,Home and lifestyle,$75,2.0,31/12/25,16:35:00,Credit card,5.0,0.48
6150,M050,Victoria,Fashion accessories,$46,1.0,10/12/25,16:49:00,Ewallet,7.0,0.48
6151,M009,Plano,Home and lifestyle,$50,2.0,19/12/25,19:17:00,Credit card,6.0,0.48
6152,M035,San Angelo,Fashion accessories,$53,3.0,02/12/25,19:10:00,Credit card,3.0,0.48
6153,M009,Plano,Home and lifestyle,$49,1.0,19/11/25,19:37:00,Credit card,6.0,0.48
6154,M075,San Marcos,Fashion accessories,$75,1.0,11/12/25,18:46:00,Credit card,6.0,0.33
6155,M055,Waxahachie,Home and lifestyle,$59,2.0,21/12/25,19:32:00,Credit card,7.0,0.33
6156,M056,Rowlett,Fashion accessories,$29,3.0,08/12/25,20:27:00,Credit card,5.0,0.33
6157,M087,Waxahachie,Home and lifestyle,$48,2.0,04/12/25,20:31:00,Credit card,4.0,0.33
6158,M087,Waxahachie,Fashion accessories,$46,2.0,01/12/25,20:08:00,Credit card,6.0,0.33
6159,M084,Schertz,Home and lifestyle,$62,3.0,19/11/25,18:49:00,Credit card,7.0,0.33
6160,M084,Schertz,Fashion accessories,$69,2.0,04/12/25,15:40:00,Credit card,3.0,0.33
6161,M025,Waco,Home and lifestyle,$58,1.0,23/12/25,20:55:00,Credit card,7.0,0.48
6162,M086,Rosenberg,Fashion accessories,$58,3.0,29/11/25,17:15:00,Credit card,7.0,0.33
6163,M032,Tyler,Home and lifestyle,$61,1.0,30/11/25,15:17:00,Credit card,3.0,0.48
6164,M035,San Angelo,Fashion accessories,$84,1.0,14/11/25,15:48:00,Credit card,5.0,0.48
6165,M065,Texas City,Electronic accessories,$67,2.0,01/12/25,18:37:00,Credit card,7.0,0.33
6166,M073,Seguin,Electronic accessories,$80,2.0,20/11/25,18:24:00,Credit card,5.0,0.33
6167,M075,San Marcos,Electronic accessories,$21,3.0,03/11/25,15:02:00,Credit card,6.0,0.33
6168,M075,San Marcos,Electronic accessories,$39,1.0,17/11/25,20:54:00,Credit card,7.0,0.33
6169,M055,Waxahachie,Electronic accessories,$56,3.0,26/12/25,17:53:00,Credit card,5.0,0.33
6170,M055,Waxahachie,Electronic accessories,$54,3.0,04/11/25,20:31:00,Credit card,5.0,0.33
6171,M029,Round Rock,Electronic accessories,$28,2.0,16/12/25,20:42:00,Credit card,5.0,0.48
6172,M073,Seguin,Electronic accessories,$30,2.0,03/11/25,15:12:00,Credit card,3.0,0.33
6173,M038,Sugar Land,Electronic accessories,$79,2.0,30/12/25,16:07:00,Credit card,7.0,0.48
6174,M009,Plano,Electronic accessories,$58,1.0,23/12/25,15:56:00,Credit card,4.0,0.48
6175,M082,Weslaco,Electronic accessories,$81,3.0,23/11/25,17:29:00,Cash,6.0,0.33
6176,M065,Texas City,Electronic accessories,$59,1.0,01/12/25,19:20:00,Credit card,4.0,0.33
6177,M069,Rockwall,Electronic accessories,$37,1.0,21/12/25,15:47:00,Credit card,6.0,0.33
6178,M069,Rockwall,Electronic accessories,$42,1.0,12/11/25,15:51:00,Credit card,7.0,0.33
6179,M046,Temple,Electronic accessories,$77,3.0,05/12/25,16:29:00,Credit card,3.0,0.48
6180,M073,Seguin,Electronic accessories,$80,2.0,02/12/25,20:31:00,Credit card,4.0,0.33
6181,M038,Sugar Land,Electronic accessories,$56,3.0,11/12/25,17:03:00,Credit card,5.0,0.48
6182,M035,San Angelo,Electronic accessories,$42,3.0,08/12/25,15:01:00,Credit card,4.0,0.48
6183,M056,Rowlett,Electronic accessories,$78,3.0,27/11/25,19:53:00,Credit card,3.0,0.33
6184,M065,Texas City,Electronic accessories,$28,1.0,15/11/25,17:34:00,Credit card,6.0,0.33
6185,M082,Weslaco,Electronic accessories,$68,3.0,25/11/25,18:07:00,Cash,7.0,0.33
6186,M030,Richardson,Electronic accessories,$28,3.0,26/11/25,15:42:00,Credit card,4.0,0.48
6187,M025,Waco,Electronic accessories,$42,3.0,30/11/25,20:19:00,Credit card,3.0,0.48
6188,M029,Round Rock,Electronic accessories,$40,3.0,28/12/25,20:11:00,Credit card,4.0,0.48
6189,M009,Plano,Electronic accessories,$23,3.0,19/11/25,15:08:00,Credit card,4.0,0.48
6190,M046,Temple,Electronic accessories,$60,3.0,22/11/25,17:35:00,Credit card,4.0,0.48
6191,M050,Victoria,Electronic accessories,$81,3.0,01/12/25,18:53:00,Ewallet,6.0,0.48
6192,M032,Tyler,Electronic accessories,$55,3.0,25/12/25,17:20:00,Credit card,7.0,0.48
6193,M065,Texas City,Electronic accessories,$32,2.0,13/12/25,16:01:00,Credit card,3.0,0.33
6194,M055,Waxahachie,Electronic accessories,$43,1.0,07/12/25,20:24:00,Credit card,7.0,0.33
6195,M055,Waxahachie,Electronic accessories,$43,3.0,29/11/25,20:32:00,Credit card,6.0,0.33
6196,M069,Rockwall,Electronic accessories,$18,3.0,08/12/25,20:43:00,Credit card,7.0,0.33
6197,M032,Tyler,Electronic accessories,$56,2.0,08/11/25,20:24:00,Credit card,6.0,0.48
6198,M086,Rosenberg,Electronic accessories,$65,2.0,11/11/25,19:52:00,Credit card,6.0,0.33
6199,M073,Seguin,Electronic accessories,$18,3.0,24/11/25,15:56:00,Credit card,3.0,0.33
6200,M075,San Marcos,Electronic accessories,$35,1.0,04/12/25,19:33:00,Credit card,3.0,0.33
6201,M032,Tyler,Electronic accessories,$33,2.0,12/12/25,19:26:00,Credit card,7.0,0.48
6202,M003,San Antonio,Electronic accessories,$67,3.0,03/12/25,19:16:00,Credit card,4.0,0.48
6203,M086,Rosenberg,Electronic accessories,$21,2.0,07/12/25,20:38:00,Credit card,7.0,0.33
6204,M075,San Marcos,Electronic accessories,$65,2.0,02/12/25,19:53:00,Credit card,7.0,0.33
6205,M082,Weslaco,Electronic accessories,$79,1.0,18/12/25,17:58:00,Cash,6.0,0.33
6206,M089,Southlake,Electronic accessories,$74,3.0,22/11/25,16:44:00,Credit card,4.0,0.33
6207,M073,Seguin,Electronic accessories,$37,3.0,30/11/25,18:48:00,Credit card,5.0,0.33
6208,M087,Waxahachie,Electronic accessories,$45,2.0,04/12/25,16:14:00,Credit card,7.0,0.33
6209,M082,Weslaco,Electronic accessories,$19,1.0,15/11/25,17:36:00,Cash,4.0,0.33
6210,M056,Rowlett,Electronic accessories,$46,1.0,20/11/25,16:04:00,Credit card,3.0,0.33
6211,M075,San Marcos,Electronic accessories,$37,3.0,09/12/25,15:03:00,Credit card,4.0,0.33
6212,M025,Waco,Electronic accessories,$33,3.0,19/11/25,15:24:00,Credit card,7.0,0.48
6213,M073,Seguin,Electronic accessories,$84,2.0,07/11/25,15:26:00,Credit card,7.0,0.33
6214,M046,Temple,Electronic accessories,$68,3.0,05/11/25,19:10:00,Credit card,4.0,0.48
6215,M009,Plano,Electronic accessories,$67,2.0,14/12/25,17:30:00,Credit card,6.0,0.48
6216,M035,San Angelo,Electronic accessories,$85,2.0,24/12/25,20:10:00,Credit card,7.0,0.48
6217,M003,San Antonio,Electronic accessories,$68,3.0,25/11/25,16:17:00,Credit card,4.0,0.48
6218,M032,Tyler,Electronic accessories,$44,1.0,22/11/25,15:40:00,Credit card,5.0,0.48
6219,M038,Sugar Land,Electronic accessories,$22,1.0,20/12/25,15:20:00,Credit card,4.0,0.48
6220,M082,Weslaco,Electronic accessories,$71,1.0,28/12/25,17:58:00,Cash,3.0,0.33
6221,M025,Waco,Electronic accessories,$30,2.0,09/12/25,16:19:00,Credit card,4.0,0.48
6222,M056,Rowlett,Electronic accessories,$47,3.0,29/11/25,17:06:00,Credit card,7.0,0.33
6223,M029,Round Rock,Electronic accessories,$79,2.0,13/12/25,19:44:00,Credit card,5.0,0.48
6224,M054,Sherman,Electronic accessories,$72,1.0,12/12/25,16:36:00,Credit card,4.0,0.33
6225,M056,Rowlett,Electronic accessories,$45,3.0,29/12/25,17:13:00,Credit card,6.0,0.33
6226,M009,Plano,Electronic accessories,$44,2.0,31/12/25,15:33:00,Credit card,7.0,0.48
6227,M082,Weslaco,Electronic accessories,$23,2.0,15/12/25,15:58:00,Cash,6.0,0.33
6228,M073,Seguin,Electronic accessories,$77,3.0,07/11/25,20:07:00,Credit card,7.0,0.33
6229,M099,Weatherford,Electronic accessories,$48,1.0,24/12/25,18:00:00,Credit card,6.0,0.18
6230,M054,Sherman,Electronic accessories,$72,2.0,20/11/25,16:28:00,Credit card,3.0,0.33
6231,M073,Seguin,Electronic accessories,$68,3.0,05/11/25,20:53:00,Credit card,4.0,0.33
6232,M065,Texas City,Electronic accessories,$45,3.0,07/11/25,18:41:00,Credit card,3.0,0.33
6233,M087,Waxahachie,Electronic accessories,$62,3.0,01/12/25,20:23:00,Credit card,6.0,0.33
6234,M089,Southlake,Electronic accessories,$56,2.0,07/11/25,16:16:00,Credit card,6.0,0.33
6235,M087,Waxahachie,Electronic accessories,$65,1.0,26/12/25,19:16:00,Credit card,4.0,0.33
6236,M050,Victoria,Electronic accessories,$82,2.0,01/11/25,19:33:00,Ewallet,3.0,0.48
6237,M069,Rockwall,Electronic accessories,$50,1.0,09/11/25,18:37:00,Credit card,3.0,0.33
6238,M032,Tyler,Electronic accessories,$73,3.0,21/12/25,17:24:00,Credit card,5.0,0.48
6239,M046,Temple,Electronic accessories,$37,1.0,18/11/25,19:04:00,Credit card,6.0,0.48
6240,M032,Tyler,Electronic accessories,$56,1.0,22/12/25,16:03:00,Credit card,6.0,0.48
6241,M087,Waxahachie,Electronic accessories,$81,3.0,02/12/25,17:43:00,Credit card,6.0,0.33
6242,M074,Weslaco,Electronic accessories,$71,2.0,30/12/25,19:59:00,Cash,3.0,0.33
6243,M038,Sugar Land,Electronic accessories,$54,3.0,05/12/25,15:45:00,Credit card,5.0,0.48
6244,M082,Weslaco,Electronic accessories,$20,3.0,15/11/25,18:25:00,Cash,4.0,0.33
6245,M082,Weslaco,Electronic accessories,$25,3.0,30/11/25,17:39:00,Cash,7.0,0.33
6246,M069,Rockwall,Electronic accessories,$52,1.0,31/12/25,20:11:00,Credit card,5.0,0.33
6247,M032,Tyler,Electronic accessories,$48,3.0,14/12/25,20:16:00,Credit card,3.0,0.48
6248,M046,Temple,Electronic accessories,$55,3.0,06/12/25,20:30:00,Credit card,7.0,0.48
6249,M009,Plano,Electronic accessories,$18,1.0,22/12/25,20:16:00,Credit card,5.0,0.48
6250,M029,Round Rock,Electronic accessories,$78,3.0,10/12/25,19:23:00,Credit card,7.0,0.48
6251,M089,Southlake,Electronic accessories,$34,1.0,08/12/25,17:52:00,Credit card,5.0,0.33
6252,M029,Round Rock,Electronic accessories,$24,3.0,24/12/25,15:31:00,Credit card,6.0,0.48
6253,M074,Weslaco,Electronic accessories,$16,1.0,23/11/25,16:14:00,Cash,3.0,0.33
6254,M050,Victoria,Electronic accessories,$70,3.0,23/12/25,15:37:00,Ewallet,6.0,0.48
6255,M089,Southlake,Electronic accessories,$50,2.0,19/12/25,20:31:00,Credit card,7.0,0.33
6256,M069,Rockwall,Electronic accessories,$57,3.0,13/11/25,17:52:00,Credit card,3.0,0.33
6257,M075,San Marcos,Electronic accessories,$29,3.0,15/11/25,18:05:00,Credit card,5.0,0.33
6258,M029,Round Rock,Electronic accessories,$57,2.0,22/12/25,17:02:00,Credit card,6.0,0.48
6259,M035,San Angelo,Electronic accessories,$36,3.0,23/12/25,18:54:00,Credit card,7.0,0.48
6260,M058,Port Arthur,Electronic accessories,$65,3.0,04/11/25,20:44:00,Credit card,3.0,0.33
6261,M082,Weslaco,Electronic accessories,$67,2.0,09/12/25,20:53:00,Cash,6.0,0.33
6262,M054,Sherman,Electronic accessories,$45,2.0,03/12/25,15:51:00,Credit card,4.0,0.33
6263,M009,Plano,Electronic accessories,$70,1.0,14/11/25,16:09:00,Credit card,4.0,0.48
6264,M055,Waxahachie,Electronic accessories,$61,3.0,21/12/25,15:56:00,Credit card,7.0,0.33
6265,M003,San Antonio,Electronic accessories,$29,3.0,03/11/25,16:57:00,Credit card,5.0,0.48
6266,M035,San Angelo,Electronic accessories,$57,1.0,03/12/25,17:36:00,Credit card,6.0,0.48
6267,M075,San Marcos,Electronic accessories,$47,1.0,16/11/25,17:06:00,Credit card,4.0,0.33
6268,M075,San Marcos,Electronic accessories,$34,2.0,09/12/25,18:56:00,Credit card,6.0,0.33
6269,M030,Richardson,Electronic accessories,$46,1.0,20/12/25,17:28:00,Credit card,4.0,0.48
6270,M030,Richardson,Electronic accessories,$15,2.0,29/12/25,20:17:00,Credit card,5.0,0.48
6271,M099,Weatherford,Electronic accessories,$73,1.0,15/11/25,18:25:00,Credit card,7.0,0.18
6272,M038,Sugar Land,Electronic accessories,$38,3.0,08/11/25,16:20:00,Credit card,7.0,0.48
6273,M074,Weslaco,Electronic accessories,$80,2.0,15/11/25,19:18:00,Cash,3.0,0.33
6274,M055,Waxahachie,Electronic accessories,$82,3.0,29/11/25,18:49:00,Credit card,3.0,0.33
6275,M086,Rosenberg,Electronic accessories,$76,2.0,05/12/25,20:46:00,Credit card,4.0,0.33
6276,M099,Weatherford,Electronic accessories,$75,1.0,18/12/25,20:12:00,Credit card,5.0,0.18
6277,M032,Tyler,Electronic accessories,$65,3.0,12/12/25,16:31:00,Credit card,3.0,0.48
6278,M074,Weslaco,Electronic accessories,$22,2.0,07/11/25,17:26:00,Cash,3.0,0.33
6279,M089,Southlake,Electronic accessories,$19,3.0,06/12/25,15:05:00,Credit card,7.0,0.33
6280,M065,Texas City,Electronic accessories,$20,3.0,21/11/25,15:54:00,Credit card,3.0,0.33
6281,M065,Texas City,Electronic accessories,$49,2.0,18/11/25,20:27:00,Credit card,6.0,0.33
6282,M086,Rosenberg,Electronic accessories,$49,2.0,24/12/25,17:03:00,Credit card,7.0,0.33
6283,M086,Rosenberg,Electronic accessories,$43,3.0,25/12/25,19:47:00,Credit card,5.0,0.33
6284,M084,Schertz,Electronic accessories,$38,3.0,01/11/25,17:37:00,Credit card,7.0,0.33
6285,M009,Plano,Electronic accessories,$77,2.0,11/11/25,19:53:00,Credit card,7.0,0.48
6286,M050,Victoria,Electronic accessories,$58,1.0,17/11/25,17:03:00,Ewallet,5.0,0.48
6287,M082,Weslaco,Electronic accessories,$59,2.0,01/12/25,17:47:00,Cash,5.0,0.33
6288,M029,Round Rock,Electronic accessories,$76,2.0,01/11/25,15:24:00,Credit card,5.0,0.48
6289,M029,Round Rock,Electronic accessories,$75,3.0,02/12/25,18:00:00,Credit card,6.0,0.48
6290,M089,Southlake,Electronic accessories,$40,3.0,25/11/25,20:22:00,Credit card,3.0,0.33
6291,M089,Southlake,Electronic accessories,$45,1.0,09/11/25,17:13:00,Credit card,7.0,0.33
6292,M025,Waco,Electronic accessories,$49,2.0,25/11/25,15:38:00,Credit card,3.0,0.48
6293,M035,San Angelo,Electronic accessories,$64,1.0,08/11/25,18:02:00,Credit card,7.0,0.48
6294,M058,Port Arthur,Electronic accessories,$48,1.0,23/11/25,18:02:00,Credit card,6.0,0.33
6295,M086,Rosenberg,Electronic accessories,$19,1.0,03/11/25,17:35:00,Credit card,3.0,0.33
6296,M003,San Antonio,Electronic accessories,$48,2.0,09/11/25,16:25:00,Credit card,5.0,0.48
6297,M073,Seguin,Electronic accessories,$52,3.0,19/12/25,19:01:00,Credit card,7.0,0.33
6298,M074,Weslaco,Electronic accessories,$61,3.0,21/11/25,16:47:00,Cash,4.0,0.33
6299,M087,Waxahachie,Electronic accessories,$74,2.0,01/12/25,16:08:00,Credit card,5.0,0.33
6300,M009,Plano,Electronic accessories,$69,1.0,07/12/25,19:49:00,Credit card,7.0,0.48
6301,M035,San Angelo,Electronic accessories,$69,2.0,07/11/25,19:10:00,Credit card,3.0,0.48
6302,M003,San Antonio,Electronic accessories,$48,3.0,27/11/25,15:44:00,Credit card,6.0,0.48
6303,M009,Plano,Electronic accessories,$21,1.0,13/12/25,16:28:00,Credit card,7.0,0.48
6304,M055,Waxahachie,Electronic accessories,$26,2.0,20/11/25,19:01:00,Credit card,6.0,0.33
6305,M069,Rockwall,Electronic accessories,$22,3.0,31/12/25,17:07:00,Credit card,7.0,0.33
6306,M086,Rosenberg,Electronic accessories,$15,3.0,01/11/25,16:33:00,Credit card,5.0,0.33
6307,M075,San Marcos,Electronic accessories,$57,2.0,29/11/25,20:52:00,Credit card,3.0,0.33
6308,M046,Temple,Electronic accessories,$84,1.0,18/12/25,17:29:00,Credit card,6.0,0.48
6309,M054,Sherman,Electronic accessories,$57,1.0,02/11/25,15:37:00,Credit card,7.0,0.33
6310,M075,San Marcos,Electronic accessories,$51,3.0,16/11/25,20:03:00,Credit card,3.0,0.33
6311,M035,San Angelo,Electronic accessories,$41,1.0,02/11/25,17:58:00,Credit card,6.0,0.48
6312,M056,Rowlett,Electronic accessories,$32,2.0,03/12/25,17:37:00,Credit card,7.0,0.33
6313,M054,Sherman,Electronic accessories,$74,1.0,13/11/25,16:00:00,Credit card,3.0,0.33
6314,M009,Plano,Electronic accessories,$60,1.0,30/11/25,21:00:00,Credit card,5.0,0.48
6315,M054,Sherman,Electronic accessories,$77,3.0,02/12/25,19:04:00,Credit card,3.0,0.33
6316,M084,Schertz,Electronic accessories,$72,3.0,14/12/25,19:37:00,Credit card,3.0,0.33
6317,M035,San Angelo,Electronic accessories,$68,1.0,05/12/25,16:56:00,Credit card,7.0,0.48
6318,M003,San Antonio,Electronic accessories,$61,3.0,03/12/25,16:31:00,Credit card,4.0,0.48
6319,M087,Waxahachie,Electronic accessories,$71,1.0,01/11/25,16:14:00,Credit card,7.0,0.33
6320,M056,Rowlett,Electronic accessories,$27,3.0,22/11/25,15:03:00,Credit card,6.0,0.33
6321,M075,San Marcos,Electronic accessories,$31,3.0,02/12/25,17:14:00,Credit card,3.0,0.33
6322,M003,San Antonio,Electronic accessories,$50,3.0,14/11/25,18:31:00,Credit card,4.0,0.48
6323,M086,Rosenberg,Electronic accessories,$70,3.0,23/12/25,15:22:00,Credit card,6.0,0.33
6324,M035,San Angelo,Electronic accessories,$25,3.0,19/11/25,16:00:00,Credit card,4.0,0.48
6325,M073,Seguin,Electronic accessories,$19,1.0,09/11/25,20:03:00,Credit card,3.0,0.33
6326,M025,Waco,Electronic accessories,$56,1.0,05/11/25,17:07:00,Credit card,7.0,0.48
6327,M046,Temple,Electronic accessories,$42,3.0,19/11/25,20:40:00,Credit card,5.0,0.48
6328,M073,Seguin,Electronic accessories,$36,1.0,23/11/25,17:13:00,Credit card,7.0,0.33
6329,M069,Rockwall,Electronic accessories,$82,1.0,25/11/25,16:22:00,Credit card,4.0,0.33
6330,M003,San Antonio,Electronic accessories,$68,2.0,27/12/25,16:19:00,Credit card,5.0,0.48
6331,M084,Schertz,Electronic accessories,$21,2.0,01/12/25,18:13:00,Credit card,5.0,0.33
6332,M009,Plano,Electronic accessories,$80,2.0,24/12/25,15:40:00,Credit card,7.0,0.48
6333,M086,Rosenberg,Electronic accessories,$33,3.0,13/11/25,18:58:00,Credit card,5.0,0.33
6334,M055,Waxahachie,Electronic accessories,$37,1.0,04/12/25,16:48:00,Credit card,6.0,0.33
6335,M073,Seguin,Electronic accessories,$23,2.0,17/11/25,16:52:00,Credit card,5.0,0.33
6336,M087,Waxahachie,Electronic accessories,$63,3.0,29/12/25,15:59:00,Credit card,5.0,0.33
6337,M099,Weatherford,Electronic accessories,$22,1.0,13/12/25,19:00:00,Credit card,6.0,0.18
6338,M009,Plano,Electronic accessories,$84,1.0,15/11/25,20:26:00,Credit card,7.0,0.48
6339,M084,Schertz,Electronic accessories,$19,3.0,11/11/25,17:56:00,Credit card,3.0,0.33
6340,M003,San Antonio,Electronic accessories,$50,2.0,02/12/25,15:30:00,Credit card,7.0,0.48
6341,M054,Sherman,Electronic accessories,$68,3.0,22/11/25,20:25:00,Credit card,7.0,0.33
6342,M074,Weslaco,Electronic accessories,$72,2.0,10/12/25,15:59:00,Cash,3.0,0.33
6343,M069,Rockwall,Electronic accessories,$58,1.0,07/12/25,19:38:00,Credit card,6.0,0.33
6344,M084,Schertz,Electronic accessories,$52,1.0,28/11/25,19:33:00,Credit card,7.0,0.33
6345,M058,Port Arthur,Electronic accessories,$15,3.0,03/12/25,16:35:00,Credit card,4.0,0.33
6346,M056,Rowlett,Electronic accessories,$32,1.0,23/11/25,15:42:00,Credit card,3.0,0.33
6347,M084,Schertz,Electronic accessories,$81,3.0,08/11/25,15:49:00,Credit card,3.0,0.33
6348,M009,Plano,Electronic accessories,$26,1.0,29/12/25,17:06:00,Credit card,5.0,0.48
6349,M032,Tyler,Electronic accessories,$73,1.0,24/11/25,19:03:00,Credit card,3.0,0.48
6350,M087,Waxahachie,Electronic accessories,$16,3.0,01/12/25,17:39:00,Credit card,3.0,0.33
6351,M058,Port Arthur,Electronic accessories,$33,1.0,04/12/25,16:09:00,Credit card,7.0,0.33
6352,M029,Round Rock,Electronic accessories,$25,3.0,24/11/25,18:34:00,Credit card,7.0,0.48
6353,M032,Tyler,Electronic accessories,$77,3.0,13/11/25,17:20:00,Credit card,4.0,0.48
6354,M089,Southlake,Electronic accessories,$75,2.0,25/11/25,15:19:00,Credit card,5.0,0.33
6355,M058,Port Arthur,Electronic accessories,$43,1.0,15/11/25,19:25:00,Credit card,5.0,0.33
6356,M046,Temple,Electronic accessories,$57,1.0,09/12/25,18:51:00,Credit card,6.0,0.48
6357,M069,Rockwall,Electronic accessories,$36,3.0,15/12/25,18:05:00,Credit card,5.0,0.33
6358,M058,Port Arthur,Electronic accessories,$84,3.0,29/12/25,20:30:00,Credit card,3.0,0.33
6359,M099,Weatherford,Electronic accessories,$22,3.0,22/11/25,19:44:00,Credit card,5.0,0.18
6360,M035,San Angelo,Electronic accessories,$37,2.0,28/12/25,20:34:00,Credit card,6.0,0.48
6361,M025,Waco,Electronic accessories,$64,3.0,14/11/25,18:49:00,Credit card,6.0,0.48
6362,M089,Southlake,Electronic accessories,$25,1.0,06/11/25,19:01:00,Credit card,6.0,0.33
6363,M038,Sugar Land,Electronic accessories,$29,2.0,28/12/25,19:46:00,Credit card,4.0,0.48
6364,M075,San Marcos,Electronic accessories,$41,2.0,22/11/25,16:03:00,Credit card,4.0,0.33
6365,M082,Weslaco,Electronic accessories,$20,2.0,27/12/25,18:27:00,Cash,7.0,0.33
6366,M074,Weslaco,Electronic accessories,$72,3.0,29/11/25,17:31:00,Cash,4.0,0.33
6367,M058,Port Arthur,Electronic accessories,$60,1.0,07/11/25,18:25:00,Credit card,5.0,0.33
6368,M032,Tyler,Electronic accessories,$17,1.0,30/12/25,19:05:00,Credit card,4.0,0.48
6369,M038,Sugar Land,Electronic accessories,$58,1.0,01/12/25,18:52:00,Credit card,5.0,0.48
6370,M029,Round Rock,Electronic accessories,$68,3.0,04/12/25,19:03:00,Credit card,7.0,0.48
6371,M082,Weslaco,Electronic accessories,$47,2.0,01/12/25,16:03:00,Cash,6.0,0.33
6372,M055,Waxahachie,Electronic accessories,$74,1.0,25/12/25,15:23:00,Credit card,6.0,0.33
6373,M054,Sherman,Electronic accessories,$30,1.0,20/11/25,18:30:00,Credit card,6.0,0.33
6374,M055,Waxahachie,Electronic accessories,$57,1.0,24/11/25,19:17:00,Credit card,4.0,0.33
6375,M032,Tyler,Electronic accessories,$32,3.0,08/12/25,18:02:00,Credit card,7.0,0.48
6376,M054,Sherman,Electronic accessories,$60,1.0,17/11/25,19:30:00,Credit card,5.0,0.33
6377,M050,Victoria,Electronic accessories,$69,1.0,14/12/25,15:28:00,Ewallet,3.0,0.48
6378,M009,Plano,Electronic accessories,$25,2.0,15/12/25,19:00:00,Credit card,7.0,0.48
6379,M029,Round Rock,Electronic accessories,$41,1.0,13/11/25,20:13:00,Credit card,6.0,0.48
6380,M087,Waxahachie,Electronic accessories,$48,1.0,08/11/25,15:53:00,Credit card,7.0,0.33
6381,M054,Sherman,Electronic accessories,$73,3.0,02/12/25,20:35:00,Credit card,4.0,0.33
6382,M075,San Marcos,Electronic accessories,$58,2.0,05/11/25,15:39:00,Credit card,4.0,0.33
6383,M050,Victoria,Electronic accessories,$55,3.0,01/12/25,15:18:00,Ewallet,6.0,0.48
6384,M058,Port Arthur,Electronic accessories,$41,1.0,17/12/25,16:11:00,Credit card,3.0,0.33
6385,M086,Rosenberg,Electronic accessories,$56,3.0,16/11/25,19:33:00,Credit card,5.0,0.33
6386,M035,San Angelo,Electronic accessories,$17,3.0,11/12/25,20:49:00,Credit card,6.0,0.48
6387,M075,San Marcos,Electronic accessories,$44,3.0,03/11/25,18:55:00,Credit card,3.0,0.33
6388,M054,Sherman,Electronic accessories,$82,3.0,16/11/25,17:35:00,Credit card,3.0,0.33
6389,M003,San Antonio,Electronic accessories,$30,1.0,11/12/25,15:53:00,Credit card,6.0,0.48
6390,M025,Waco,Electronic accessories,$57,1.0,27/11/25,18:16:00,Credit card,5.0,0.48
6391,M075,San Marcos,Electronic accessories,$41,2.0,01/12/25,16:27:00,Credit card,4.0,0.33
6392,M003,San Antonio,Electronic accessories,$68,1.0,17/12/25,15:54:00,Credit card,3.0,0.48
6393,M046,Temple,Electronic accessories,$67,3.0,17/12/25,17:01:00,Credit card,4.0,0.48
6394,M084,Schertz,Electronic accessories,$65,3.0,08/11/25,15:41:00,Credit card,5.0,0.33
6395,M056,Rowlett,Home and lifestyle,$59,2.0,04/12/25,15:50:00,Credit card,5.0,0.33
6396,M038,Sugar Land,Fashion accessories,$70,2.0,11/11/25,15:26:00,Credit card,6.0,0.48
6397,M032,Tyler,Home and lifestyle,$30,3.0,20/12/25,17:13:00,Credit card,7.0,0.48
6398,M089,Southlake,Fashion accessories,$66,3.0,25/11/25,16:43:00,Credit card,6.0,0.33
6399,M065,Texas City,Home and lifestyle,$33,2.0,14/12/25,16:13:00,Credit card,7.0,0.33
6400,M073,Seguin,Fashion accessories,$79,3.0,02/12/25,16:46:00,Credit card,7.0,0.33
6401,M025,Waco,Home and lifestyle,$50,3.0,08/11/25,19:47:00,Credit card,3.0,0.48
6402,M050,Victoria,Fashion accessories,$58,3.0,15/11/25,16:35:00,Ewallet,6.0,0.48
6403,M069,Rockwall,Home and lifestyle,$45,2.0,19/12/25,17:21:00,Credit card,5.0,0.33
6404,M099,Weatherford,Fashion accessories,$44,2.0,01/11/25,15:46:00,Credit card,4.0,0.18
6405,M065,Texas City,Home and lifestyle,$61,2.0,19/11/25,19:15:00,Credit card,3.0,0.33
6406,M009,Plano,Fashion accessories,$77,1.0,30/12/25,17:25:00,Credit card,4.0,0.48
6407,M087,Waxahachie,Home and lifestyle,$71,1.0,25/11/25,20:54:00,Credit card,3.0,0.33
6408,M058,Port Arthur,Fashion accessories,$31,1.0,20/11/25,15:23:00,Credit card,3.0,0.33
6409,M082,Weslaco,Home and lifestyle,$45,3.0,02/11/25,16:15:00,Cash,5.0,0.33
6410,M087,Waxahachie,Fashion accessories,$82,3.0,19/12/25,17:42:00,Credit card,6.0,0.33
6411,M055,Waxahachie,Home and lifestyle,$28,1.0,22/12/25,15:36:00,Credit card,5.0,0.33
6412,M046,Temple,Fashion accessories,$19,2.0,13/12/25,15:05:00,Credit card,7.0,0.48
6413,M055,Waxahachie,Home and lifestyle,$43,2.0,05/12/25,15:05:00,Credit card,4.0,0.33
6414,M082,Weslaco,Fashion accessories,$25,3.0,03/12/25,15:24:00,Cash,6.0,0.33
6415,M058,Port Arthur,Home and lifestyle,$61,2.0,13/12/25,17:17:00,Credit card,3.0,0.33
6416,M009,Plano,Fashion accessories,$39,3.0,11/11/25,20:16:00,Credit card,4.0,0.48
6417,M046,Temple,Home and lifestyle,$41,1.0,30/11/25,16:43:00,Credit card,7.0,0.48
6418,M069,Rockwall,Fashion accessories,$20,3.0,16/11/25,20:17:00,Credit card,5.0,0.33
6419,M050,Victoria,Home and lifestyle,$84,3.0,28/12/25,17:52:00,Ewallet,5.0,0.48
6420,M099,Weatherford,Fashion accessories,$17,1.0,27/12/25,20:41:00,Credit card,6.0,0.18
6421,M030,Richardson,Home and lifestyle,$56,3.0,21/12/25,16:59:00,Credit card,4.0,0.48
6422,M029,Round Rock,Fashion accessories,$73,2.0,07/12/25,18:10:00,Credit card,7.0,0.48
6423,M030,Richardson,Home and lifestyle,$30,1.0,06/11/25,20:47:00,Credit card,4.0,0.48
6424,M054,Sherman,Fashion accessories,$76,1.0,10/12/25,20:14:00,Credit card,6.0,0.21
6425,M065,Texas City,Home and lifestyle,$48,2.0,06/12/25,16:17:00,Credit card,5.0,0.33
6426,M082,Weslaco,Fashion accessories,$53,2.0,05/11/25,17:48:00,Cash,3.0,0.33
6427,M099,Weatherford,Home and lifestyle,$37,1.0,02/12/25,19:14:00,Credit card,4.0,0.18
6428,M029,Round Rock,Fashion accessories,$70,3.0,21/12/25,17:12:00,Credit card,4.0,0.48
6429,M056,Rowlett,Home and lifestyle,$26,1.0,31/12/25,18:31:00,Credit card,6.0,0.33
6430,M082,Weslaco,Fashion accessories,$31,2.0,13/11/25,19:57:00,Cash,6.0,0.33
6431,M029,Round Rock,Home and lifestyle,$23,3.0,26/11/25,15:07:00,Credit card,6.0,0.48
6432,M073,Seguin,Fashion accessories,$50,1.0,08/12/25,16:04:00,Credit card,4.0,0.33
6433,M075,San Marcos,Home and lifestyle,$29,3.0,01/12/25,15:18:00,Credit card,6.0,0.33
6434,M032,Tyler,Fashion accessories,$51,3.0,13/11/25,18:42:00,Credit card,5.0,0.48
6435,M025,Waco,Home and lifestyle,$44,2.0,19/11/25,15:34:00,Credit card,7.0,0.48
6436,M056,Rowlett,Fashion accessories,$46,1.0,27/12/25,19:06:00,Credit card,6.0,0.33
6437,M038,Sugar Land,Home and lifestyle,$78,3.0,15/12/25,18:16:00,Credit card,7.0,0.48
6438,M030,Richardson,Fashion accessories,$19,3.0,20/12/25,17:25:00,Credit card,5.0,0.48
6439,M087,Waxahachie,Home and lifestyle,$15,1.0,17/11/25,17:28:00,Credit card,5.0,0.33
6440,M025,Waco,Fashion accessories,$24,1.0,11/11/25,17:31:00,Credit card,4.0,0.48
6441,M009,Plano,Home and lifestyle,$75,1.0,05/12/25,17:17:00,Credit card,7.0,0.48
6442,M003,San Antonio,Fashion accessories,$40,1.0,23/12/25,17:38:00,Credit card,5.0,0.48
6443,M073,Seguin,Home and lifestyle,$43,2.0,01/12/25,18:34:00,Credit card,6.0,0.33
6444,M055,Waxahachie,Fashion accessories,$50,1.0,29/11/25,18:33:00,Credit card,6.0,0.33
6445,M030,Richardson,Home and lifestyle,$69,3.0,02/11/25,16:15:00,Credit card,6.0,0.48
6446,M056,Rowlett,Fashion accessories,$38,3.0,01/11/25,17:03:00,Credit card,5.0,0.33
6447,M058,Port Arthur,Home and lifestyle,$45,3.0,15/11/25,15:25:00,Credit card,5.0,0.33
6448,M074,Weslaco,Fashion accessories,$37,1.0,21/12/25,16:36:00,Cash,5.0,0.33
6449,M050,Victoria,Home and lifestyle,$25,2.0,11/12/25,19:12:00,Ewallet,6.0,0.48
6450,M030,Richardson,Fashion accessories,$51,3.0,11/11/25,15:53:00,Credit card,7.0,0.48
6451,M084,Schertz,Home and lifestyle,$21,1.0,11/11/25,19:33:00,Credit card,4.0,0.33
6452,M025,Waco,Fashion accessories,$15,2.0,13/11/25,16:36:00,Credit card,4.0,0.48
6453,M089,Southlake,Home and lifestyle,$38,3.0,13/12/25,19:45:00,Credit card,7.0,0.33
6454,M099,Weatherford,Fashion accessories,$72,2.0,26/11/25,15:16:00,Credit card,3.0,0.18
6455,M038,Sugar Land,Home and lifestyle,$78,1.0,19/11/25,16:21:00,Credit card,4.0,0.48
6456,M075,San Marcos,Fashion accessories,$39,2.0,01/11/25,16:29:00,Credit card,4.0,0.33
6457,M046,Temple,Home and lifestyle,$41,1.0,01/12/25,20:49:00,Credit card,7.0,0.48
6458,M009,Plano,Fashion accessories,$85,1.0,10/11/25,16:23:00,Credit card,6.0,0.48
6459,M055,Waxahachie,Home and lifestyle,$44,2.0,07/12/25,20:39:00,Credit card,6.0,0.33
6460,M029,Round Rock,Fashion accessories,$73,3.0,04/12/25,16:14:00,Credit card,7.0,0.48
6461,M054,Sherman,Home and lifestyle,$83,1.0,22/12/25,18:45:00,Credit card,4.0,0.21
6462,M054,Sherman,Fashion accessories,$37,3.0,20/12/25,19:32:00,Credit card,4.0,0.21
6463,M003,San Antonio,Home and lifestyle,$50,3.0,11/11/25,16:50:00,Credit card,3.0,0.36
6464,M032,Tyler,Fashion accessories,$70,3.0,01/12/25,20:22:00,Credit card,5.0,0.48
6465,M074,Weslaco,Home and lifestyle,$83,3.0,22/12/25,18:04:00,Cash,4.0,0.33
6466,M035,San Angelo,Fashion accessories,$21,2.0,14/12/25,20:10:00,Credit card,7.0,0.48
6467,M030,Richardson,Home and lifestyle,$78,3.0,23/11/25,16:22:00,Credit card,6.0,0.48
6468,M009,Plano,Fashion accessories,$41,1.0,23/12/25,17:18:00,Credit card,7.0,0.48
6469,M055,Waxahachie,Home and lifestyle,$37,3.0,25/11/25,15:42:00,Credit card,4.0,0.33
6470,M086,Rosenberg,Fashion accessories,$76,3.0,04/12/25,18:02:00,Credit card,6.0,0.33
6471,M069,Rockwall,Home and lifestyle,$63,1.0,11/12/25,20:28:00,Credit card,7.0,0.33
6472,M069,Rockwall,Fashion accessories,$46,2.0,26/12/25,19:15:00,Credit card,6.0,0.33
6473,M089,Southlake,Home and lifestyle,$71,3.0,17/11/25,16:36:00,Credit card,7.0,0.33
6474,M038,Sugar Land,Fashion accessories,$80,1.0,12/12/25,15:11:00,Credit card,3.0,0.48
6475,M074,Weslaco,Home and lifestyle,$63,3.0,29/12/25,18:07:00,Cash,3.0,0.33
6476,M086,Rosenberg,Fashion accessories,$37,1.0,17/12/25,19:07:00,Credit card,6.0,0.33
6477,M050,Victoria,Home and lifestyle,$24,3.0,26/12/25,16:48:00,Ewallet,6.0,0.48
6478,M069,Rockwall,Fashion accessories,$79,1.0,20/11/25,19:47:00,Credit card,5.0,0.33
6479,M099,Weatherford,Home and lifestyle,$41,3.0,28/12/25,20:12:00,Credit card,6.0,0.18
6480,M029,Round Rock,Fashion accessories,$84,2.0,03/12/25,16:00:00,Credit card,7.0,0.48
6481,M058,Port Arthur,Home and lifestyle,$59,1.0,07/11/25,20:59:00,Credit card,5.0,0.33
6482,M009,Plano,Fashion accessories,$51,2.0,02/12/25,20:09:00,Credit card,7.0,0.48
6483,M073,Seguin,Home and lifestyle,$80,2.0,10/12/25,19:39:00,Credit card,7.0,0.33
6484,M074,Weslaco,Fashion accessories,$72,2.0,25/11/25,20:38:00,Cash,6.0,0.33
6485,M065,Texas City,Home and lifestyle,$64,3.0,08/11/25,19:49:00,Credit card,5.0,0.33
6486,M086,Rosenberg,Fashion accessories,$43,1.0,09/11/25,15:53:00,Credit card,3.0,0.33
6487,M084,Schertz,Home and lifestyle,$70,2.0,02/11/25,20:20:00,Credit card,4.0,0.33
6488,M056,Rowlett,Fashion accessories,$53,3.0,08/11/25,17:40:00,Credit card,3.0,0.33
6489,M084,Schertz,Home and lifestyle,$52,3.0,27/11/25,19:08:00,Credit card,7.0,0.33
6490,M056,Rowlett,Fashion accessories,$50,3.0,05/12/25,20:07:00,Credit card,3.0,0.33
6491,M030,Richardson,Home and lifestyle,$49,3.0,10/11/25,20:57:00,Credit card,7.0,0.48
6492,M038,Sugar Land,Fashion accessories,$63,1.0,27/11/25,15:48:00,Credit card,4.0,0.48
6493,M003,San Antonio,Home and lifestyle,$74,2.0,25/11/25,16:36:00,Credit card,5.0,0.36
6494,M086,Rosenberg,Fashion accessories,$25,1.0,31/12/25,15:27:00,Credit card,4.0,0.33
6495,M029,Round Rock,Home and lifestyle,$55,2.0,21/11/25,18:58:00,Credit card,6.0,0.48
6496,M032,Tyler,Fashion accessories,$66,3.0,27/11/25,18:01:00,Credit card,7.0,0.48
6497,M065,Texas City,Home and lifestyle,$79,3.0,19/12/25,17:28:00,Credit card,5.0,0.33
6498,M058,Port Arthur,Fashion accessories,$34,3.0,15/11/25,17:59:00,Credit card,7.0,0.33
6499,M069,Rockwall,Home and lifestyle,$61,2.0,20/12/25,20:17:00,Credit card,6.0,0.33
6500,M074,Weslaco,Fashion accessories,$25,3.0,12/12/25,19:37:00,Cash,6.0,0.33
6501,M030,Richardson,Home and lifestyle,$22,3.0,29/12/25,19:00:00,Credit card,5.0,0.48
6502,M055,Waxahachie,Fashion accessories,$71,3.0,21/11/25,15:38:00,Credit card,4.0,0.33
6503,M075,San Marcos,Home and lifestyle,$85,3.0,18/11/25,15:35:00,Credit card,7.0,0.33
6504,M099,Weatherford,Fashion accessories,$43,2.0,16/12/25,16:24:00,Credit card,3.0,0.18
6505,M074,Weslaco,Home and lifestyle,$21,3.0,29/12/25,16:28:00,Cash,3.0,0.33
6506,M025,Waco,Fashion accessories,$39,3.0,05/12/25,17:27:00,Credit card,6.0,0.48
6507,M073,Seguin,Home and lifestyle,$39,1.0,27/11/25,20:17:00,Credit card,7.0,0.33
6508,M082,Weslaco,Fashion accessories,$34,1.0,11/11/25,17:04:00,Cash,4.0,0.33
6509,M075,San Marcos,Home and lifestyle,$69,1.0,31/12/25,15:43:00,Credit card,6.0,0.33
6510,M050,Victoria,Fashion accessories,$77,1.0,30/12/25,18:48:00,Ewallet,3.0,0.48
6511,M099,Weatherford,Home and lifestyle,$16,2.0,20/12/25,18:17:00,Credit card,4.0,0.18
6512,M073,Seguin,Fashion accessories,$81,3.0,07/12/25,15:24:00,Credit card,4.0,0.33
6513,M058,Port Arthur,Home and lifestyle,$65,2.0,18/11/25,18:51:00,Credit card,6.0,0.33
6514,M084,Schertz,Fashion accessories,$85,3.0,03/11/25,19:49:00,Credit card,5.0,0.33
6515,M035,San Angelo,Home and lifestyle,$55,3.0,02/12/25,15:23:00,Credit card,6.0,0.48
6516,M054,Sherman,Fashion accessories,$60,2.0,26/11/25,19:20:00,Credit card,3.0,0.21
6517,M082,Weslaco,Home and lifestyle,$40,2.0,05/12/25,18:58:00,Cash,5.0,0.33
6518,M087,Waxahachie,Fashion accessories,$44,1.0,14/11/25,19:10:00,Credit card,3.0,0.33
6519,M032,Tyler,Home and lifestyle,$80,1.0,01/12/25,18:06:00,Credit card,4.0,0.48
6520,M082,Weslaco,Fashion accessories,$39,3.0,02/12/25,16:04:00,Cash,7.0,0.33
6521,M084,Schertz,Home and lifestyle,$44,1.0,04/11/25,18:12:00,Credit card,3.0,0.33
6522,M074,Weslaco,Fashion accessories,$74,3.0,19/12/25,19:16:00,Cash,6.0,0.33
6523,M050,Victoria,Home and lifestyle,$16,2.0,07/12/25,18:21:00,Ewallet,7.0,0.48
6524,M003,San Antonio,Fashion accessories,$34,3.0,01/11/25,17:46:00,Credit card,5.0,0.48
6525,M050,Victoria,Home and lifestyle,$79,2.0,10/12/25,18:36:00,Ewallet,7.0,0.48
6526,M082,Weslaco,Fashion accessories,$64,1.0,02/11/25,19:05:00,Cash,7.0,0.33
6527,M065,Texas City,Home and lifestyle,$70,3.0,26/11/25,19:51:00,Credit card,5.0,0.33
6528,M073,Seguin,Fashion accessories,$19,2.0,26/12/25,16:39:00,Credit card,6.0,0.33
6529,M029,Round Rock,Home and lifestyle,$70,2.0,06/11/25,15:13:00,Credit card,4.0,0.48
6530,M054,Sherman,Fashion accessories,$58,3.0,27/11/25,16:33:00,Credit card,4.0,0.21
6531,M074,Weslaco,Home and lifestyle,$63,1.0,26/12/25,16:54:00,Cash,5.0,0.33
6532,M069,Rockwall,Fashion accessories,$25,3.0,09/11/25,19:12:00,Credit card,4.0,0.33
6533,M087,Waxahachie,Home and lifestyle,$49,3.0,12/12/25,17:19:00,Credit card,7.0,0.33
6534,M046,Temple,Fashion accessories,$36,1.0,02/12/25,15:31:00,Credit card,6.0,0.48
6535,M055,Waxahachie,Home and lifestyle,$40,1.0,28/12/25,18:41:00,Credit card,5.0,0.33
6536,M029,Round Rock,Fashion accessories,$15,3.0,26/11/25,19:30:00,Credit card,7.0,0.48
6537,M050,Victoria,Home and lifestyle,$83,3.0,31/12/25,15:20:00,Ewallet,5.0,0.48
6538,M084,Schertz,Fashion accessories,$82,2.0,11/12/25,20:53:00,Credit card,5.0,0.33
6539,M058,Port Arthur,Home and lifestyle,$19,2.0,27/11/25,15:16:00,Credit card,7.0,0.33
6540,M035,San Angelo,Fashion accessories,$40,1.0,01/11/25,16:48:00,Credit card,5.0,0.48
6541,M025,Waco,Home and lifestyle,$66,3.0,27/11/25,19:15:00,Credit card,6.0,0.48
6542,M069,Rockwall,Fashion accessories,$51,2.0,20/12/25,15:52:00,Credit card,5.0,0.33
6543,M074,Weslaco,Home and lifestyle,$76,2.0,19/11/25,19:27:00,Cash,5.0,0.33
6544,M030,Richardson,Fashion accessories,$37,1.0,19/11/25,19:32:00,Credit card,7.0,0.48
6545,M009,Plano,Home and lifestyle,$38,3.0,15/12/25,18:42:00,Credit card,4.0,0.48
6546,M074,Weslaco,Fashion accessories,$30,2.0,18/11/25,17:59:00,Cash,4.0,0.33
6547,M032,Tyler,Home and lifestyle,$65,3.0,29/11/25,17:02:00,Credit card,4.0,0.48
6548,M056,Rowlett,Fashion accessories,$37,3.0,04/12/25,17:19:00,Credit card,3.0,0.33
6549,M025,Waco,Home and lifestyle,$64,1.0,05/11/25,16:47:00,Credit card,7.0,0.48
6550,M038,Sugar Land,Fashion accessories,$83,3.0,15/12/25,20:13:00,Credit card,3.0,0.48
6551,M035,San Angelo,Home and lifestyle,$28,1.0,11/11/25,15:17:00,Credit card,6.0,0.48
6552,M056,Rowlett,Fashion accessories,$81,1.0,03/11/25,15:26:00,Credit card,7.0,0.33
6553,M086,Rosenberg,Home and lifestyle,$16,3.0,13/12/25,17:03:00,Credit card,3.0,0.33
6554,M050,Victoria,Fashion accessories,$72,2.0,06/12/25,20:14:00,Ewallet,6.0,0.48
6555,M038,Sugar Land,Home and lifestyle,$23,3.0,06/12/25,18:55:00,Credit card,6.0,0.48
6556,M003,San Antonio,Fashion accessories,$39,1.0,21/12/25,17:15:00,Credit card,3.0,0.48
6557,M074,Weslaco,Home and lifestyle,$66,3.0,24/11/25,16:46:00,Cash,7.0,0.33
6558,M035,San Angelo,Fashion accessories,$71,1.0,24/12/25,17:28:00,Credit card,3.0,0.48
6559,M032,Tyler,Home and lifestyle,$72,3.0,19/12/25,17:18:00,Credit card,3.0,0.48
6560,M065,Texas City,Fashion accessories,$16,1.0,23/12/25,16:32:00,Credit card,7.0,0.33
6561,M087,Waxahachie,Home and lifestyle,$41,3.0,19/11/25,17:54:00,Credit card,5.0,0.33
6562,M075,San Marcos,Fashion accessories,$20,2.0,07/12/25,20:52:00,Credit card,3.0,0.33
6563,M032,Tyler,Home and lifestyle,$45,2.0,02/11/25,20:10:00,Credit card,4.0,0.48
6564,M084,Schertz,Fashion accessories,$55,3.0,19/12/25,16:09:00,Credit card,6.0,0.33
6565,M086,Rosenberg,Home and lifestyle,$23,3.0,01/11/25,20:48:00,Credit card,4.0,0.33
6566,M055,Waxahachie,Fashion accessories,$67,3.0,01/12/25,20:02:00,Credit card,3.0,0.33
6567,M055,Waxahachie,Home and lifestyle,$61,3.0,08/11/25,17:19:00,Credit card,5.0,0.33
6568,M032,Tyler,Fashion accessories,$24,2.0,25/12/25,16:52:00,Credit card,4.0,0.48
6569,M032,Tyler,Home and lifestyle,$58,1.0,09/12/25,18:48:00,Credit card,5.0,0.48
6570,M038,Sugar Land,Fashion accessories,$84,3.0,28/11/25,19:03:00,Credit card,7.0,0.48
6571,M025,Waco,Home and lifestyle,$82,1.0,08/11/25,17:10:00,Credit card,4.0,0.48
6572,M029,Round Rock,Fashion accessories,$56,1.0,03/12/25,16:18:00,Credit card,6.0,0.48
6573,M058,Port Arthur,Home and lifestyle,$20,1.0,14/11/25,20:56:00,Credit card,3.0,0.33
6574,M038,Sugar Land,Fashion accessories,$22,2.0,13/12/25,16:11:00,Credit card,6.0,0.48
6575,M086,Rosenberg,Home and lifestyle,$65,3.0,16/12/25,19:55:00,Credit card,3.0,0.33
6576,M086,Rosenberg,Fashion accessories,$35,1.0,29/11/25,20:21:00,Credit card,6.0,0.33
6577,M046,Temple,Home and lifestyle,$25,2.0,02/12/25,15:52:00,Credit card,7.0,0.48
6578,M054,Sherman,Fashion accessories,$35,1.0,03/11/25,15:13:00,Credit card,6.0,0.21
6579,M055,Waxahachie,Home and lifestyle,$45,3.0,09/11/25,15:26:00,Credit card,6.0,0.33
6580,M084,Schertz,Fashion accessories,$53,2.0,01/12/25,15:13:00,Credit card,7.0,0.33
6581,M050,Victoria,Home and lifestyle,$57,1.0,25/11/25,17:35:00,Ewallet,5.0,0.48
6582,M009,Plano,Fashion accessories,$72,2.0,25/12/25,20:51:00,Credit card,6.0,0.48
6583,M099,Weatherford,Home and lifestyle,$85,3.0,29/11/25,17:01:00,Credit card,4.0,0.18
6584,M054,Sherman,Fashion accessories,$29,3.0,19/11/25,20:30:00,Credit card,5.0,0.21
6585,M009,Plano,Home and lifestyle,$80,2.0,27/12/25,17:02:00,Credit card,6.0,0.48
6586,M032,Tyler,Fashion accessories,$33,2.0,29/12/25,20:18:00,Credit card,6.0,0.48
6587,M089,Southlake,Home and lifestyle,$62,3.0,26/11/25,17:42:00,Credit card,3.0,0.33
6588,M099,Weatherford,Fashion accessories,$36,1.0,29/11/25,15:34:00,Credit card,4.0,0.18
6589,M069,Rockwall,Home and lifestyle,$29,3.0,02/12/25,19:48:00,Credit card,4.0,0.33
6590,M003,San Antonio,Fashion accessories,$74,2.0,09/12/25,17:21:00,Credit card,4.0,0.48
6591,M032,Tyler,Home and lifestyle,$27,1.0,12/12/25,15:11:00,Credit card,6.0,0.48
6592,M050,Victoria,Fashion accessories,$22,2.0,09/11/25,20:30:00,Ewallet,5.0,0.48
6593,M069,Rockwall,Home and lifestyle,$43,2.0,24/12/25,16:22:00,Credit card,6.0,0.33
6594,M087,Waxahachie,Fashion accessories,$53,1.0,04/11/25,20:03:00,Credit card,4.0,0.33
6595,M056,Rowlett,Home and lifestyle,$67,2.0,09/12/25,19:06:00,Credit card,3.0,0.33
6596,M082,Weslaco,Fashion accessories,$52,1.0,19/11/25,16:03:00,Cash,4.0,0.33
6597,M075,San Marcos,Home and lifestyle,$79,2.0,20/12/25,19:44:00,Credit card,6.0,0.33
6598,M056,Rowlett,Fashion accessories,$50,2.0,23/11/25,20:38:00,Credit card,3.0,0.33
6599,M035,San Angelo,Home and lifestyle,$77,3.0,04/11/25,20:02:00,Credit card,7.0,0.48
6600,M025,Waco,Fashion accessories,$20,1.0,18/11/25,18:07:00,Credit card,7.0,0.48
6601,M030,Richardson,Home and lifestyle,$68,1.0,14/12/25,18:30:00,Credit card,6.0,0.48
6602,M035,San Angelo,Fashion accessories,$57,3.0,11/12/25,16:32:00,Credit card,5.0,0.48
6603,M046,Temple,Home and lifestyle,$41,2.0,09/11/25,19:32:00,Credit card,5.0,0.48
6604,M089,Southlake,Fashion accessories,$53,2.0,01/11/25,15:27:00,Credit card,5.0,0.33
6605,M075,San Marcos,Home and lifestyle,$50,1.0,01/11/25,16:52:00,Credit card,4.0,0.33
6606,M029,Round Rock,Fashion accessories,$37,2.0,03/11/25,20:39:00,Credit card,4.0,0.48
6607,M058,Port Arthur,Home and lifestyle,$41,3.0,16/11/25,16:51:00,Credit card,4.0,0.33
6608,M069,Rockwall,Fashion accessories,$50,2.0,11/11/25,18:41:00,Credit card,6.0,0.33
6609,M054,Sherman,Home and lifestyle,$84,2.0,02/11/25,20:56:00,Credit card,4.0,0.21
6610,M038,Sugar Land,Fashion accessories,$80,1.0,13/11/25,20:27:00,Credit card,7.0,0.48
6611,M056,Rowlett,Home and lifestyle,$71,3.0,17/12/25,18:08:00,Credit card,6.0,0.33
6612,M038,Sugar Land,Fashion accessories,$82,1.0,15/12/25,15:29:00,Credit card,3.0,0.48
6613,M069,Rockwall,Home and lifestyle,$72,2.0,03/11/25,19:49:00,Credit card,4.0,0.33
6614,M038,Sugar Land,Fashion accessories,$59,3.0,09/11/25,16:47:00,Credit card,4.0,0.48
6615,M038,Sugar Land,Home and lifestyle,$55,3.0,23/11/25,19:44:00,Credit card,7.0,0.48
6616,M035,San Angelo,Fashion accessories,$54,3.0,11/12/25,20:05:00,Credit card,4.0,0.48
6617,M035,San Angelo,Home and lifestyle,$67,2.0,23/12/25,19:56:00,Credit card,3.0,0.48
6618,M099,Weatherford,Fashion accessories,$16,1.0,20/12/25,17:20:00,Credit card,3.0,0.18
6619,M099,Weatherford,Home and lifestyle,$59,2.0,09/12/25,16:32:00,Credit card,3.0,0.18
6620,M046,Temple,Fashion accessories,$55,2.0,24/11/25,18:38:00,Credit card,4.0,0.48
6621,M054,Sherman,Home and lifestyle,$41,3.0,25/11/25,17:18:00,Credit card,7.0,0.21
6622,M065,Texas City,Fashion accessories,$82,2.0,10/11/25,16:11:00,Credit card,4.0,0.33
6623,M075,San Marcos,Home and lifestyle,$58,1.0,20/11/25,15:13:00,Credit card,4.0,0.33
6624,M009,Plano,Fashion accessories,$49,3.0,17/11/25,16:55:00,Credit card,7.0,0.48
6625,M055,Waxahachie,Home and lifestyle,$44,1.0,08/11/25,20:26:00,Credit card,4.0,0.33
6626,M055,Waxahachie,Fashion accessories,$57,2.0,28/11/25,15:45:00,Credit card,6.0,0.33
6627,M050,Victoria,Home and lifestyle,$75,3.0,03/11/25,15:40:00,Ewallet,3.0,0.48
6628,M025,Waco,Fashion accessories,$45,3.0,29/11/25,15:57:00,Credit card,6.0,0.48
6629,M075,San Marcos,Home and lifestyle,$57,3.0,07/12/25,16:32:00,Credit card,3.0,0.33
6630,M009,Plano,Fashion accessories,$47,1.0,21/12/25,18:00:00,Credit card,6.0,0.48
6631,M032,Tyler,Home and lifestyle,$25,2.0,16/11/25,16:24:00,Credit card,5.0,0.48
6632,M073,Seguin,Fashion accessories,$81,3.0,21/12/25,16:13:00,Credit card,6.0,0.33
6633,M009,Plano,Home and lifestyle,$68,2.0,14/11/25,15:33:00,Credit card,6.0,0.48
6634,M086,Rosenberg,Fashion accessories,$35,3.0,31/12/25,19:58:00,Credit card,7.0,0.33
6635,M089,Southlake,Home and lifestyle,$78,1.0,05/12/25,19:01:00,Credit card,4.0,0.33
6636,M075,San Marcos,Fashion accessories,$83,2.0,22/11/25,18:25:00,Credit card,6.0,0.33
6637,M032,Tyler,Home and lifestyle,$29,3.0,27/12/25,17:21:00,Credit card,5.0,0.48
6638,M009,Plano,Fashion accessories,$80,2.0,17/11/25,19:33:00,Credit card,4.0,0.48
6639,M075,San Marcos,Home and lifestyle,$37,2.0,24/12/25,18:11:00,Credit card,6.0,0.33
6640,M087,Waxahachie,Fashion accessories,$68,1.0,23/12/25,19:06:00,Credit card,5.0,0.33
6641,M084,Schertz,Home and lifestyle,$30,3.0,08/12/25,16:41:00,Credit card,3.0,0.33
6642,M069,Rockwall,Fashion accessories,$64,3.0,05/11/25,18:44:00,Credit card,6.0,0.33
6643,M058,Port Arthur,Home and lifestyle,$24,2.0,25/12/25,17:01:00,Credit card,6.0,0.33
6644,M073,Seguin,Fashion accessories,$62,1.0,11/12/25,17:06:00,Credit card,4.0,0.33
6645,M058,Port Arthur,Home and lifestyle,$80,1.0,02/11/25,18:44:00,Credit card,5.0,0.33
6646,M030,Richardson,Fashion accessories,$58,3.0,02/12/25,16:14:00,Credit card,6.0,0.48
6647,M082,Weslaco,Home and lifestyle,$60,3.0,10/12/25,18:37:00,Cash,6.0,0.33
6648,M025,Waco,Fashion accessories,$83,1.0,18/11/25,16:55:00,Credit card,6.0,0.48
6649,M054,Sherman,Home and lifestyle,$19,2.0,01/11/25,15:28:00,Credit card,6.0,0.21
6650,M046,Temple,Fashion accessories,$67,1.0,07/11/25,16:59:00,Credit card,3.0,0.48
6651,M038,Sugar Land,Home and lifestyle,$70,3.0,14/12/25,15:11:00,Credit card,7.0,0.48
6652,M073,Seguin,Fashion accessories,$48,3.0,25/12/25,15:37:00,Credit card,6.0,0.33
6653,M055,Waxahachie,Home and lifestyle,$78,1.0,08/11/25,18:54:00,Credit card,4.0,0.33
6654,M086,Rosenberg,Fashion accessories,$15,2.0,04/11/25,16:18:00,Credit card,5.0,0.33
6655,M075,San Marcos,Home and lifestyle,$79,1.0,26/12/25,15:38:00,Credit card,3.0,0.33
6656,M030,Richardson,Fashion accessories,$61,2.0,06/11/25,15:08:00,Credit card,3.0,0.48
6657,M054,Sherman,Home and lifestyle,$44,1.0,01/12/25,18:12:00,Credit card,5.0,0.21
6658,M058,Port Arthur,Fashion accessories,$80,2.0,29/11/25,15:32:00,Credit card,3.0,0.33
6659,M046,Temple,Home and lifestyle,$20,1.0,24/11/25,18:39:00,Credit card,6.0,0.48
6660,M075,San Marcos,Fashion accessories,$68,2.0,07/12/25,18:42:00,Credit card,7.0,0.33
6661,M054,Sherman,Home and lifestyle,$32,1.0,04/11/25,18:19:00,Credit card,7.0,0.21
6662,M056,Rowlett,Fashion accessories,$35,3.0,23/11/25,17:47:00,Credit card,4.0,0.33
6663,M035,San Angelo,Home and lifestyle,$38,2.0,13/11/25,18:49:00,Credit card,4.0,0.48
6664,M050,Victoria,Fashion accessories,$72,1.0,10/12/25,17:57:00,Ewallet,3.0,0.48
6665,M003,San Antonio,Home and lifestyle,$25,2.0,22/12/25,19:48:00,Credit card,3.0,0.36
6666,M069,Rockwall,Fashion accessories,$27,1.0,06/11/25,20:37:00,Credit card,7.0,0.33
6667,M009,Plano,Home and lifestyle,$66,3.0,18/12/25,15:41:00,Credit card,4.0,0.48
6668,M003,San Antonio,Fashion accessories,$17,3.0,24/12/25,18:25:00,Credit card,5.0,0.48
6669,M074,Weslaco,Home and lifestyle,$85,1.0,21/12/25,16:46:00,Credit card,7.0,0.33
6670,M058,Port Arthur,Fashion accessories,$53,2.0,23/11/25,18:32:00,Credit card,4.0,0.33
6671,M089,Southlake,Home and lifestyle,$24,1.0,20/12/25,15:07:00,Credit card,7.0,0.33
6672,M038,Sugar Land,Fashion accessories,$78,2.0,20/12/25,20:12:00,Credit card,7.0,0.48
6673,M086,Rosenberg,Home and lifestyle,$27,2.0,05/12/25,20:17:00,Credit card,5.0,0.33
6674,M089,Southlake,Fashion accessories,$66,3.0,01/12/25,17:00:00,Credit card,5.0,0.33
6675,M084,Schertz,Home and lifestyle,$56,2.0,02/12/25,17:07:00,Credit card,5.0,0.33
6676,M054,Sherman,Fashion accessories,$17,3.0,17/11/25,19:08:00,Credit card,6.0,0.21
6677,M030,Richardson,Home and lifestyle,$76,1.0,16/11/25,19:42:00,Credit card,3.0,0.48
6678,M069,Rockwall,Fashion accessories,$22,3.0,27/12/25,19:57:00,Credit card,5.0,0.33
6679,M056,Rowlett,Home and lifestyle,$74,3.0,11/12/25,15:37:00,Credit card,3.0,0.33
6680,M084,Schertz,Fashion accessories,$61,3.0,22/12/25,18:18:00,Credit card,3.0,0.33
6681,M055,Waxahachie,Home and lifestyle,$81,2.0,15/12/25,16:27:00,Credit card,7.0,0.33
6682,M058,Port Arthur,Fashion accessories,$73,1.0,25/12/25,19:46:00,Credit card,5.0,0.33
6683,M030,Richardson,Home and lifestyle,$34,2.0,30/12/25,16:41:00,Credit card,7.0,0.48
6684,M089,Southlake,Fashion accessories,$23,3.0,03/12/25,17:03:00,Credit card,6.0,0.33
6685,M046,Temple,Home and lifestyle,$66,3.0,12/12/25,17:31:00,Credit card,3.0,0.48
6686,M065,Texas City,Fashion accessories,$64,3.0,04/11/25,20:01:00,Credit card,3.0,0.33
6687,M058,Port Arthur,Home and lifestyle,$85,1.0,27/12/25,16:39:00,Credit card,5.0,0.33
6688,M087,Waxahachie,Fashion accessories,$19,1.0,01/12/25,19:44:00,Credit card,4.0,0.33
6689,M029,Round Rock,Home and lifestyle,$38,2.0,12/12/25,18:51:00,Credit card,6.0,0.48
6690,M069,Rockwall,Fashion accessories,$17,3.0,27/12/25,20:34:00,Credit card,6.0,0.33
6691,M069,Rockwall,Home and lifestyle,$32,3.0,30/11/25,15:58:00,Credit card,5.0,0.33
6692,M003,San Antonio,Fashion accessories,$56,3.0,01/12/25,17:40:00,Credit card,5.0,0.48
6693,M038,Sugar Land,Home and lifestyle,$21,2.0,28/12/25,19:42:00,Credit card,4.0,0.48
6694,M055,Waxahachie,Fashion accessories,$48,3.0,29/11/25,16:15:00,Credit card,4.0,0.33
6695,M046,Temple,Home and lifestyle,$66,2.0,23/11/25,20:28:00,Credit card,4.0,0.48
6696,M030,Richardson,Fashion accessories,$38,3.0,30/12/25,17:05:00,Credit card,3.0,0.48
6697,M056,Rowlett,Home and lifestyle,$66,2.0,01/12/25,17:56:00,Credit card,4.0,0.33
6698,M038,Sugar Land,Fashion accessories,$26,1.0,13/12/25,19:28:00,Credit card,5.0,0.48
6699,M029,Round Rock,Home and lifestyle,$66,2.0,05/11/25,20:56:00,Credit card,7.0,0.48
6700,M030,Richardson,Fashion accessories,$71,3.0,09/12/25,15:15:00,Credit card,6.0,0.48
6701,M030,Richardson,Home and lifestyle,$66,1.0,08/11/25,20:43:00,Credit card,6.0,0.48
6702,M030,Richardson,Fashion accessories,$70,2.0,13/12/25,20:04:00,Credit card,5.0,0.48
6703,M035,San Angelo,Home and lifestyle,$32,1.0,03/12/25,20:25:00,Credit card,3.0,0.48
6704,M056,Rowlett,Fashion accessories,$19,2.0,19/12/25,16:50:00,Credit card,5.0,0.33
6705,M055,Waxahachie,Home and lifestyle,$32,2.0,05/11/25,20:33:00,Credit card,4.0,0.33
6706,M054,Sherman,Fashion accessories,$72,3.0,19/11/25,18:23:00,Credit card,5.0,0.21
6707,M084,Schertz,Home and lifestyle,$58,3.0,30/11/25,18:49:00,Credit card,3.0,0.33
6708,M030,Richardson,Fashion accessories,$39,2.0,11/12/25,15:06:00,Credit card,4.0,0.48
6709,M069,Rockwall,Home and lifestyle,$38,3.0,21/12/25,20:21:00,Credit card,6.0,0.33
6710,M025,Waco,Fashion accessories,$21,3.0,21/11/25,15:14:00,Credit card,7.0,0.48
6711,M032,Tyler,Home and lifestyle,$63,3.0,30/11/25,18:49:00,Credit card,6.0,0.48
6712,M099,Weatherford,Fashion accessories,$62,1.0,11/11/25,17:51:00,Credit card,5.0,0.18
6713,M073,Seguin,Home and lifestyle,$33,2.0,29/12/25,17:41:00,Credit card,7.0,0.33
6714,M038,Sugar Land,Fashion accessories,$44,2.0,17/11/25,19:51:00,Credit card,5.0,0.48
6715,M046,Temple,Home and lifestyle,$54,3.0,06/11/25,16:28:00,Credit card,3.0,0.48
6716,M055,Waxahachie,Fashion accessories,$75,2.0,06/12/25,15:50:00,Credit card,6.0,0.33
6717,M050,Victoria,Home and lifestyle,$37,2.0,27/11/25,20:58:00,Ewallet,4.0,0.48
6718,M046,Temple,Fashion accessories,$73,1.0,31/12/25,15:16:00,Credit card,6.0,0.48
6719,M030,Richardson,Home and lifestyle,$67,1.0,04/12/25,19:18:00,Credit card,3.0,0.48
6720,M065,Texas City,Fashion accessories,$41,1.0,14/11/25,16:31:00,Credit card,4.0,0.33
6721,M032,Tyler,Home and lifestyle,$35,1.0,07/11/25,19:31:00,Credit card,3.0,0.48
6722,M050,Victoria,Fashion accessories,$35,1.0,30/11/25,20:15:00,Ewallet,5.0,0.48
6723,M084,Schertz,Home and lifestyle,$63,1.0,19/12/25,19:15:00,Credit card,5.0,0.33
6724,M054,Sherman,Fashion accessories,$35,3.0,16/12/25,19:56:00,Credit card,4.0,0.21
6725,M075,San Marcos,Home and lifestyle,$80,2.0,10/11/25,17:30:00,Credit card,3.0,0.33
6726,M058,Port Arthur,Fashion accessories,$71,3.0,17/11/25,16:28:00,Credit card,7.0,0.33
6727,M089,Southlake,Home and lifestyle,$66,2.0,29/12/25,19:04:00,Credit card,6.0,0.33
6728,M073,Seguin,Fashion accessories,$72,3.0,28/11/25,15:49:00,Credit card,7.0,0.33
6729,M065,Texas City,Home and lifestyle,$49,1.0,16/11/25,20:07:00,Credit card,7.0,0.33
6730,M029,Round Rock,Fashion accessories,$15,3.0,09/11/25,15:30:00,Credit card,7.0,0.48
6731,M074,Weslaco,Home and lifestyle,$78,2.0,20/11/25,20:00:00,Credit card,3.0,0.33
6732,M075,San Marcos,Fashion accessories,$81,1.0,06/11/25,20:23:00,Credit card,7.0,0.33
6733,M073,Seguin,Home and lifestyle,$30,3.0,17/11/25,17:03:00,Credit card,7.0,0.33
6734,M073,Seguin,Fashion accessories,$71,2.0,31/12/25,15:47:00,Credit card,5.0,0.33
6735,M074,Weslaco,Home and lifestyle,$84,1.0,15/11/25,20:45:00,Credit card,6.0,0.33
6736,M055,Waxahachie,Fashion accessories,$80,1.0,07/12/25,18:56:00,Credit card,6.0,0.33
6737,M029,Round Rock,Home and lifestyle,$66,3.0,22/12/25,16:15:00,Credit card,3.0,0.48
6738,M058,Port Arthur,Fashion accessories,$59,1.0,09/12/25,17:54:00,Credit card,4.0,0.33
6739,M073,Seguin,Home and lifestyle,$65,1.0,11/11/25,15:59:00,Credit card,4.0,0.33
6740,M069,Rockwall,Fashion accessories,$35,3.0,27/11/25,16:11:00,Credit card,4.0,0.33
6741,M082,Weslaco,Home and lifestyle,$66,3.0,27/12/25,17:30:00,Credit card,3.0,0.33
6742,M025,Waco,Fashion accessories,$52,2.0,15/12/25,19:41:00,Credit card,3.0,0.48
6743,M069,Rockwall,Home and lifestyle,$57,2.0,14/11/25,15:06:00,Credit card,4.0,0.33
6744,M055,Waxahachie,Fashion accessories,$63,1.0,13/11/25,20:07:00,Credit card,7.0,0.33
6745,M099,Weatherford,Home and lifestyle,$51,3.0,27/11/25,16:16:00,Credit card,3.0,0.18
6746,M074,Weslaco,Fashion accessories,$15,1.0,25/12/25,19:27:00,Credit card,7.0,0.33
6747,M050,Victoria,Home and lifestyle,$45,3.0,11/12/25,18:20:00,Ewallet,4.0,0.48
6748,M084,Schertz,Fashion accessories,$43,1.0,28/12/25,17:23:00,Credit card,3.0,0.33
6749,M099,Weatherford,Home and lifestyle,$22,3.0,02/12/25,15:12:00,Credit card,4.0,0.18
6750,M082,Weslaco,Fashion accessories,$83,2.0,31/12/25,16:52:00,Credit card,4.0,0.33
6751,M086,Rosenberg,Home and lifestyle,$44,2.0,20/12/25,18:56:00,Credit card,4.0,0.33
6752,M055,Waxahachie,Fashion accessories,$25,1.0,11/11/25,15:21:00,Credit card,6.0,0.33
6753,M099,Weatherford,Home and lifestyle,$82,3.0,30/12/25,15:21:00,Credit card,4.0,0.18
6754,M058,Port Arthur,Fashion accessories,$78,1.0,10/11/25,18:57:00,Credit card,6.0,0.33
6755,M035,San Angelo,Home and lifestyle,$53,3.0,16/12/25,16:06:00,Credit card,7.0,0.48
6756,M030,Richardson,Fashion accessories,$76,1.0,04/12/25,19:02:00,Credit card,4.0,0.48
6757,M074,Weslaco,Home and lifestyle,$65,1.0,08/12/25,20:27:00,Credit card,5.0,0.33
6758,M035,San Angelo,Fashion accessories,$36,1.0,21/11/25,17:03:00,Credit card,6.0,0.48
6759,M009,Plano,Home and lifestyle,$80,3.0,14/11/25,15:32:00,Credit card,4.0,0.48
6760,M054,Sherman,Fashion accessories,$32,3.0,19/12/25,15:54:00,Credit card,3.0,0.21
6761,M073,Seguin,Home and lifestyle,$73,2.0,09/12/25,19:26:00,Credit card,7.0,0.33
6762,M069,Rockwall,Fashion accessories,$58,3.0,21/11/25,20:51:00,Credit card,6.0,0.33
6763,M084,Schertz,Home and lifestyle,$51,1.0,16/11/25,17:44:00,Credit card,3.0,0.33
6764,M055,Waxahachie,Fashion accessories,$20,3.0,01/12/25,17:04:00,Credit card,5.0,0.33
6765,M046,Temple,Home and lifestyle,$55,3.0,30/12/25,19:29:00,Credit card,5.0,0.48
6766,M029,Round Rock,Fashion accessories,$23,3.0,31/12/25,17:15:00,Credit card,4.0,0.48
6767,M058,Port Arthur,Home and lifestyle,$64,3.0,14/11/25,18:16:00,Credit card,5.0,0.33
6768,M074,Weslaco,Fashion accessories,$44,3.0,01/12/25,20:15:00,Credit card,7.0,0.33
6769,M073,Seguin,Home and lifestyle,$67,1.0,01/12/25,19:33:00,Credit card,6.0,0.33
6770,M084,Schertz,Fashion accessories,$63,3.0,06/12/25,15:44:00,Credit card,6.0,0.33
6771,M038,Sugar Land,Home and lifestyle,$56,2.0,13/11/25,20:58:00,Credit card,7.0,0.48
6772,M032,Tyler,Fashion accessories,$24,1.0,17/11/25,19:57:00,Credit card,4.0,0.48
6773,M029,Round Rock,Home and lifestyle,$47,1.0,17/11/25,17:56:00,Credit card,6.0,0.48
6774,M058,Port Arthur,Fashion accessories,$70,1.0,19/11/25,20:48:00,Credit card,6.0,0.33
6775,M087,Waxahachie,Home and lifestyle,$76,3.0,20/12/25,18:06:00,Credit card,5.0,0.33
6776,M046,Temple,Fashion accessories,$72,3.0,12/12/25,20:48:00,Credit card,6.0,0.48
6777,M087,Waxahachie,Home and lifestyle,$20,2.0,02/11/25,16:21:00,Credit card,5.0,0.33
6778,M084,Schertz,Fashion accessories,$46,1.0,26/12/25,16:56:00,Credit card,3.0,0.33
6779,M032,Tyler,Home and lifestyle,$82,3.0,01/12/25,16:41:00,Credit card,7.0,0.48
6780,M055,Waxahachie,Fashion accessories,$56,1.0,18/12/25,17:22:00,Credit card,5.0,0.33
6781,M055,Waxahachie,Home and lifestyle,$30,1.0,06/12/25,17:59:00,Credit card,5.0,0.33
6782,M087,Waxahachie,Fashion accessories,$32,1.0,23/11/25,19:53:00,Credit card,5.0,0.33
6783,M025,Waco,Home and lifestyle,$16,1.0,10/11/25,20:29:00,Credit card,6.0,0.48
6784,M065,Texas City,Fashion accessories,$68,1.0,07/11/25,18:21:00,Credit card,4.0,0.33
6785,M084,Schertz,Home and lifestyle,$66,2.0,20/11/25,16:58:00,Credit card,4.0,0.33
6786,M003,San Antonio,Fashion accessories,$57,2.0,29/12/25,18:18:00,Credit card,4.0,0.48
6787,M069,Rockwall,Home and lifestyle,$35,3.0,31/12/25,17:10:00,Credit card,4.0,0.33
6788,M089,Southlake,Fashion accessories,$32,2.0,15/11/25,17:32:00,Credit card,3.0,0.33
6789,M046,Temple,Home and lifestyle,$39,2.0,19/12/25,17:45:00,Credit card,3.0,0.48
6790,M058,Port Arthur,Fashion accessories,$66,1.0,15/11/25,15:20:00,Credit card,5.0,0.33
6791,M032,Tyler,Home and lifestyle,$66,2.0,04/11/25,16:12:00,Credit card,6.0,0.48
6792,M035,San Angelo,Fashion accessories,$49,1.0,28/11/25,16:47:00,Credit card,6.0,0.48
6793,M003,San Antonio,Home and lifestyle,$43,2.0,15/11/25,17:06:00,Credit card,4.0,0.36
6794,M089,Southlake,Fashion accessories,$26,3.0,25/11/25,19:43:00,Credit card,4.0,0.33
6795,M009,Plano,Home and lifestyle,$25,3.0,07/11/25,17:18:00,Credit card,3.0,0.48
6796,M089,Southlake,Fashion accessories,$78,2.0,28/12/25,15:39:00,Credit card,7.0,0.33
6797,M003,San Antonio,Home and lifestyle,$22,2.0,10/12/25,17:37:00,Credit card,3.0,0.36
6798,M086,Rosenberg,Fashion accessories,$17,3.0,19/12/25,19:53:00,Credit card,3.0,0.33
6799,M084,Schertz,Home and lifestyle,$35,1.0,28/11/25,16:20:00,Credit card,7.0,0.33
6800,M087,Waxahachie,Fashion accessories,$15,3.0,23/12/25,15:38:00,Credit card,3.0,0.33
6801,M082,Weslaco,Home and lifestyle,$29,3.0,27/11/25,17:41:00,Credit card,5.0,0.33
6802,M086,Rosenberg,Fashion accessories,$20,2.0,01/12/25,20:24:00,Credit card,6.0,0.33
6803,M069,Rockwall,Home and lifestyle,$76,1.0,09/11/25,20:07:00,Credit card,4.0,0.33
6804,M055,Waxahachie,Fashion accessories,$42,3.0,09/12/25,17:19:00,Credit card,5.0,0.33
6805,M056,Rowlett,Home and lifestyle,$78,1.0,25/11/25,20:22:00,Credit card,3.0,0.33
6806,M038,Sugar Land,Fashion accessories,$28,3.0,26/11/25,17:33:00,Credit card,3.0,0.48
6807,M086,Rosenberg,Home and lifestyle,$23,1.0,02/12/25,15:39:00,Credit card,3.0,0.33
6808,M046,Temple,Fashion accessories,$25,2.0,25/12/25,18:39:00,Credit card,3.0,0.48
6809,M089,Southlake,Home and lifestyle,$78,2.0,30/11/25,18:50:00,Credit card,5.0,0.33
6810,M009,Plano,Fashion accessories,$73,1.0,20/11/25,18:11:00,Credit card,7.0,0.48
6811,M050,Victoria,Home and lifestyle,$61,3.0,03/12/25,18:00:00,Ewallet,6.0,0.48
6812,M065,Texas City,Fashion accessories,$17,2.0,19/12/25,18:26:00,Credit card,5.0,0.33
6813,M056,Rowlett,Home and lifestyle,$74,3.0,21/11/25,16:03:00,Credit card,5.0,0.33
6814,M074,Weslaco,Fashion accessories,$18,1.0,29/11/25,15:29:00,Credit card,3.0,0.33
6815,M035,San Angelo,Home and lifestyle,$15,2.0,06/11/25,17:10:00,Credit card,7.0,0.48
6816,M075,San Marcos,Fashion accessories,$63,1.0,15/11/25,19:03:00,Credit card,3.0,0.33
6817,M032,Tyler,Home and lifestyle,$31,3.0,16/11/25,19:35:00,Credit card,3.0,0.48
6818,M087,Waxahachie,Fashion accessories,$36,2.0,27/12/25,16:34:00,Credit card,3.0,0.33
6819,M003,San Antonio,Home and lifestyle,$67,3.0,18/11/25,16:26:00,Credit card,3.0,0.36
6820,M032,Tyler,Fashion accessories,$60,2.0,14/11/25,15:38:00,Credit card,6.0,0.48
6821,M025,Waco,Home and lifestyle,$59,2.0,28/11/25,17:51:00,Credit card,3.0,0.48
6822,M087,Waxahachie,Fashion accessories,$20,2.0,13/11/25,17:57:00,Credit card,5.0,0.33
6823,M058,Port Arthur,Home and lifestyle,$61,2.0,01/12/25,20:20:00,Credit card,5.0,0.33
6824,M086,Rosenberg,Fashion accessories,$20,1.0,09/11/25,19:19:00,Credit card,5.0,0.33
6825,M073,Seguin,Home and lifestyle,$63,3.0,04/11/25,16:49:00,Credit card,7.0,0.33
6826,M035,San Angelo,Fashion accessories,$27,2.0,26/11/25,16:07:00,Credit card,3.0,0.48
6827,M073,Seguin,Home and lifestyle,$66,3.0,11/11/25,15:22:00,Credit card,5.0,0.33
6828,M069,Rockwall,Fashion accessories,$46,1.0,09/11/25,18:26:00,Credit card,6.0,0.33
6829,M084,Schertz,Home and lifestyle,$30,1.0,14/11/25,16:33:00,Credit card,5.0,0.33
6830,M099,Weatherford,Fashion accessories,$65,2.0,01/12/25,17:05:00,Credit card,5.0,0.18
6831,M032,Tyler,Home and lifestyle,$28,2.0,21/12/25,20:55:00,Credit card,5.0,0.48
6832,M055,Waxahachie,Fashion accessories,$71,3.0,12/12/25,17:15:00,Credit card,3.0,0.33
6833,M046,Temple,Home and lifestyle,$25,3.0,30/12/25,19:25:00,Credit card,7.0,0.48
6834,M046,Temple,Fashion accessories,$37,3.0,03/12/25,15:44:00,Credit card,6.0,0.48
6835,M074,Weslaco,Home and lifestyle,$40,2.0,04/11/25,15:14:00,Credit card,4.0,0.33
6836,M073,Seguin,Fashion accessories,$33,3.0,07/11/25,15:20:00,Credit card,6.0,0.33
6837,M086,Rosenberg,Home and lifestyle,$59,3.0,01/11/25,20:19:00,Credit card,6.0,0.33
6838,M065,Texas City,Fashion accessories,$49,3.0,08/12/25,18:50:00,Credit card,7.0,0.33
6839,M054,Sherman,Home and lifestyle,$55,2.0,30/11/25,18:50:00,Credit card,6.0,0.21
6840,M087,Waxahachie,Fashion accessories,$64,3.0,14/11/25,16:29:00,Credit card,5.0,0.33
6841,M030,Richardson,Home and lifestyle,$50,3.0,18/12/25,15:42:00,Credit card,5.0,0.48
6842,M009,Plano,Fashion accessories,$30,1.0,12/12/25,19:40:00,Credit card,6.0,0.48
6843,M029,Round Rock,Home and lifestyle,$54,3.0,27/11/25,18:58:00,Credit card,7.0,0.48
6844,M099,Weatherford,Fashion accessories,$45,1.0,30/11/25,16:00:00,Credit card,7.0,0.18
6845,M035,San Angelo,Home and lifestyle,$77,1.0,27/12/25,19:31:00,Credit card,5.0,0.48
6846,M046,Temple,Fashion accessories,$53,2.0,08/11/25,15:24:00,Credit card,7.0,0.48
6847,M029,Round Rock,Home and lifestyle,$62,1.0,18/11/25,17:08:00,Credit card,7.0,0.48
6848,M084,Schertz,Fashion accessories,$59,1.0,04/11/25,20:25:00,Credit card,4.0,0.33
6849,M055,Waxahachie,Home and lifestyle,$45,1.0,13/12/25,20:43:00,Credit card,3.0,0.33
6850,M003,San Antonio,Fashion accessories,$27,3.0,22/12/25,16:59:00,Credit card,5.0,0.48
6851,M055,Waxahachie,Home and lifestyle,$44,1.0,19/11/25,18:37:00,Credit card,7.0,0.33
6852,M035,San Angelo,Fashion accessories,$79,3.0,05/11/25,15:26:00,Credit card,5.0,0.48
6853,M035,San Angelo,Home and lifestyle,$62,2.0,28/11/25,15:37:00,Credit card,3.0,0.48
6854,M084,Schertz,Fashion accessories,$71,2.0,11/11/25,15:35:00,Credit card,7.0,0.33
6855,M087,Waxahachie,Home and lifestyle,$76,3.0,14/12/25,18:11:00,Credit card,6.0,0.33
6856,M038,Sugar Land,Fashion accessories,$79,2.0,09/11/25,20:02:00,Credit card,7.0,0.48
6857,M025,Waco,Home and lifestyle,$77,3.0,15/11/25,18:23:00,Credit card,7.0,0.48
6858,M073,Seguin,Fashion accessories,$27,2.0,25/11/25,17:06:00,Credit card,7.0,0.33
6859,M032,Tyler,Home and lifestyle,$16,2.0,05/12/25,16:59:00,Credit card,6.0,0.48
6860,M046,Temple,Fashion accessories,$85,3.0,15/11/25,19:07:00,Credit card,4.0,0.48
6861,M075,San Marcos,Home and lifestyle,$24,1.0,27/12/25,19:43:00,Credit card,7.0,0.33
6862,M038,Sugar Land,Fashion accessories,$56,1.0,01/11/25,17:46:00,Credit card,3.0,0.48
6863,M025,Waco,Home and lifestyle,$48,1.0,16/12/25,18:04:00,Credit card,5.0,0.48
6864,M058,Port Arthur,Fashion accessories,$39,2.0,29/12/25,15:48:00,Credit card,3.0,0.33
6865,M038,Sugar Land,Home and lifestyle,$23,1.0,07/12/25,20:00:00,Credit card,5.0,0.48
6866,M009,Plano,Fashion accessories,$31,1.0,16/11/25,17:50:00,Credit card,4.0,0.48
6867,M055,Waxahachie,Home and lifestyle,$38,1.0,19/11/25,16:44:00,Credit card,3.0,0.33
6868,M058,Port Arthur,Fashion accessories,$24,3.0,18/12/25,20:32:00,Credit card,7.0,0.33
6869,M058,Port Arthur,Home and lifestyle,$53,2.0,20/12/25,20:23:00,Credit card,5.0,0.33
6870,M075,San Marcos,Fashion accessories,$39,1.0,01/12/25,18:13:00,Credit card,4.0,0.33
6871,M030,Richardson,Home and lifestyle,$55,2.0,16/12/25,15:23:00,Credit card,6.0,0.48
6872,M046,Temple,Fashion accessories,$17,3.0,27/12/25,17:27:00,Credit card,3.0,0.48
6873,M025,Waco,Home and lifestyle,$27,1.0,15/12/25,19:23:00,Credit card,3.0,0.48
6874,M074,Weslaco,Fashion accessories,$47,2.0,11/11/25,15:59:00,Credit card,4.0,0.33
6875,M035,San Angelo,Home and lifestyle,$82,1.0,11/12/25,15:38:00,Credit card,4.0,0.48
6876,M038,Sugar Land,Fashion accessories,$59,3.0,04/11/25,15:17:00,Credit card,3.0,0.48
6877,M056,Rowlett,Home and lifestyle,$26,3.0,26/12/25,17:51:00,Credit card,6.0,0.33
6878,M058,Port Arthur,Fashion accessories,$30,3.0,08/12/25,15:32:00,Credit card,7.0,0.33
6879,M029,Round Rock,Home and lifestyle,$50,2.0,29/11/25,16:00:00,Credit card,5.0,0.48
6880,M055,Waxahachie,Fashion accessories,$47,2.0,12/11/25,19:33:00,Credit card,5.0,0.33
6881,M086,Rosenberg,Home and lifestyle,$49,1.0,29/12/25,19:07:00,Credit card,6.0,0.33
6882,M084,Schertz,Fashion accessories,$32,3.0,24/12/25,15:07:00,Credit card,5.0,0.33
6883,M074,Weslaco,Home and lifestyle,$48,1.0,23/12/25,20:30:00,Credit card,6.0,0.33
6884,M030,Richardson,Fashion accessories,$64,1.0,12/12/25,15:15:00,Credit card,5.0,0.48
6885,M030,Richardson,Home and lifestyle,$63,2.0,30/11/25,18:12:00,Credit card,5.0,0.48
6886,M032,Tyler,Fashion accessories,$76,1.0,04/12/25,18:01:00,Credit card,7.0,0.48
6887,M074,Weslaco,Home and lifestyle,$39,3.0,21/12/25,20:26:00,Credit card,7.0,0.33
6888,M082,Weslaco,Fashion accessories,$55,1.0,09/12/25,16:49:00,Credit card,5.0,0.33
6889,M035,San Angelo,Home and lifestyle,$71,3.0,06/12/25,19:30:00,Credit card,6.0,0.48
6890,M082,Weslaco,Fashion accessories,$38,3.0,11/11/25,16:13:00,Credit card,5.0,0.33
6891,M056,Rowlett,Home and lifestyle,$21,3.0,08/12/25,18:08:00,Credit card,4.0,0.33
6892,M046,Temple,Fashion accessories,$47,1.0,12/12/25,15:20:00,Credit card,6.0,0.48
6893,M009,Plano,Home and lifestyle,$33,2.0,26/11/25,16:59:00,Credit card,6.0,0.48
6894,M054,Sherman,Fashion accessories,$73,3.0,22/12/25,18:46:00,Credit card,7.0,0.21
6895,M082,Weslaco,Home and lifestyle,$29,1.0,16/11/25,18:18:00,Credit card,6.0,0.33
6896,M089,Southlake,Fashion accessories,$44,3.0,20/12/25,20:29:00,Credit card,7.0,0.33
6897,M009,Plano,Home and lifestyle,$30,2.0,25/11/25,17:22:00,Credit card,6.0,0.48
6898,M075,San Marcos,Fashion accessories,$32,2.0,19/11/25,20:00:00,Credit card,6.0,0.33
6899,M058,Port Arthur,Home and lifestyle,$78,2.0,12/12/25,19:52:00,Credit card,3.0,0.33
6900,M030,Richardson,Fashion accessories,$32,3.0,01/12/25,20:10:00,Credit card,3.0,0.48
6901,M082,Weslaco,Home and lifestyle,$22,1.0,18/11/25,17:03:00,Credit card,4.0,0.33
6902,M069,Rockwall,Fashion accessories,$18,2.0,21/12/25,17:08:00,Credit card,3.0,0.33
6903,M003,San Antonio,Home and lifestyle,$58,2.0,11/11/25,17:03:00,Credit card,4.0,0.36
6904,M087,Waxahachie,Fashion accessories,$26,1.0,18/11/25,19:36:00,Credit card,6.0,0.33
6905,M084,Schertz,Home and lifestyle,$79,3.0,01/11/25,17:02:00,Credit card,4.0,0.33
6906,M030,Richardson,Fashion accessories,$58,1.0,17/12/25,20:43:00,Credit card,5.0,0.48
6907,M065,Texas City,Home and lifestyle,$22,3.0,03/11/25,18:57:00,Credit card,6.0,0.33
6908,M050,Victoria,Fashion accessories,$51,1.0,07/11/25,19:32:00,Ewallet,5.0,0.48
6909,M082,Weslaco,Home and lifestyle,$80,3.0,05/12/25,18:49:00,Credit card,7.0,0.33
6910,M009,Plano,Fashion accessories,$28,3.0,28/11/25,20:37:00,Credit card,3.0,0.48
6911,M029,Round Rock,Home and lifestyle,$21,3.0,01/12/25,20:39:00,Credit card,6.0,0.48
6912,M058,Port Arthur,Fashion accessories,$69,3.0,15/11/25,18:27:00,Credit card,6.0,0.33
6913,M035,San Angelo,Home and lifestyle,$57,3.0,15/12/25,16:24:00,Credit card,3.0,0.48
6914,M054,Sherman,Fashion accessories,$71,3.0,15/11/25,19:55:00,Credit card,6.0,0.21
6915,M099,Weatherford,Home and lifestyle,$21,1.0,10/12/25,17:43:00,Credit card,7.0,0.18
6916,M084,Schertz,Fashion accessories,$84,3.0,10/11/25,15:27:00,Credit card,7.0,0.33
6917,M073,Seguin,Home and lifestyle,$36,1.0,29/11/25,15:10:00,Credit card,3.0,0.33
6918,M069,Rockwall,Fashion accessories,$16,1.0,18/11/25,19:26:00,Credit card,5.0,0.33
6919,M058,Port Arthur,Home and lifestyle,$47,2.0,16/11/25,15:05:00,Credit card,5.0,0.33
6920,M065,Texas City,Fashion accessories,$52,1.0,21/12/25,19:09:00,Credit card,6.0,0.33
6921,M038,Sugar Land,Home and lifestyle,$19,1.0,22/11/25,17:18:00,Credit card,3.0,0.48
6922,M025,Waco,Fashion accessories,$34,1.0,30/11/25,17:55:00,Credit card,3.0,0.48
6923,M089,Southlake,Home and lifestyle,$39,3.0,22/11/25,20:18:00,Credit card,5.0,0.33
6924,M025,Waco,Fashion accessories,$39,2.0,27/11/25,16:02:00,Credit card,3.0,0.48
6925,M082,Weslaco,Home and lifestyle,$78,2.0,08/11/25,16:51:00,Credit card,5.0,0.33
6926,M086,Rosenberg,Fashion accessories,$34,2.0,14/12/25,19:15:00,Credit card,6.0,0.33
6927,M003,San Antonio,Home and lifestyle,$49,1.0,01/11/25,16:43:00,Credit card,3.0,0.36
6928,M055,Waxahachie,Fashion accessories,$76,1.0,07/11/25,16:56:00,Credit card,3.0,0.33
6929,M058,Port Arthur,Home and lifestyle,$18,3.0,23/11/25,19:25:00,Credit card,6.0,0.33
6930,M058,Port Arthur,Fashion accessories,$77,2.0,24/12/25,17:54:00,Credit card,7.0,0.33
6931,M084,Schertz,Home and lifestyle,$44,2.0,17/11/25,15:42:00,Credit card,4.0,0.33
6932,M032,Tyler,Fashion accessories,$55,3.0,24/11/25,15:05:00,Credit card,4.0,0.48
6933,M065,Texas City,Home and lifestyle,$68,2.0,27/11/25,20:56:00,Credit card,4.0,0.33
6934,M030,Richardson,Fashion accessories,$47,1.0,17/12/25,20:28:00,Credit card,4.0,0.48
6935,M074,Weslaco,Home and lifestyle,$41,3.0,09/11/25,18:33:00,Credit card,7.0,0.33
6936,M087,Waxahachie,Fashion accessories,$43,1.0,24/11/25,15:50:00,Credit card,6.0,0.33
6937,M009,Plano,Home and lifestyle,$50,2.0,04/11/25,16:54:00,Credit card,4.0,0.48
6938,M054,Sherman,Fashion accessories,$84,1.0,08/11/25,16:27:00,Credit card,4.0,0.21
6939,M099,Weatherford,Home and lifestyle,$38,2.0,25/11/25,20:24:00,Credit card,7.0,0.18
6940,M058,Port Arthur,Fashion accessories,$81,3.0,11/12/25,18:08:00,Credit card,3.0,0.33
6941,M099,Weatherford,Home and lifestyle,$47,2.0,06/12/25,16:02:00,Credit card,3.0,0.18
6942,M087,Waxahachie,Fashion accessories,$81,3.0,16/12/25,18:35:00,Credit card,5.0,0.33
6943,M054,Sherman,Home and lifestyle,$25,3.0,12/11/25,19:00:00,Credit card,4.0,0.21
6944,M030,Richardson,Fashion accessories,$82,2.0,12/11/25,17:01:00,Credit card,3.0,0.48
6945,M003,San Antonio,Home and lifestyle,$23,3.0,08/11/25,20:43:00,Credit card,6.0,0.36
6946,M038,Sugar Land,Fashion accessories,$57,2.0,01/11/25,16:53:00,Credit card,6.0,0.48
6947,M073,Seguin,Home and lifestyle,$68,2.0,09/11/25,19:36:00,Credit card,6.0,0.33
6948,M056,Rowlett,Fashion accessories,$71,2.0,01/12/25,16:12:00,Credit card,4.0,0.33
6949,M075,San Marcos,Home and lifestyle,$29,2.0,01/12/25,20:07:00,Credit card,3.0,0.33
6950,M035,San Angelo,Fashion accessories,$70,2.0,20/12/25,15:02:00,Credit card,4.0,0.48
6951,M082,Weslaco,Home and lifestyle,$63,3.0,24/11/25,18:25:00,Credit card,4.0,0.33
6952,M055,Waxahachie,Fashion accessories,$42,1.0,21/12/25,19:15:00,Credit card,4.0,0.33
6953,M087,Waxahachie,Home and lifestyle,$29,1.0,05/11/25,20:53:00,Credit card,4.0,0.33
6954,M074,Weslaco,Fashion accessories,$66,1.0,01/12/25,20:58:00,Credit card,6.0,0.33
6955,M099,Weatherford,Home and lifestyle,$58,2.0,12/12/25,19:22:00,Credit card,5.0,0.18
6956,M089,Southlake,Fashion accessories,$78,2.0,19/11/25,19:02:00,Credit card,4.0,0.33
6957,M099,Weatherford,Home and lifestyle,$26,1.0,05/11/25,19:04:00,Credit card,6.0,0.18
6958,M025,Waco,Fashion accessories,$34,2.0,09/12/25,15:14:00,Credit card,3.0,0.48
6959,M029,Round Rock,Home and lifestyle,$32,2.0,05/12/25,16:15:00,Credit card,7.0,0.48
6960,M074,Weslaco,Fashion accessories,$62,3.0,03/11/25,16:49:00,Credit card,3.0,0.33
6961,M046,Temple,Home and lifestyle,$70,2.0,08/11/25,15:22:00,Credit card,3.0,0.48
6962,M089,Southlake,Fashion accessories,$63,3.0,20/12/25,15:56:00,Credit card,4.0,0.33
6963,M082,Weslaco,Home and lifestyle,$39,1.0,12/11/25,19:55:00,Credit card,6.0,0.33
6964,M082,Weslaco,Fashion accessories,$62,1.0,30/12/25,17:57:00,Credit card,5.0,0.33
6965,M056,Rowlett,Home and lifestyle,$33,1.0,08/11/25,20:46:00,Credit card,7.0,0.33
6966,M003,San Antonio,Fashion accessories,$63,1.0,26/11/25,15:45:00,Credit card,3.0,0.48
6967,M050,Victoria,Home and lifestyle,$63,1.0,13/12/25,19:45:00,Ewallet,5.0,0.48
6968,M058,Port Arthur,Fashion accessories,$53,1.0,23/11/25,19:28:00,Credit card,4.0,0.33
6969,M009,Plano,Home and lifestyle,$25,2.0,21/12/25,17:33:00,Credit card,3.0,0.48
6970,M056,Rowlett,Fashion accessories,$40,3.0,23/12/25,17:48:00,Credit card,3.0,0.33
6971,M009,Plano,Home and lifestyle,$85,3.0,24/12/25,17:33:00,Credit card,4.0,0.48
6972,M055,Waxahachie,Fashion accessories,$38,1.0,20/12/25,16:08:00,Credit card,3.0,0.33
6973,M046,Temple,Home and lifestyle,$69,1.0,02/11/25,15:16:00,Credit card,6.0,0.48
6974,M003,San Antonio,Fashion accessories,$66,3.0,15/12/25,19:38:00,Credit card,3.0,0.48
6975,M029,Round Rock,Home and lifestyle,$39,1.0,01/11/25,17:24:00,Credit card,4.0,0.48
6976,M055,Waxahachie,Fashion accessories,$28,1.0,29/12/25,15:10:00,Credit card,4.0,0.33
6977,M074,Weslaco,Home and lifestyle,$57,2.0,18/12/25,20:03:00,Credit card,4.0,0.33
6978,M029,Round Rock,Fashion accessories,$61,3.0,14/12/25,17:56:00,Credit card,5.0,0.48
6979,M003,San Antonio,Home and lifestyle,$67,3.0,27/11/25,16:50:00,Credit card,7.0,0.48
6980,M035,San Angelo,Fashion accessories,$68,1.0,23/12/25,16:24:00,Credit card,6.0,0.48
6981,M087,Waxahachie,Home and lifestyle,$16,1.0,20/12/25,20:05:00,Credit card,6.0,0.33
6982,M082,Weslaco,Fashion accessories,$34,2.0,15/11/25,19:08:00,Credit card,6.0,0.33
6983,M054,Sherman,Home and lifestyle,$59,2.0,05/11/25,15:02:00,Credit card,3.0,0.21
6984,M055,Waxahachie,Fashion accessories,$47,1.0,28/12/25,16:33:00,Credit card,5.0,0.33
6985,M087,Waxahachie,Home and lifestyle,$44,1.0,25/11/25,18:29:00,Credit card,3.0,0.33
6986,M089,Southlake,Fashion accessories,$60,1.0,26/11/25,18:58:00,Credit card,7.0,0.33
6987,M075,San Marcos,Home and lifestyle,$44,2.0,10/11/25,20:27:00,Credit card,5.0,0.33
6988,M030,Richardson,Fashion accessories,$28,1.0,14/11/25,18:29:00,Credit card,6.0,0.48
6989,M075,San Marcos,Home and lifestyle,$36,2.0,29/11/25,17:48:00,Credit card,4.0,0.33
6990,M056,Rowlett,Fashion accessories,$32,2.0,01/11/25,15:33:00,Credit card,4.0,0.33
6991,M074,Weslaco,Home and lifestyle,$35,2.0,01/12/25,20:59:00,Credit card,7.0,0.33
6992,M073,Seguin,Fashion accessories,$36,1.0,28/11/25,19:55:00,Credit card,4.0,0.33
6993,M082,Weslaco,Home and lifestyle,$84,2.0,17/12/25,19:04:00,Credit card,5.0,0.33
6994,M046,Temple,Fashion accessories,$46,1.0,02/12/25,17:01:00,Credit card,3.0,0.48
6995,M089,Southlake,Home and lifestyle,$59,3.0,23/11/25,16:09:00,Credit card,4.0,0.33
6996,M082,Weslaco,Fashion accessories,$83,3.0,09/12/25,16:08:00,Credit card,6.0,0.33
6997,M065,Texas City,Home and lifestyle,$74,2.0,08/11/25,15:26:00,Credit card,5.0,0.33
6998,M075,San Marcos,Fashion accessories,$81,3.0,06/11/25,17:16:00,Credit card,3.0,0.33
6999,M038,Sugar Land,Home and lifestyle,$68,2.0,08/11/25,20:47:00,Credit card,4.0,0.48
7000,M054,Sherman,Fashion accessories,$43,1.0,02/12/25,16:41:00,Credit card,5.0,0.21
7001,M065,Texas City,Home and lifestyle,$71,3.0,19/12/25,15:54:00,Credit card,4.0,0.33
7002,M065,Texas City,Fashion accessories,$54,2.0,07/12/25,17:50:00,Credit card,7.0,0.33
7003,M035,San Angelo,Home and lifestyle,$33,2.0,19/12/25,19:18:00,Credit card,5.0,0.48
7004,M074,Weslaco,Fashion accessories,$62,2.0,18/11/25,16:13:00,Credit card,6.0,0.33
7005,M046,Temple,Home and lifestyle,$52,1.0,01/12/25,19:31:00,Credit card,6.0,0.48
7006,M087,Waxahachie,Fashion accessories,$16,1.0,08/11/25,17:15:00,Credit card,3.0,0.33
7007,M082,Weslaco,Home and lifestyle,$21,2.0,18/11/25,19:11:00,Credit card,4.0,0.33
7008,M038,Sugar Land,Fashion accessories,$19,3.0,12/11/25,15:41:00,Credit card,4.0,0.48
7009,M058,Port Arthur,Home and lifestyle,$81,1.0,23/11/25,15:52:00,Credit card,6.0,0.33
7010,M074,Weslaco,Fashion accessories,$42,1.0,27/11/25,20:16:00,Credit card,4.0,0.33
7011,M075,San Marcos,Home and lifestyle,$72,1.0,01/11/25,16:13:00,Credit card,3.0,0.33
7012,M084,Schertz,Fashion accessories,$48,3.0,10/12/25,20:48:00,Credit card,4.0,0.33
7013,M058,Port Arthur,Home and lifestyle,$31,1.0,22/12/25,17:47:00,Credit card,6.0,0.33
7014,M054,Sherman,Fashion accessories,$27,1.0,11/12/25,18:23:00,Credit card,3.0,0.21
7015,M073,Seguin,Home and lifestyle,$69,2.0,19/11/25,20:03:00,Credit card,4.0,0.33
7016,M087,Waxahachie,Fashion accessories,$17,3.0,13/11/25,16:14:00,Credit card,3.0,0.33
7017,M046,Temple,Home and lifestyle,$52,1.0,01/12/25,19:30:00,Credit card,6.0,0.48
7018,M069,Rockwall,Fashion accessories,$42,3.0,11/11/25,20:47:00,Credit card,5.0,0.33
7019,M069,Rockwall,Home and lifestyle,$21,2.0,18/11/25,17:22:00,Credit card,4.0,0.33
7020,M056,Rowlett,Fashion accessories,$45,3.0,30/11/25,18:10:00,Credit card,7.0,0.33
7021,M087,Waxahachie,Home and lifestyle,$85,3.0,17/12/25,19:49:00,Credit card,6.0,0.33
7022,M086,Rosenberg,Fashion accessories,$69,2.0,01/11/25,18:27:00,Credit card,5.0,0.33
7023,M069,Rockwall,Home and lifestyle,$69,1.0,19/11/25,20:02:00,Credit card,4.0,0.33
7024,M074,Weslaco,Fashion accessories,$40,2.0,06/12/25,19:34:00,Credit card,4.0,0.33
7025,M058,Port Arthur,Home and lifestyle,$73,1.0,21/11/25,17:07:00,Credit card,3.0,0.33
7026,M029,Round Rock,Fashion accessories,$35,1.0,17/11/25,17:47:00,Credit card,3.0,0.48
7027,M046,Temple,Home and lifestyle,$69,3.0,01/11/25,20:40:00,Credit card,5.0,0.48
7028,M055,Waxahachie,Fashion accessories,$32,1.0,08/11/25,21:00:00,Credit card,4.0,0.33
7029,M082,Weslaco,Home and lifestyle,$77,3.0,04/11/25,20:55:00,Credit card,3.0,0.33
7030,M058,Port Arthur,Fashion accessories,$26,2.0,21/12/25,18:32:00,Credit card,3.0,0.33
7031,M032,Tyler,Home and lifestyle,$80,3.0,07/11/25,16:54:00,Credit card,7.0,0.48
7032,M058,Port Arthur,Fashion accessories,$66,2.0,06/12/25,20:53:00,Credit card,7.0,0.33
7033,M084,Schertz,Home and lifestyle,$59,3.0,30/12/25,20:26:00,Credit card,5.0,0.33
7034,M058,Port Arthur,Fashion accessories,$35,1.0,22/11/25,18:53:00,Credit card,6.0,0.33
7035,M074,Weslaco,Home and lifestyle,$54,3.0,23/12/25,17:44:00,Credit card,3.0,0.33
7036,M054,Sherman,Fashion accessories,$46,2.0,23/12/25,17:46:00,Credit card,7.0,0.21
7037,M055,Waxahachie,Home and lifestyle,$48,1.0,29/11/25,19:48:00,Credit card,6.0,0.33
7038,M029,Round Rock,Fashion accessories,$55,2.0,30/12/25,16:37:00,Credit card,7.0,0.48
7039,M073,Seguin,Home and lifestyle,$64,1.0,30/11/25,19:15:00,Credit card,3.0,0.33
7040,M046,Temple,Fashion accessories,$72,3.0,19/11/25,15:59:00,Credit card,3.0,0.48
7041,M025,Waco,Home and lifestyle,$67,1.0,07/11/25,16:03:00,Credit card,3.0,0.48
7042,M054,Sherman,Fashion accessories,$35,2.0,05/11/25,15:06:00,Credit card,3.0,0.21
7043,M069,Rockwall,Home and lifestyle,$21,1.0,04/12/25,18:27:00,Credit card,7.0,0.33
7044,M055,Waxahachie,Fashion accessories,$63,3.0,12/12/25,18:19:00,Credit card,3.0,0.33
7045,M073,Seguin,Home and lifestyle,$65,3.0,27/12/25,15:45:00,Credit card,3.0,0.33
7046,M058,Port Arthur,Fashion accessories,$20,2.0,29/11/25,19:40:00,Credit card,5.0,0.33
7047,M074,Weslaco,Home and lifestyle,$30,3.0,05/11/25,17:03:00,Credit card,6.0,0.33
7048,M055,Waxahachie,Fashion accessories,$44,2.0,03/12/25,19:34:00,Credit card,7.0,0.33
7049,M030,Richardson,Home and lifestyle,$63,2.0,06/12/25,19:18:00,Credit card,4.0,0.48
7050,M038,Sugar Land,Fashion accessories,$61,2.0,19/11/25,15:14:00,Credit card,7.0,0.48
7051,M086,Rosenberg,Home and lifestyle,$24,1.0,25/11/25,17:36:00,Credit card,4.0,0.33
7052,M069,Rockwall,Fashion accessories,$49,2.0,03/11/25,19:28:00,Credit card,4.0,0.33
7053,M075,San Marcos,Home and lifestyle,$34,3.0,24/11/25,16:55:00,Credit card,5.0,0.33
7054,M075,San Marcos,Fashion accessories,$34,1.0,30/11/25,18:45:00,Credit card,7.0,0.33
7055,M087,Waxahachie,Home and lifestyle,$74,2.0,18/12/25,17:08:00,Credit card,5.0,0.33
7056,M089,Southlake,Fashion accessories,$56,3.0,21/12/25,16:21:00,Credit card,4.0,0.33
7057,M058,Port Arthur,Home and lifestyle,$25,2.0,25/12/25,17:29:00,Credit card,4.0,0.33
7058,M069,Rockwall,Fashion accessories,$70,1.0,25/12/25,16:22:00,Credit card,7.0,0.33
7059,M087,Waxahachie,Home and lifestyle,$64,2.0,05/12/25,17:53:00,Credit card,7.0,0.33
7060,M038,Sugar Land,Fashion accessories,$80,1.0,22/12/25,15:22:00,Credit card,3.0,0.48
7061,M029,Round Rock,Home and lifestyle,$49,3.0,01/12/25,18:22:00,Credit card,5.0,0.48
7062,M038,Sugar Land,Fashion accessories,$75,2.0,20/12/25,17:17:00,Credit card,3.0,0.48
7063,M029,Round Rock,Home and lifestyle,$66,3.0,14/11/25,16:27:00,Credit card,6.0,0.48
7064,M089,Southlake,Fashion accessories,$19,2.0,05/12/25,19:41:00,Credit card,6.0,0.33
7065,M055,Waxahachie,Home and lifestyle,$54,2.0,18/11/25,20:58:00,Credit card,3.0,0.33
7066,M082,Weslaco,Fashion accessories,$69,2.0,22/12/25,15:04:00,Credit card,7.0,0.33
7067,M074,Weslaco,Home and lifestyle,$20,1.0,14/12/25,15:04:00,Credit card,6.0,0.33
7068,M065,Texas City,Fashion accessories,$31,1.0,30/12/25,15:14:00,Credit card,3.0,0.33
7069,M073,Seguin,Home and lifestyle,$41,1.0,05/11/25,20:44:00,Credit card,4.0,0.33
7070,M086,Rosenberg,Fashion accessories,$21,2.0,05/12/25,15:52:00,Credit card,3.0,0.33
7071,M035,San Angelo,Home and lifestyle,$76,1.0,24/12/25,17:44:00,Credit card,3.0,0.48
7072,M075,San Marcos,Fashion accessories,$68,1.0,27/11/25,16:29:00,Credit card,5.0,0.33
7073,M009,Plano,Home and lifestyle,$36,2.0,19/11/25,18:58:00,Credit card,5.0,0.48
7074,M082,Weslaco,Fashion accessories,$26,2.0,29/11/25,17:56:00,Credit card,5.0,0.33
7075,M032,Tyler,Home and lifestyle,$15,3.0,15/12/25,15:10:00,Credit card,3.0,0.48
7076,M055,Waxahachie,Fashion accessories,$77,3.0,17/11/25,15:49:00,Credit card,6.0,0.33
7077,M099,Weatherford,Home and lifestyle,$47,1.0,13/11/25,19:48:00,Credit card,6.0,0.18
7078,M099,Weatherford,Fashion accessories,$24,2.0,23/12/25,15:43:00,Credit card,3.0,0.18
7079,M074,Weslaco,Home and lifestyle,$54,1.0,11/12/25,19:55:00,Credit card,4.0,0.33
7080,M029,Round Rock,Fashion accessories,$50,1.0,24/11/25,16:47:00,Credit card,3.0,0.48
7081,M082,Weslaco,Home and lifestyle,$38,3.0,14/12/25,20:15:00,Credit card,7.0,0.33
7082,M030,Richardson,Fashion accessories,$27,1.0,08/11/25,17:32:00,Credit card,7.0,0.48
7083,M099,Weatherford,Home and lifestyle,$46,3.0,27/11/25,16:26:00,Credit card,5.0,0.18
7084,M082,Weslaco,Fashion accessories,$76,3.0,04/11/25,15:26:00,Credit card,6.0,0.33
7085,M003,San Antonio,Home and lifestyle,$35,2.0,04/11/25,17:50:00,Credit card,7.0,0.48
7086,M029,Round Rock,Fashion accessories,$71,2.0,22/11/25,20:56:00,Credit card,4.0,0.48
7087,M055,Waxahachie,Home and lifestyle,$44,3.0,01/12/25,15:30:00,Credit card,5.0,0.33
7088,M038,Sugar Land,Fashion accessories,$76,3.0,01/12/25,18:32:00,Credit card,3.0,0.48
7089,M050,Victoria,Home and lifestyle,$21,3.0,08/12/25,20:21:00,Ewallet,7.0,0.48
7090,M046,Temple,Fashion accessories,$62,1.0,26/11/25,16:17:00,Credit card,5.0,0.48
7091,M082,Weslaco,Home and lifestyle,$51,2.0,17/12/25,19:30:00,Credit card,6.0,0.33
7092,M075,San Marcos,Fashion accessories,$70,3.0,14/11/25,18:50:00,Credit card,3.0,0.33
7093,M087,Waxahachie,Home and lifestyle,$46,2.0,31/12/25,19:38:00,Credit card,3.0,0.33
7094,M003,San Antonio,Fashion accessories,$80,2.0,23/11/25,16:37:00,Credit card,7.0,0.48
7095,M030,Richardson,Home and lifestyle,$83,1.0,15/11/25,18:47:00,Credit card,7.0,0.48
7096,M046,Temple,Fashion accessories,$25,3.0,08/11/25,20:27:00,Credit card,7.0,0.48
7097,M054,Sherman,Home and lifestyle,$52,3.0,03/11/25,19:24:00,Credit card,3.0,0.21
7098,M009,Plano,Fashion accessories,$64,3.0,18/11/25,19:36:00,Credit card,6.0,0.48
7099,M029,Round Rock,Home and lifestyle,$21,1.0,05/11/25,18:41:00,Credit card,5.0,0.48
7100,M030,Richardson,Fashion accessories,$58,1.0,07/11/25,18:47:00,Credit card,3.0,0.48
7101,M082,Weslaco,Home and lifestyle,$56,2.0,25/11/25,18:42:00,Credit card,7.0,0.33
7102,M073,Seguin,Fashion accessories,$79,1.0,21/11/25,17:36:00,Credit card,6.0,0.33
7103,M099,Weatherford,Home and lifestyle,$60,3.0,23/12/25,16:44:00,Credit card,5.0,0.18
7104,M069,Rockwall,Fashion accessories,$65,1.0,28/12/25,20:24:00,Credit card,3.0,0.33
7105,M009,Plano,Home and lifestyle,$53,2.0,22/12/25,17:16:00,Credit card,5.0,0.48
7106,M030,Richardson,Fashion accessories,$20,2.0,05/12/25,16:37:00,Credit card,5.0,0.48
7107,M032,Tyler,Home and lifestyle,$60,3.0,27/11/25,19:46:00,Credit card,3.0,0.48
7108,M030,Richardson,Fashion accessories,$63,1.0,05/12/25,19:11:00,Credit card,5.0,0.48
7109,M030,Richardson,Home and lifestyle,$83,2.0,13/11/25,16:24:00,Credit card,6.0,0.48
7110,M035,San Angelo,Fashion accessories,$53,2.0,12/12/25,19:00:00,Credit card,3.0,0.48
7111,M084,Schertz,Home and lifestyle,$71,3.0,13/12/25,17:50:00,Credit card,7.0,0.33
7112,M009,Plano,Fashion accessories,$23,1.0,04/11/25,21:00:00,Credit card,3.0,0.48
7113,M074,Weslaco,Home and lifestyle,$52,2.0,23/12/25,19:49:00,Credit card,6.0,0.33
7114,M056,Rowlett,Fashion accessories,$71,1.0,22/11/25,15:25:00,Credit card,3.0,0.33
7115,M082,Weslaco,Home and lifestyle,$76,1.0,14/12/25,15:41:00,Credit card,5.0,0.33
7116,M082,Weslaco,Fashion accessories,$33,1.0,18/12/25,15:10:00,Credit card,4.0,0.33
7117,M099,Weatherford,Home and lifestyle,$58,1.0,16/11/25,17:43:00,Credit card,6.0,0.18
7118,M084,Schertz,Fashion accessories,$58,2.0,21/11/25,15:23:00,Credit card,3.0,0.33
7119,M058,Port Arthur,Home and lifestyle,$65,3.0,01/11/25,18:13:00,Credit card,5.0,0.33
7120,M074,Weslaco,Fashion accessories,$44,3.0,04/12/25,19:57:00,Credit card,7.0,0.33
7121,M065,Texas City,Home and lifestyle,$25,1.0,03/11/25,15:37:00,Credit card,7.0,0.33
7122,M009,Plano,Fashion accessories,$77,1.0,25/12/25,18:56:00,Credit card,3.0,0.48
7123,M073,Seguin,Home and lifestyle,$55,1.0,16/12/25,19:59:00,Credit card,7.0,0.33
7124,M025,Waco,Fashion accessories,$24,1.0,08/12/25,17:44:00,Credit card,3.0,0.48
7125,M056,Rowlett,Home and lifestyle,$25,2.0,10/11/25,15:58:00,Credit card,6.0,0.33
7126,M054,Sherman,Fashion accessories,$65,1.0,12/12/25,19:14:00,Credit card,5.0,0.21
7127,M099,Weatherford,Home and lifestyle,$15,1.0,29/11/25,16:09:00,Credit card,7.0,0.18
7128,M046,Temple,Fashion accessories,$85,3.0,04/11/25,18:10:00,Credit card,6.0,0.48
7129,M030,Richardson,Home and lifestyle,$24,2.0,16/12/25,19:21:00,Credit card,7.0,0.48
7130,M055,Waxahachie,Fashion accessories,$73,2.0,27/11/25,18:58:00,Credit card,4.0,0.33
7131,M029,Round Rock,Home and lifestyle,$69,3.0,20/11/25,18:32:00,Credit card,3.0,0.48
7132,M032,Tyler,Fashion accessories,$46,2.0,30/12/25,17:47:00,Credit card,6.0,0.48
7133,M003,San Antonio,Home and lifestyle,$70,3.0,19/12/25,15:13:00,Credit card,7.0,0.48
7134,M054,Sherman,Fashion accessories,$24,3.0,10/12/25,17:15:00,Credit card,3.0,0.21
7135,M046,Temple,Home and lifestyle,$29,2.0,14/12/25,15:01:00,Credit card,5.0,0.48
7136,M075,San Marcos,Fashion accessories,$60,1.0,09/11/25,17:04:00,Credit card,7.0,0.33
7137,M038,Sugar Land,Home and lifestyle,$59,2.0,01/11/25,20:43:00,Credit card,5.0,0.48
7138,M009,Plano,Fashion accessories,$69,3.0,01/12/25,18:57:00,Credit card,6.0,0.48
7139,M074,Weslaco,Home and lifestyle,$40,2.0,28/11/25,19:21:00,Credit card,3.0,0.33
7140,M084,Schertz,Fashion accessories,$48,3.0,04/11/25,16:22:00,Credit card,4.0,0.33
7141,M074,Weslaco,Home and lifestyle,$15,2.0,22/11/25,18:06:00,Credit card,3.0,0.33
7142,M058,Port Arthur,Fashion accessories,$70,2.0,27/11/25,17:39:00,Credit card,4.0,0.33
7143,M055,Waxahachie,Home and lifestyle,$61,3.0,20/12/25,19:29:00,Credit card,4.0,0.33
7144,M082,Weslaco,Fashion accessories,$42,2.0,31/12/25,20:46:00,Credit card,4.0,0.33
7145,M050,Victoria,Home and lifestyle,$20,3.0,27/11/25,18:09:00,Ewallet,3.0,0.48
7146,M035,San Angelo,Fashion accessories,$16,3.0,17/12/25,20:15:00,Credit card,4.0,0.48
7147,M056,Rowlett,Home and lifestyle,$60,3.0,11/11/25,20:28:00,Credit card,4.0,0.33
7148,M025,Waco,Fashion accessories,$17,3.0,20/11/25,17:15:00,Credit card,7.0,0.48
7149,M075,San Marcos,Home and lifestyle,$45,3.0,10/11/25,16:15:00,Credit card,4.0,0.33
7150,M073,Seguin,Fashion accessories,$53,2.0,22/12/25,19:04:00,Credit card,5.0,0.33
7151,M054,Sherman,Home and lifestyle,$81,3.0,27/11/25,16:02:00,Credit card,6.0,0.21
7152,M025,Waco,Fashion accessories,$65,1.0,05/12/25,16:02:00,Credit card,4.0,0.48
7153,M032,Tyler,Home and lifestyle,$71,1.0,08/12/25,17:15:00,Credit card,5.0,0.48
7154,M089,Southlake,Fashion accessories,$17,2.0,01/11/25,20:49:00,Credit card,4.0,0.33
7155,M046,Temple,Home and lifestyle,$46,3.0,18/11/25,15:43:00,Credit card,3.0,0.48
7156,M084,Schertz,Fashion accessories,$79,1.0,01/11/25,19:11:00,Credit card,5.0,0.33
7157,M089,Southlake,Home and lifestyle,$49,1.0,01/11/25,19:47:00,Credit card,4.0,0.33
7158,M054,Sherman,Fashion accessories,$30,2.0,21/12/25,15:11:00,Credit card,4.0,0.21
7159,M075,San Marcos,Home and lifestyle,$43,3.0,18/11/25,15:49:00,Credit card,7.0,0.33
7160,M056,Rowlett,Fashion accessories,$66,1.0,19/12/25,16:45:00,Credit card,5.0,0.33
7161,M009,Plano,Home and lifestyle,$56,2.0,03/11/25,17:41:00,Credit card,5.0,0.48
7162,M086,Rosenberg,Fashion accessories,$67,2.0,12/12/25,19:28:00,Credit card,5.0,0.33
7163,M084,Schertz,Home and lifestyle,$80,3.0,31/12/25,17:00:00,Credit card,3.0,0.33
7164,M055,Waxahachie,Fashion accessories,$53,2.0,24/12/25,19:40:00,Credit card,3.0,0.33
7165,M073,Seguin,Home and lifestyle,$16,1.0,24/11/25,17:38:00,Credit card,3.0,0.33
7166,M074,Weslaco,Fashion accessories,$50,1.0,03/12/25,17:32:00,Credit card,7.0,0.33
7167,M056,Rowlett,Home and lifestyle,$54,2.0,09/12/25,18:51:00,Credit card,7.0,0.33
7168,M058,Port Arthur,Fashion accessories,$65,2.0,08/11/25,19:36:00,Credit card,7.0,0.33
7169,M084,Schertz,Home and lifestyle,$75,1.0,10/12/25,19:20:00,Credit card,6.0,0.33
7170,M046,Temple,Fashion accessories,$72,2.0,06/12/25,20:53:00,Credit card,4.0,0.48
7171,M032,Tyler,Home and lifestyle,$38,1.0,18/12/25,20:49:00,Credit card,4.0,0.48
7172,M087,Waxahachie,Fashion accessories,$50,2.0,14/12/25,20:30:00,Credit card,7.0,0.33
7173,M003,San Antonio,Home and lifestyle,$37,2.0,27/11/25,16:57:00,Credit card,6.0,0.48
7174,M029,Round Rock,Fashion accessories,$23,1.0,12/11/25,20:13:00,Credit card,6.0,0.48
7175,M032,Tyler,Home and lifestyle,$52,2.0,19/12/25,16:13:00,Credit card,6.0,0.48
7176,M035,San Angelo,Fashion accessories,$69,2.0,18/11/25,17:59:00,Credit card,3.0,0.48
7177,M055,Waxahachie,Home and lifestyle,$38,2.0,01/11/25,20:10:00,Credit card,5.0,0.33
7178,M030,Richardson,Fashion accessories,$48,1.0,05/12/25,19:02:00,Credit card,7.0,0.48
7179,M082,Weslaco,Home and lifestyle,$17,1.0,30/12/25,16:51:00,Credit card,3.0,0.33
7180,M058,Port Arthur,Fashion accessories,$40,1.0,05/12/25,15:24:00,Credit card,6.0,0.33
7181,M086,Rosenberg,Home and lifestyle,$42,2.0,27/11/25,17:06:00,Credit card,7.0,0.33
7182,M099,Weatherford,Fashion accessories,$70,3.0,28/12/25,15:12:00,Credit card,3.0,0.18
7183,M055,Waxahachie,Home and lifestyle,$22,2.0,22/11/25,20:23:00,Credit card,6.0,0.33
7184,M003,San Antonio,Fashion accessories,$78,1.0,14/11/25,19:43:00,Credit card,7.0,0.48
7185,M046,Temple,Home and lifestyle,$70,2.0,16/12/25,16:41:00,Credit card,7.0,0.48
7186,M058,Port Arthur,Fashion accessories,$21,2.0,16/12/25,20:09:00,Credit card,6.0,0.33
7187,M075,San Marcos,Home and lifestyle,$75,2.0,26/11/25,15:21:00,Credit card,3.0,0.33
7188,M055,Waxahachie,Fashion accessories,$77,1.0,13/11/25,20:05:00,Credit card,4.0,0.33
7189,M025,Waco,Home and lifestyle,$72,1.0,16/12/25,15:03:00,Credit card,7.0,0.48
7190,M099,Weatherford,Fashion accessories,$47,3.0,22/12/25,19:53:00,Credit card,6.0,0.18
7191,M055,Waxahachie,Home and lifestyle,$76,2.0,17/12/25,18:12:00,Credit card,4.0,0.33
7192,M050,Victoria,Fashion accessories,$71,3.0,08/11/25,16:17:00,Ewallet,6.0,0.48
7193,M073,Seguin,Home and lifestyle,$81,1.0,02/11/25,20:40:00,Credit card,7.0,0.33
7194,M035,San Angelo,Fashion accessories,$82,2.0,06/12/25,19:38:00,Credit card,4.0,0.48
7195,M025,Waco,Home and lifestyle,$85,2.0,22/12/25,15:07:00,Credit card,6.0,0.48
7196,M038,Sugar Land,Fashion accessories,$54,2.0,02/12/25,15:27:00,Credit card,6.0,0.48
7197,M069,Rockwall,Home and lifestyle,$70,1.0,18/11/25,20:02:00,Credit card,3.0,0.33
7198,M087,Waxahachie,Fashion accessories,$48,1.0,11/12/25,17:47:00,Credit card,5.0,0.33
7199,M065,Texas City,Home and lifestyle,$84,3.0,29/11/25,18:46:00,Credit card,4.0,0.33
7200,M099,Weatherford,Fashion accessories,$30,3.0,20/11/25,18:49:00,Credit card,3.0,0.18
7201,M089,Southlake,Home and lifestyle,$37,2.0,04/12/25,18:05:00,Credit card,3.0,0.33
7202,M073,Seguin,Fashion accessories,$54,3.0,20/12/25,17:06:00,Credit card,4.0,0.33
7203,M099,Weatherford,Home and lifestyle,$41,3.0,27/12/25,18:51:00,Credit card,3.0,0.18
7204,M058,Port Arthur,Fashion accessories,$24,3.0,03/11/25,20:21:00,Credit card,6.0,0.33
7205,M084,Schertz,Home and lifestyle,$37,3.0,11/11/25,17:04:00,Credit card,6.0,0.33
7206,M082,Weslaco,Fashion accessories,$63,3.0,21/11/25,16:47:00,Credit card,3.0,0.33
7207,M029,Round Rock,Home and lifestyle,$30,2.0,13/12/25,15:09:00,Credit card,6.0,0.48
7208,M032,Tyler,Fashion accessories,$76,1.0,06/12/25,20:31:00,Credit card,7.0,0.48
7209,M030,Richardson,Home and lifestyle,$61,1.0,11/12/25,18:28:00,Credit card,7.0,0.48
7210,M003,San Antonio,Fashion accessories,$81,3.0,03/12/25,20:51:00,Credit card,5.0,0.48
7211,M035,San Angelo,Home and lifestyle,$38,3.0,17/11/25,18:31:00,Credit card,7.0,0.48
7212,M025,Waco,Fashion accessories,$42,1.0,21/11/25,18:35:00,Credit card,7.0,0.48
7213,M082,Weslaco,Home and lifestyle,$24,3.0,09/11/25,18:59:00,Credit card,3.0,0.33
7214,M038,Sugar Land,Fashion accessories,$26,3.0,10/12/25,19:38:00,Credit card,7.0,0.48
7215,M058,Port Arthur,Home and lifestyle,$77,2.0,28/11/25,16:18:00,Credit card,3.0,0.33
7216,M082,Weslaco,Fashion accessories,$48,1.0,05/11/25,17:24:00,Credit card,7.0,0.33
7217,M074,Weslaco,Home and lifestyle,$55,3.0,26/12/25,15:32:00,Credit card,6.0,0.33
7218,M038,Sugar Land,Fashion accessories,$58,2.0,02/11/25,20:29:00,Credit card,6.0,0.48
7219,M055,Waxahachie,Home and lifestyle,$46,2.0,06/11/25,17:23:00,Credit card,6.0,0.33
7220,M089,Southlake,Fashion accessories,$74,2.0,11/12/25,17:14:00,Credit card,7.0,0.33
7221,M029,Round Rock,Home and lifestyle,$73,3.0,23/11/25,18:06:00,Credit card,5.0,0.48
7222,M035,San Angelo,Fashion accessories,$44,2.0,03/11/25,17:17:00,Credit card,7.0,0.48
7223,M084,Schertz,Home and lifestyle,$55,1.0,13/11/25,20:51:00,Credit card,7.0,0.33
7224,M054,Sherman,Fashion accessories,$53,3.0,01/12/25,17:31:00,Credit card,6.0,0.21
7225,M074,Weslaco,Home and lifestyle,$68,3.0,06/11/25,16:58:00,Credit card,4.0,0.33
7226,M099,Weatherford,Fashion accessories,$82,2.0,26/12/25,15:06:00,Credit card,4.0,0.18
7227,M050,Victoria,Home and lifestyle,$84,1.0,01/11/25,20:45:00,Ewallet,3.0,0.48
7228,M046,Temple,Fashion accessories,$85,2.0,12/12/25,15:40:00,Credit card,7.0,0.48
7229,M025,Waco,Home and lifestyle,$69,3.0,17/12/25,20:22:00,Credit card,7.0,0.48
7230,M074,Weslaco,Fashion accessories,$48,2.0,15/11/25,18:01:00,Credit card,4.0,0.33
7231,M009,Plano,Home and lifestyle,$70,1.0,27/11/25,15:21:00,Credit card,7.0,0.48
7232,M069,Rockwall,Fashion accessories,$71,3.0,25/12/25,19:20:00,Credit card,3.0,0.33
7233,M055,Waxahachie,Home and lifestyle,$61,2.0,21/11/25,16:13:00,Credit card,4.0,0.33
7234,M084,Schertz,Fashion accessories,$54,1.0,09/11/25,19:49:00,Credit card,4.0,0.33
7235,M086,Rosenberg,Home and lifestyle,$32,1.0,23/12/25,19:35:00,Credit card,6.0,0.33
7236,M073,Seguin,Fashion accessories,$40,1.0,25/12/25,20:31:00,Credit card,3.0,0.33
7237,M056,Rowlett,Home and lifestyle,$27,1.0,28/11/25,16:48:00,Credit card,4.0,0.33
7238,M074,Weslaco,Fashion accessories,$37,2.0,27/12/25,20:01:00,Credit card,6.0,0.33
7239,M089,Southlake,Home and lifestyle,$22,2.0,03/11/25,18:32:00,Credit card,6.0,0.33
7240,M082,Weslaco,Fashion accessories,$55,3.0,30/12/25,20:24:00,Credit card,6.0,0.33
7241,M089,Southlake,Home and lifestyle,$29,2.0,28/11/25,17:53:00,Credit card,5.0,0.33
7242,M055,Waxahachie,Fashion accessories,$30,3.0,16/12/25,15:41:00,Credit card,5.0,0.33
7243,M058,Port Arthur,Home and lifestyle,$19,2.0,20/12/25,16:08:00,Credit card,4.0,0.33
7244,M030,Richardson,Fashion accessories,$29,1.0,23/12/25,17:52:00,Credit card,3.0,0.48
7245,M089,Southlake,Home and lifestyle,$79,2.0,03/11/25,19:23:00,Credit card,6.0,0.33
7246,M055,Waxahachie,Fashion accessories,$85,2.0,03/11/25,20:02:00,Credit card,6.0,0.33
7247,M025,Waco,Home and lifestyle,$63,1.0,14/12/25,17:35:00,Credit card,7.0,0.48
7248,M056,Rowlett,Fashion accessories,$57,1.0,17/12/25,18:44:00,Credit card,6.0,0.33
7249,M025,Waco,Home and lifestyle,$41,1.0,01/12/25,20:35:00,Credit card,7.0,0.48
7250,M074,Weslaco,Fashion accessories,$50,3.0,12/12/25,15:53:00,Credit card,5.0,0.33
7251,M099,Weatherford,Home and lifestyle,$19,1.0,11/11/25,15:10:00,Credit card,3.0,0.18
7252,M086,Rosenberg,Fashion accessories,$33,1.0,21/11/25,18:21:00,Credit card,7.0,0.33
7253,M058,Port Arthur,Home and lifestyle,$82,2.0,12/11/25,15:41:00,Credit card,3.0,0.33
7254,M054,Sherman,Fashion accessories,$26,1.0,27/11/25,17:43:00,Credit card,5.0,0.21
7255,M054,Sherman,Home and lifestyle,$52,3.0,14/11/25,17:57:00,Credit card,6.0,0.21
7256,M099,Weatherford,Fashion accessories,$34,3.0,12/12/25,20:33:00,Credit card,4.0,0.18
7257,M029,Round Rock,Home and lifestyle,$55,1.0,07/12/25,16:07:00,Credit card,5.0,0.48
7258,M046,Temple,Fashion accessories,$45,2.0,27/11/25,18:12:00,Credit card,4.0,0.48
7259,M065,Texas City,Home and lifestyle,$31,1.0,31/12/25,15:14:00,Credit card,6.0,0.33
7260,M084,Schertz,Fashion accessories,$52,2.0,09/11/25,17:19:00,Credit card,7.0,0.33
7261,M050,Victoria,Home and lifestyle,$20,3.0,20/11/25,17:37:00,Ewallet,4.0,0.48
7262,M056,Rowlett,Fashion accessories,$62,2.0,05/12/25,18:35:00,Credit card,6.0,0.33
7263,M087,Waxahachie,Home and lifestyle,$70,1.0,11/12/25,20:34:00,Credit card,4.0,0.33
7264,M087,Waxahachie,Fashion accessories,$82,3.0,24/11/25,15:22:00,Credit card,5.0,0.33
7265,M003,San Antonio,Home and lifestyle,$28,1.0,05/12/25,15:04:00,Credit card,3.0,0.48
7266,M030,Richardson,Fashion accessories,$77,3.0,10/11/25,15:42:00,Credit card,6.0,0.48
7267,M065,Texas City,Home and lifestyle,$85,1.0,16/12/25,20:15:00,Credit card,6.0,0.33
7268,M073,Seguin,Fashion accessories,$42,1.0,03/12/25,17:41:00,Credit card,6.0,0.33
7269,M056,Rowlett,Home and lifestyle,$42,1.0,25/11/25,20:48:00,Credit card,5.0,0.33
7270,M074,Weslaco,Fashion accessories,$53,2.0,23/12/25,20:16:00,Credit card,5.0,0.33
7271,M065,Texas City,Home and lifestyle,$81,3.0,10/11/25,15:20:00,Credit card,3.0,0.33
7272,M038,Sugar Land,Fashion accessories,$68,3.0,02/12/25,18:48:00,Credit card,7.0,0.48
7273,M030,Richardson,Home and lifestyle,$41,3.0,04/12/25,17:35:00,Credit card,4.0,0.48
7274,M055,Waxahachie,Fashion accessories,$23,3.0,29/12/25,20:30:00,Credit card,7.0,0.33
7275,M056,Rowlett,Home and lifestyle,$71,2.0,08/12/25,17:49:00,Credit card,3.0,0.33
7276,M035,San Angelo,Fashion accessories,$39,1.0,24/11/25,18:56:00,Credit card,7.0,0.48
7277,M003,San Antonio,Home and lifestyle,$79,1.0,15/11/25,16:32:00,Credit card,4.0,0.48
7278,M069,Rockwall,Fashion accessories,$45,2.0,02/12/25,18:33:00,Credit card,6.0,0.33
7279,M003,San Antonio,Home and lifestyle,$85,1.0,15/11/25,18:13:00,Credit card,7.0,0.48
7280,M069,Rockwall,Fashion accessories,$36,2.0,03/11/25,19:28:00,Credit card,3.0,0.33
7281,M032,Tyler,Home and lifestyle,$59,1.0,02/11/25,16:33:00,Credit card,4.0,0.48
7282,M084,Schertz,Fashion accessories,$85,2.0,22/11/25,20:28:00,Credit card,7.0,0.33
7283,M032,Tyler,Home and lifestyle,$17,1.0,08/11/25,18:39:00,Credit card,3.0,0.48
7284,M035,San Angelo,Fashion accessories,$64,2.0,22/11/25,19:58:00,Credit card,4.0,0.48
7285,M073,Seguin,Home and lifestyle,$33,3.0,02/11/25,15:14:00,Credit card,7.0,0.33
7286,M084,Schertz,Fashion accessories,$39,3.0,19/12/25,18:16:00,Credit card,4.0,0.33
7287,M003,San Antonio,Home and lifestyle,$81,2.0,03/11/25,20:07:00,Credit card,5.0,0.48
7288,M099,Weatherford,Fashion accessories,$26,1.0,18/11/25,15:40:00,Credit card,6.0,0.18
7289,M055,Waxahachie,Home and lifestyle,$42,1.0,30/12/25,18:21:00,Credit card,3.0,0.33
7290,M009,Plano,Fashion accessories,$51,1.0,24/12/25,17:39:00,Credit card,6.0,0.48
7291,M069,Rockwall,Home and lifestyle,$68,1.0,20/11/25,19:36:00,Credit card,3.0,0.33
7292,M046,Temple,Fashion accessories,$39,3.0,16/11/25,18:51:00,Credit card,5.0,0.48
7293,M069,Rockwall,Home and lifestyle,$18,3.0,03/12/25,20:51:00,Credit card,7.0,0.33
7294,M069,Rockwall,Fashion accessories,$74,1.0,03/12/25,17:29:00,Credit card,7.0,0.33
7295,M069,Rockwall,Home and lifestyle,$54,1.0,09/12/25,15:33:00,Credit card,3.0,0.33
7296,M089,Southlake,Fashion accessories,$77,1.0,27/12/25,20:01:00,Credit card,4.0,0.33
7297,M003,San Antonio,Home and lifestyle,$78,3.0,17/11/25,17:24:00,Credit card,7.0,0.48
7298,M089,Southlake,Fashion accessories,$57,2.0,21/12/25,20:47:00,Credit card,5.0,0.33
7299,M055,Waxahachie,Home and lifestyle,$78,2.0,10/11/25,15:48:00,Credit card,3.0,0.33
7300,M087,Waxahachie,Fashion accessories,$61,3.0,03/11/25,20:56:00,Credit card,5.0,0.33
7301,M069,Rockwall,Home and lifestyle,$76,3.0,18/11/25,19:50:00,Credit card,7.0,0.33
7302,M038,Sugar Land,Fashion accessories,$56,3.0,07/12/25,17:36:00,Credit card,7.0,0.48
7303,M056,Rowlett,Home and lifestyle,$18,1.0,02/12/25,20:27:00,Credit card,3.0,0.33
7304,M055,Waxahachie,Fashion accessories,$24,2.0,17/11/25,16:21:00,Credit card,7.0,0.33
7305,M030,Richardson,Home and lifestyle,$16,3.0,05/11/25,20:16:00,Credit card,4.0,0.48
7306,M055,Waxahachie,Fashion accessories,$56,1.0,08/12/25,15:40:00,Credit card,6.0,0.33
7307,M025,Waco,Home and lifestyle,$59,2.0,05/12/25,19:36:00,Credit card,3.0,0.48
7308,M089,Southlake,Fashion accessories,$38,1.0,16/12/25,20:36:00,Credit card,7.0,0.33
7309,M069,Rockwall,Home and lifestyle,$59,2.0,04/12/25,18:22:00,Credit card,4.0,0.33
7310,M086,Rosenberg,Fashion accessories,$48,1.0,26/11/25,19:06:00,Credit card,3.0,0.33
7311,M099,Weatherford,Home and lifestyle,$72,3.0,24/12/25,15:46:00,Credit card,5.0,0.18
7312,M056,Rowlett,Fashion accessories,$55,1.0,19/11/25,16:35:00,Credit card,3.0,0.33
7313,M087,Waxahachie,Home and lifestyle,$52,3.0,01/12/25,20:22:00,Credit card,6.0,0.33
7314,M025,Waco,Fashion accessories,$17,1.0,07/11/25,18:25:00,Credit card,3.0,0.48
7315,M032,Tyler,Home and lifestyle,$58,3.0,01/11/25,16:48:00,Credit card,7.0,0.48
7316,M075,San Marcos,Fashion accessories,$74,3.0,29/12/25,17:19:00,Credit card,3.0,0.33
7317,M038,Sugar Land,Home and lifestyle,$69,1.0,04/12/25,19:39:00,Credit card,3.0,0.48
7318,M046,Temple,Fashion accessories,$39,1.0,10/12/25,15:38:00,Credit card,7.0,0.48
7319,M038,Sugar Land,Home and lifestyle,$53,1.0,14/11/25,17:29:00,Credit card,3.0,0.48
7320,M099,Weatherford,Fashion accessories,$50,1.0,01/12/25,16:04:00,Credit card,6.0,0.18
7321,M082,Weslaco,Home and lifestyle,$62,3.0,25/11/25,18:25:00,Credit card,5.0,0.33
7322,M074,Weslaco,Fashion accessories,$23,2.0,02/12/25,16:05:00,Credit card,6.0,0.33
7323,M089,Southlake,Home and lifestyle,$26,2.0,15/12/25,17:02:00,Credit card,4.0,0.33
7324,M082,Weslaco,Fashion accessories,$29,3.0,14/12/25,18:01:00,Credit card,7.0,0.33
7325,M046,Temple,Home and lifestyle,$33,2.0,03/12/25,18:57:00,Credit card,5.0,0.48
7326,M082,Weslaco,Fashion accessories,$84,1.0,04/11/25,15:33:00,Credit card,6.0,0.33
7327,M050,Victoria,Home and lifestyle,$15,1.0,22/11/25,15:49:00,Ewallet,6.0,0.48
7328,M056,Rowlett,Fashion accessories,$49,1.0,08/11/25,19:37:00,Credit card,6.0,0.33
7329,M069,Rockwall,Home and lifestyle,$32,2.0,12/12/25,19:08:00,Credit card,3.0,0.33
7330,M084,Schertz,Fashion accessories,$26,1.0,18/11/25,20:12:00,Credit card,3.0,0.33
7331,M050,Victoria,Home and lifestyle,$40,1.0,30/12/25,21:00:00,Ewallet,6.0,0.48
7332,M050,Victoria,Fashion accessories,$51,3.0,22/11/25,19:47:00,Ewallet,4.0,0.48
7333,M029,Round Rock,Home and lifestyle,$69,1.0,26/12/25,15:07:00,Credit card,4.0,0.48
7334,M058,Port Arthur,Fashion accessories,$53,2.0,19/12/25,19:06:00,Credit card,3.0,0.33
7335,M065,Texas City,Home and lifestyle,$73,3.0,22/11/25,18:11:00,Credit card,3.0,0.33
7336,M009,Plano,Fashion accessories,$68,3.0,12/11/25,18:33:00,Credit card,4.0,0.48
7337,M050,Victoria,Home and lifestyle,$33,2.0,11/12/25,15:50:00,Ewallet,7.0,0.48
7338,M025,Waco,Fashion accessories,$27,2.0,07/12/25,16:06:00,Credit card,3.0,0.48
7339,M029,Round Rock,Home and lifestyle,$25,1.0,10/12/25,20:30:00,Credit card,3.0,0.48
7340,M065,Texas City,Fashion accessories,$36,1.0,31/12/25,20:30:00,Credit card,5.0,0.33
7341,M050,Victoria,Home and lifestyle,$25,3.0,08/12/25,20:25:00,Ewallet,3.0,0.48
7342,M086,Rosenberg,Fashion accessories,$52,3.0,26/12/25,19:18:00,Credit card,7.0,0.33
7343,M074,Weslaco,Home and lifestyle,$24,3.0,24/11/25,19:40:00,Credit card,7.0,0.33
7344,M099,Weatherford,Fashion accessories,$57,1.0,28/12/25,20:26:00,Credit card,7.0,0.18
7345,M025,Waco,Home and lifestyle,$61,1.0,11/11/25,18:53:00,Credit card,3.0,0.48
7346,M032,Tyler,Fashion accessories,$40,1.0,15/11/25,16:38:00,Credit card,6.0,0.48
7347,M055,Waxahachie,Home and lifestyle,$47,1.0,12/11/25,19:31:00,Credit card,4.0,0.33
7348,M075,San Marcos,Fashion accessories,$51,1.0,08/12/25,15:07:00,Credit card,7.0,0.33
7349,M073,Seguin,Home and lifestyle,$20,1.0,17/11/25,19:12:00,Credit card,4.0,0.33
7350,M075,San Marcos,Fashion accessories,$81,2.0,28/12/25,18:20:00,Credit card,3.0,0.33
7351,M089,Southlake,Home and lifestyle,$79,1.0,18/12/25,16:42:00,Credit card,7.0,0.33
7352,M073,Seguin,Fashion accessories,$15,1.0,01/11/25,17:09:00,Credit card,3.0,0.33
7353,M029,Round Rock,Home and lifestyle,$45,3.0,08/11/25,20:13:00,Credit card,4.0,0.48
7354,M046,Temple,Fashion accessories,$64,1.0,21/12/25,20:02:00,Credit card,7.0,0.48
7355,M003,San Antonio,Home and lifestyle,$67,3.0,14/12/25,19:27:00,Credit card,7.0,0.48
7356,M073,Seguin,Fashion accessories,$35,2.0,05/12/25,17:34:00,Credit card,7.0,0.33
7357,M075,San Marcos,Home and lifestyle,$44,3.0,09/11/25,20:45:00,Credit card,4.0,0.33
7358,M038,Sugar Land,Fashion accessories,$63,2.0,29/11/25,15:52:00,Credit card,7.0,0.48
7359,M069,Rockwall,Home and lifestyle,$62,1.0,19/12/25,20:59:00,Credit card,5.0,0.33
7360,M058,Port Arthur,Fashion accessories,$29,1.0,28/11/25,20:20:00,Credit card,5.0,0.33
7361,M099,Weatherford,Home and lifestyle,$61,3.0,01/11/25,17:58:00,Credit card,3.0,0.18
7362,M084,Schertz,Fashion accessories,$37,2.0,12/11/25,16:44:00,Credit card,5.0,0.33
7363,M009,Plano,Home and lifestyle,$36,1.0,18/11/25,17:26:00,Credit card,3.0,0.48
7364,M084,Schertz,Fashion accessories,$18,3.0,06/11/25,15:34:00,Credit card,5.0,0.33
7365,M055,Waxahachie,Home and lifestyle,$78,3.0,13/12/25,18:11:00,Credit card,3.0,0.33
7366,M046,Temple,Fashion accessories,$75,2.0,02/12/25,20:01:00,Credit card,7.0,0.48
7367,M003,San Antonio,Home and lifestyle,$68,2.0,27/12/25,17:56:00,Credit card,4.0,0.48
7368,M029,Round Rock,Fashion accessories,$57,2.0,13/11/25,17:39:00,Credit card,3.0,0.48
7369,M075,San Marcos,Home and lifestyle,$82,2.0,20/11/25,17:20:00,Credit card,7.0,0.33
7370,M029,Round Rock,Fashion accessories,$59,3.0,04/12/25,18:52:00,Credit card,4.0,0.48
7371,M087,Waxahachie,Home and lifestyle,$61,2.0,03/11/25,15:07:00,Credit card,7.0,0.33
7372,M065,Texas City,Fashion accessories,$61,3.0,11/12/25,19:50:00,Credit card,7.0,0.33
7373,M087,Waxahachie,Home and lifestyle,$68,1.0,16/11/25,18:02:00,Credit card,3.0,0.33
7374,M084,Schertz,Fashion accessories,$37,1.0,08/11/25,15:52:00,Credit card,4.0,0.33
7375,M029,Round Rock,Home and lifestyle,$39,1.0,14/11/25,16:31:00,Credit card,6.0,0.48
7376,M073,Seguin,Fashion accessories,$69,1.0,28/11/25,20:57:00,Credit card,7.0,0.33
7377,M035,San Angelo,Home and lifestyle,$55,3.0,21/12/25,18:24:00,Credit card,7.0,0.48
7378,M058,Port Arthur,Fashion accessories,$18,2.0,13/11/25,18:24:00,Credit card,6.0,0.33
7379,M058,Port Arthur,Home and lifestyle,$30,1.0,15/12/25,15:36:00,Credit card,7.0,0.33
7380,M099,Weatherford,Fashion accessories,$20,3.0,26/12/25,20:23:00,Credit card,4.0,0.18
7381,M075,San Marcos,Home and lifestyle,$46,2.0,04/11/25,19:56:00,Credit card,3.0,0.33
7382,M086,Rosenberg,Fashion accessories,$43,2.0,24/11/25,19:07:00,Credit card,3.0,0.33
7383,M074,Weslaco,Home and lifestyle,$51,1.0,10/11/25,16:07:00,Credit card,3.0,0.33
7384,M030,Richardson,Fashion accessories,$65,1.0,02/11/25,19:46:00,Credit card,4.0,0.48
7385,M075,San Marcos,Home and lifestyle,$78,1.0,12/11/25,19:46:00,Credit card,4.0,0.33
7386,M003,San Antonio,Fashion accessories,$76,3.0,12/12/25,19:55:00,Credit card,6.0,0.48
7387,M074,Weslaco,Home and lifestyle,$82,2.0,26/12/25,16:35:00,Credit card,4.0,0.33
7388,M087,Waxahachie,Fashion accessories,$21,1.0,08/12/25,18:40:00,Credit card,4.0,0.33
7389,M089,Southlake,Home and lifestyle,$36,2.0,18/12/25,16:45:00,Credit card,6.0,0.33
7390,M032,Tyler,Fashion accessories,$22,1.0,30/12/25,17:57:00,Credit card,7.0,0.48
7391,M084,Schertz,Home and lifestyle,$70,1.0,18/11/25,17:31:00,Credit card,4.0,0.33
7392,M086,Rosenberg,Fashion accessories,$40,3.0,15/12/25,15:16:00,Credit card,7.0,0.33
7393,M054,Sherman,Home and lifestyle,$83,2.0,15/11/25,19:04:00,Credit card,5.0,0.21
7394,M084,Schertz,Fashion accessories,$64,3.0,09/12/25,15:18:00,Credit card,5.0,0.33
7395,M065,Texas City,Home and lifestyle,$78,3.0,16/12/25,16:11:00,Credit card,4.0,0.33
7396,M050,Victoria,Fashion accessories,$16,3.0,27/11/25,19:02:00,Ewallet,5.0,0.48
7397,M003,San Antonio,Home and lifestyle,$67,2.0,06/11/25,19:54:00,Credit card,7.0,0.48
7398,M056,Rowlett,Fashion accessories,$19,1.0,22/11/25,19:24:00,Credit card,5.0,0.33
7399,M025,Waco,Home and lifestyle,$56,1.0,28/12/25,15:16:00,Credit card,4.0,0.48
7400,M074,Weslaco,Fashion accessories,$32,3.0,19/12/25,17:56:00,Credit card,6.0,0.33
7401,M035,San Angelo,Home and lifestyle,$79,1.0,08/12/25,15:31:00,Credit card,6.0,0.48
7402,M075,San Marcos,Fashion accessories,$54,3.0,29/12/25,16:49:00,Credit card,3.0,0.33
7403,M089,Southlake,Home and lifestyle,$42,2.0,17/12/25,17:33:00,Credit card,6.0,0.33
7404,M025,Waco,Fashion accessories,$38,2.0,16/11/25,20:39:00,Credit card,4.0,0.48
7405,M065,Texas City,Home and lifestyle,$56,1.0,31/12/25,15:15:00,Credit card,7.0,0.33
7406,M030,Richardson,Fashion accessories,$20,1.0,08/11/25,18:28:00,Credit card,5.0,0.48
7407,M055,Waxahachie,Home and lifestyle,$42,1.0,16/12/25,15:42:00,Credit card,7.0,0.33
7408,M089,Southlake,Fashion accessories,$37,3.0,02/12/25,19:58:00,Credit card,3.0,0.33
7409,M029,Round Rock,Home and lifestyle,$82,1.0,19/11/25,17:15:00,Credit card,4.0,0.48
7410,M054,Sherman,Fashion accessories,$64,2.0,05/11/25,17:17:00,Credit card,5.0,0.21
7411,M069,Rockwall,Home and lifestyle,$31,2.0,06/11/25,18:44:00,Credit card,6.0,0.33
7412,M032,Tyler,Fashion accessories,$57,1.0,15/12/25,18:22:00,Credit card,6.0,0.48
7413,M084,Schertz,Home and lifestyle,$22,3.0,04/11/25,19:45:00,Credit card,4.0,0.33
7414,M038,Sugar Land,Fashion accessories,$25,1.0,28/11/25,15:04:00,Credit card,5.0,0.48
7415,M030,Richardson,Home and lifestyle,$47,3.0,04/12/25,15:42:00,Credit card,7.0,0.48
7416,M046,Temple,Fashion accessories,$70,3.0,15/12/25,18:05:00,Credit card,7.0,0.48
7417,M074,Weslaco,Home and lifestyle,$70,1.0,22/11/25,16:28:00,Credit card,3.0,0.33
7418,M030,Richardson,Fashion accessories,$15,1.0,04/11/25,18:18:00,Credit card,3.0,0.48
7419,M089,Southlake,Home and lifestyle,$82,1.0,04/11/25,20:46:00,Credit card,7.0,0.33
7420,M054,Sherman,Fashion accessories,$41,2.0,30/12/25,15:29:00,Credit card,7.0,0.21
7421,M099,Weatherford,Home and lifestyle,$67,2.0,03/11/25,20:52:00,Credit card,3.0,0.18
7422,M032,Tyler,Fashion accessories,$81,2.0,27/12/25,18:04:00,Credit card,5.0,0.48
7423,M035,San Angelo,Home and lifestyle,$45,2.0,16/12/25,17:52:00,Credit card,3.0,0.48
7424,M035,San Angelo,Fashion accessories,$83,2.0,30/11/25,18:31:00,Credit card,5.0,0.48
7425,M055,Waxahachie,Home and lifestyle,$83,3.0,26/12/25,17:53:00,Credit card,3.0,0.33
7426,M029,Round Rock,Fashion accessories,$83,1.0,02/12/25,15:40:00,Credit card,3.0,0.48
7427,M086,Rosenberg,Home and lifestyle,$57,2.0,30/12/25,17:06:00,Credit card,6.0,0.33
7428,M050,Victoria,Fashion accessories,$72,2.0,13/11/25,19:46:00,Ewallet,3.0,0.48
7429,M058,Port Arthur,Home and lifestyle,$48,2.0,08/11/25,19:28:00,Credit card,4.0,0.33
7430,M074,Weslaco,Fashion accessories,$83,1.0,18/11/25,17:39:00,Credit card,5.0,0.33
7431,M009,Plano,Home and lifestyle,$30,1.0,17/11/25,19:38:00,Credit card,3.0,0.48
7432,M055,Waxahachie,Fashion accessories,$73,2.0,11/12/25,16:46:00,Credit card,4.0,0.33
7433,M086,Rosenberg,Home and lifestyle,$29,3.0,26/12/25,16:08:00,Credit card,3.0,0.33
7434,M082,Weslaco,Fashion accessories,$66,1.0,30/11/25,20:42:00,Credit card,6.0,0.33
7435,M089,Southlake,Home and lifestyle,$37,2.0,18/11/25,15:54:00,Credit card,7.0,0.33
7436,M003,San Antonio,Fashion accessories,$45,1.0,07/11/25,17:39:00,Credit card,5.0,0.48
7437,M056,Rowlett,Home and lifestyle,$51,2.0,27/11/25,17:06:00,Credit card,4.0,0.33
7438,M084,Schertz,Fashion accessories,$16,3.0,23/11/25,18:36:00,Credit card,7.0,0.33
7439,M046,Temple,Home and lifestyle,$58,1.0,05/11/25,18:40:00,Credit card,4.0,0.48
7440,M065,Texas City,Fashion accessories,$72,1.0,23/12/25,16:26:00,Credit card,4.0,0.33
7441,M086,Rosenberg,Home and lifestyle,$50,3.0,09/12/25,17:08:00,Credit card,3.0,0.33
7442,M035,San Angelo,Fashion accessories,$23,1.0,24/12/25,20:38:00,Credit card,6.0,0.48
7443,M003,San Antonio,Home and lifestyle,$36,2.0,02/11/25,17:12:00,Credit card,7.0,0.48
7444,M055,Waxahachie,Fashion accessories,$26,3.0,04/12/25,19:33:00,Credit card,6.0,0.33
7445,M029,Round Rock,Home and lifestyle,$53,3.0,09/11/25,17:19:00,Credit card,3.0,0.48
7446,M065,Texas City,Fashion accessories,$25,3.0,28/11/25,17:45:00,Credit card,7.0,0.33
7447,M025,Waco,Home and lifestyle,$52,1.0,22/12/25,20:26:00,Credit card,4.0,0.48
7448,M086,Rosenberg,Fashion accessories,$71,1.0,19/11/25,16:23:00,Credit card,6.0,0.33
7449,M038,Sugar Land,Home and lifestyle,$26,3.0,17/12/25,15:27:00,Credit card,3.0,0.48
7450,M089,Southlake,Fashion accessories,$44,2.0,31/12/25,18:05:00,Credit card,5.0,0.33
7451,M054,Sherman,Home and lifestyle,$48,1.0,14/11/25,17:55:00,Credit card,4.0,0.21
7452,M030,Richardson,Fashion accessories,$63,2.0,02/12/25,19:17:00,Credit card,4.0,0.48
7453,M082,Weslaco,Home and lifestyle,$50,2.0,14/12/25,16:45:00,Credit card,5.0,0.33
7454,M065,Texas City,Fashion accessories,$53,2.0,08/12/25,15:33:00,Credit card,6.0,0.33
7455,M065,Texas City,Home and lifestyle,$77,3.0,18/12/25,16:28:00,Credit card,7.0,0.33
7456,M050,Victoria,Fashion accessories,$47,2.0,27/11/25,19:01:00,Ewallet,6.0,0.48
7457,M084,Schertz,Home and lifestyle,$33,2.0,01/12/25,18:20:00,Credit card,7.0,0.33
7458,M073,Seguin,Fashion accessories,$54,3.0,15/12/25,16:39:00,Credit card,5.0,0.33
7459,M038,Sugar Land,Home and lifestyle,$53,1.0,10/12/25,17:26:00,Credit card,3.0,0.48
7460,M082,Weslaco,Fashion accessories,$34,2.0,22/12/25,18:22:00,Credit card,5.0,0.33
7461,M038,Sugar Land,Home and lifestyle,$80,3.0,17/11/25,17:44:00,Credit card,4.0,0.48
7462,M075,San Marcos,Fashion accessories,$77,2.0,04/12/25,16:24:00,Credit card,6.0,0.33
7463,M009,Plano,Home and lifestyle,$57,2.0,05/12/25,17:41:00,Credit card,4.0,0.48
7464,M030,Richardson,Fashion accessories,$60,1.0,08/11/25,19:42:00,Credit card,5.0,0.48
7465,M074,Weslaco,Home and lifestyle,$74,2.0,26/12/25,16:32:00,Credit card,3.0,0.33
7466,M038,Sugar Land,Fashion accessories,$34,2.0,27/11/25,15:34:00,Credit card,4.0,0.48
7467,M046,Temple,Home and lifestyle,$32,1.0,24/12/25,18:10:00,Credit card,4.0,0.48
7468,M084,Schertz,Fashion accessories,$77,2.0,13/12/25,19:03:00,Credit card,5.0,0.33
7469,M038,Sugar Land,Home and lifestyle,$51,2.0,01/12/25,15:37:00,Credit card,6.0,0.48
7470,M055,Waxahachie,Fashion accessories,$55,1.0,15/11/25,16:56:00,Credit card,7.0,0.33
7471,M038,Sugar Land,Home and lifestyle,$49,1.0,08/11/25,16:35:00,Credit card,5.0,0.48
7472,M029,Round Rock,Fashion accessories,$81,1.0,24/11/25,16:30:00,Credit card,3.0,0.48
7473,M087,Waxahachie,Home and lifestyle,$55,2.0,31/12/25,20:46:00,Credit card,4.0,0.33
7474,M035,San Angelo,Fashion accessories,$44,3.0,23/11/25,18:42:00,Credit card,3.0,0.48
7475,M069,Rockwall,Home and lifestyle,$69,2.0,25/12/25,20:04:00,Credit card,5.0,0.33
7476,M054,Sherman,Fashion accessories,$51,2.0,31/12/25,20:36:00,Credit card,7.0,0.21
7477,M055,Waxahachie,Home and lifestyle,$78,1.0,23/12/25,18:47:00,Credit card,7.0,0.33
7478,M075,San Marcos,Fashion accessories,$45,1.0,14/11/25,18:39:00,Credit card,7.0,0.33
7479,M035,San Angelo,Home and lifestyle,$85,3.0,25/11/25,17:14:00,Credit card,5.0,0.48
7480,M038,Sugar Land,Fashion accessories,$21,1.0,03/11/25,16:13:00,Credit card,7.0,0.48
7481,M065,Texas City,Home and lifestyle,$65,3.0,10/12/25,15:45:00,Credit card,4.0,0.33
7482,M050,Victoria,Fashion accessories,$68,3.0,29/12/25,15:13:00,Ewallet,7.0,0.48
7483,M003,San Antonio,Home and lifestyle,$51,2.0,15/12/25,15:22:00,Credit card,5.0,0.48
7484,M065,Texas City,Fashion accessories,$79,3.0,18/12/25,20:27:00,Credit card,4.0,0.33
7485,M009,Plano,Home and lifestyle,$50,3.0,16/11/25,16:21:00,Credit card,3.0,0.48
7486,M032,Tyler,Fashion accessories,$16,1.0,04/11/25,16:55:00,Credit card,6.0,0.48
7487,M054,Sherman,Home and lifestyle,$35,2.0,02/12/25,18:34:00,Credit card,4.0,0.21
7488,M058,Port Arthur,Fashion accessories,$72,3.0,20/11/25,15:26:00,Credit card,5.0,0.33
7489,M069,Rockwall,Home and lifestyle,$33,3.0,26/12/25,15:43:00,Credit card,4.0,0.33
7490,M009,Plano,Fashion accessories,$20,3.0,07/12/25,19:51:00,Credit card,3.0,0.48
7491,M054,Sherman,Home and lifestyle,$77,1.0,18/11/25,16:13:00,Credit card,5.0,0.21
7492,M058,Port Arthur,Fashion accessories,$24,3.0,31/12/25,17:08:00,Credit card,5.0,0.33
7493,M087,Waxahachie,Home and lifestyle,$18,2.0,27/11/25,16:19:00,Credit card,7.0,0.33
7494,M087,Waxahachie,Fashion accessories,$27,1.0,29/11/25,19:38:00,Credit card,5.0,0.33
7495,M025,Waco,Home and lifestyle,$19,2.0,01/12/25,17:56:00,Credit card,4.0,0.48
7496,M074,Weslaco,Fashion accessories,$26,1.0,30/11/25,19:56:00,Credit card,5.0,0.33
7497,M058,Port Arthur,Home and lifestyle,$37,2.0,28/11/25,15:12:00,Credit card,3.0,0.33
7498,M086,Rosenberg,Fashion accessories,$84,3.0,04/11/25,17:33:00,Credit card,3.0,0.33
7499,M087,Waxahachie,Home and lifestyle,$31,1.0,04/11/25,17:39:00,Credit card,5.0,0.33
7500,M046,Temple,Fashion accessories,$39,3.0,23/11/25,20:08:00,Credit card,6.0,0.48
7501,M029,Round Rock,Home and lifestyle,$48,1.0,04/11/25,18:11:00,Credit card,3.0,0.48
7502,M035,San Angelo,Fashion accessories,$49,3.0,21/12/25,17:16:00,Credit card,5.0,0.48
7503,M029,Round Rock,Home and lifestyle,$43,2.0,25/11/25,20:29:00,Credit card,6.0,0.48
7504,M046,Temple,Fashion accessories,$49,3.0,24/11/25,19:56:00,Credit card,7.0,0.48
7505,M025,Waco,Home and lifestyle,$61,1.0,16/11/25,16:18:00,Credit card,7.0,0.48
7506,M082,Weslaco,Fashion accessories,$34,2.0,18/11/25,16:47:00,Credit card,3.0,0.33
7507,M029,Round Rock,Home and lifestyle,$40,3.0,17/12/25,16:10:00,Credit card,5.0,0.48
7508,M038,Sugar Land,Fashion accessories,$49,1.0,29/11/25,19:46:00,Credit card,7.0,0.48
7509,M029,Round Rock,Home and lifestyle,$70,2.0,28/11/25,15:32:00,Credit card,3.0,0.48
7510,M055,Waxahachie,Fashion accessories,$34,2.0,01/12/25,16:55:00,Credit card,5.0,0.33
7511,M030,Richardson,Home and lifestyle,$74,1.0,25/12/25,19:17:00,Credit card,4.0,0.48
7512,M054,Sherman,Fashion accessories,$47,3.0,03/11/25,16:26:00,Credit card,6.0,0.21
7513,M054,Sherman,Home and lifestyle,$72,3.0,02/11/25,20:46:00,Credit card,6.0,0.21
7514,M032,Tyler,Fashion accessories,$64,3.0,21/11/25,15:17:00,Credit card,7.0,0.48
7515,M069,Rockwall,Home and lifestyle,$84,2.0,30/12/25,18:25:00,Credit card,3.0,0.33
7516,M050,Victoria,Fashion accessories,$72,2.0,26/11/25,20:22:00,Ewallet,5.0,0.48
7517,M035,San Angelo,Home and lifestyle,$46,1.0,27/12/25,18:57:00,Credit card,6.0,0.48
7518,M054,Sherman,Fashion accessories,$15,3.0,26/11/25,20:26:00,Credit card,3.0,0.21
7519,M075,San Marcos,Home and lifestyle,$63,3.0,19/12/25,16:36:00,Credit card,5.0,0.33
7520,M025,Waco,Fashion accessories,$84,1.0,25/12/25,19:02:00,Credit card,7.0,0.48
7521,M035,San Angelo,Home and lifestyle,$24,1.0,24/11/25,18:39:00,Credit card,6.0,0.48
7522,M086,Rosenberg,Fashion accessories,$84,3.0,24/12/25,16:02:00,Credit card,6.0,0.33
7523,M065,Texas City,Home and lifestyle,$85,2.0,13/11/25,19:25:00,Credit card,7.0,0.33
7524,M089,Southlake,Fashion accessories,$54,3.0,25/11/25,16:43:00,Credit card,5.0,0.33
7525,M073,Seguin,Home and lifestyle,$53,3.0,23/12/25,15:55:00,Credit card,6.0,0.33
7526,M086,Rosenberg,Fashion accessories,$63,3.0,25/12/25,18:14:00,Credit card,6.0,0.33
7527,M003,San Antonio,Home and lifestyle,$36,2.0,16/12/25,16:48:00,Credit card,6.0,0.48
7528,M050,Victoria,Fashion accessories,$54,2.0,26/11/25,18:10:00,Ewallet,7.0,0.48
7529,M038,Sugar Land,Home and lifestyle,$84,2.0,06/12/25,16:26:00,Credit card,3.0,0.48
7530,M046,Temple,Fashion accessories,$44,3.0,16/11/25,16:27:00,Credit card,3.0,0.48
7531,M050,Victoria,Home and lifestyle,$21,2.0,13/11/25,16:26:00,Ewallet,3.0,0.48
7532,M065,Texas City,Fashion accessories,$59,2.0,23/12/25,19:56:00,Credit card,3.0,0.33
7533,M075,San Marcos,Home and lifestyle,$64,3.0,15/12/25,17:47:00,Credit card,3.0,0.33
7534,M055,Waxahachie,Fashion accessories,$52,1.0,26/11/25,19:07:00,Credit card,5.0,0.33
7535,M029,Round Rock,Home and lifestyle,$27,3.0,25/11/25,15:48:00,Credit card,7.0,0.48
7536,M030,Richardson,Fashion accessories,$16,3.0,08/11/25,17:29:00,Credit card,5.0,0.48
7537,M069,Rockwall,Home and lifestyle,$79,3.0,12/11/25,16:38:00,Credit card,6.0,0.33
7538,M054,Sherman,Fashion accessories,$34,3.0,16/12/25,15:11:00,Credit card,5.0,0.21
7539,M073,Seguin,Home and lifestyle,$83,2.0,27/11/25,19:33:00,Credit card,3.0,0.33
7540,M082,Weslaco,Fashion accessories,$23,1.0,16/11/25,16:23:00,Credit card,7.0,0.33
7541,M069,Rockwall,Home and lifestyle,$48,3.0,09/11/25,19:49:00,Credit card,4.0,0.33
7542,M038,Sugar Land,Fashion accessories,$44,2.0,24/12/25,15:04:00,Credit card,4.0,0.48
7543,M038,Sugar Land,Home and lifestyle,$44,3.0,25/11/25,20:32:00,Credit card,4.0,0.48
7544,M038,Sugar Land,Fashion accessories,$69,2.0,20/12/25,17:05:00,Credit card,7.0,0.48
7545,M050,Victoria,Home and lifestyle,$66,1.0,23/11/25,16:40:00,Ewallet,5.0,0.48
7546,M086,Rosenberg,Fashion accessories,$46,1.0,30/12/25,17:17:00,Credit card,6.0,0.33
7547,M086,Rosenberg,Home and lifestyle,$16,3.0,01/12/25,18:47:00,Credit card,3.0,0.33
7548,M073,Seguin,Fashion accessories,$66,3.0,10/12/25,17:33:00,Credit card,4.0,0.33
7549,M030,Richardson,Home and lifestyle,$47,3.0,14/12/25,19:25:00,Credit card,6.0,0.48
7550,M055,Waxahachie,Fashion accessories,$75,3.0,20/12/25,18:49:00,Credit card,7.0,0.33
7551,M025,Waco,Home and lifestyle,$66,1.0,11/11/25,15:25:00,Credit card,3.0,0.48
7552,M082,Weslaco,Fashion accessories,$78,1.0,03/11/25,17:21:00,Credit card,3.0,0.33
7553,M082,Weslaco,Home and lifestyle,$62,1.0,06/12/25,18:06:00,Credit card,4.0,0.33
7554,M084,Schertz,Fashion accessories,$15,1.0,01/12/25,18:21:00,Credit card,7.0,0.33
7555,M075,San Marcos,Home and lifestyle,$52,3.0,27/12/25,15:59:00,Credit card,6.0,0.33
7556,M089,Southlake,Fashion accessories,$46,2.0,01/11/25,17:07:00,Credit card,7.0,0.33
7557,M082,Weslaco,Home and lifestyle,$83,1.0,08/12/25,17:11:00,Credit card,3.0,0.33
7558,M099,Weatherford,Fashion accessories,$81,2.0,09/12/25,18:23:00,Credit card,3.0,0.18
7559,M056,Rowlett,Home and lifestyle,$55,2.0,22/11/25,19:35:00,Credit card,4.0,0.33
7560,M074,Weslaco,Fashion accessories,$38,2.0,15/12/25,17:33:00,Credit card,7.0,0.33
7561,M046,Temple,Home and lifestyle,$50,2.0,18/12/25,15:34:00,Credit card,3.0,0.48
7562,M075,San Marcos,Fashion accessories,$79,3.0,04/11/25,16:02:00,Credit card,4.0,0.33
7563,M087,Waxahachie,Home and lifestyle,$75,1.0,30/12/25,17:30:00,Credit card,3.0,0.33
7564,M029,Round Rock,Fashion accessories,$61,3.0,06/12/25,19:31:00,Credit card,4.0,0.48
7565,M050,Victoria,Home and lifestyle,$40,1.0,13/12/25,17:13:00,Ewallet,5.0,0.48
7566,M035,San Angelo,Fashion accessories,$37,2.0,24/11/25,18:02:00,Credit card,4.0,0.48
7567,M065,Texas City,Home and lifestyle,$85,3.0,03/11/25,20:22:00,Credit card,4.0,0.33
7568,M009,Plano,Fashion accessories,$15,2.0,05/11/25,20:40:00,Credit card,6.0,0.48
7569,M032,Tyler,Home and lifestyle,$81,3.0,16/11/25,17:38:00,Credit card,6.0,0.48
7570,M084,Schertz,Fashion accessories,$66,1.0,06/12/25,19:46:00,Credit card,6.0,0.33
7571,M009,Plano,Home and lifestyle,$17,2.0,08/12/25,17:28:00,Credit card,4.0,0.48
7572,M089,Southlake,Fashion accessories,$33,1.0,20/12/25,20:02:00,Credit card,6.0,0.33
7573,M082,Weslaco,Home and lifestyle,$51,1.0,26/11/25,15:33:00,Credit card,4.0,0.33
7574,M084,Schertz,Fashion accessories,$23,2.0,21/12/25,19:11:00,Credit card,7.0,0.33
7575,M084,Schertz,Home and lifestyle,$50,2.0,30/11/25,18:39:00,Credit card,4.0,0.33
7576,M029,Round Rock,Fashion accessories,$67,3.0,04/11/25,19:21:00,Credit card,5.0,0.48
7577,M025,Waco,Home and lifestyle,$59,3.0,22/12/25,18:20:00,Credit card,3.0,0.48
7578,M075,San Marcos,Fashion accessories,$75,2.0,09/12/25,15:36:00,Credit card,6.0,0.33
7579,M058,Port Arthur,Home and lifestyle,$15,1.0,07/11/25,19:09:00,Credit card,3.0,0.33
7580,M046,Temple,Fashion accessories,$20,2.0,14/12/25,18:13:00,Credit card,7.0,0.48
7581,M099,Weatherford,Home and lifestyle,$27,1.0,07/11/25,19:14:00,Credit card,5.0,0.18
7582,M089,Southlake,Fashion accessories,$59,2.0,06/12/25,16:24:00,Credit card,4.0,0.33
7583,M038,Sugar Land,Home and lifestyle,$16,1.0,24/11/25,19:21:00,Credit card,3.0,0.48
7584,M055,Waxahachie,Fashion accessories,$67,2.0,09/11/25,17:45:00,Credit card,5.0,0.33
7585,M038,Sugar Land,Home and lifestyle,$16,3.0,03/12/25,20:09:00,Credit card,5.0,0.48
7586,M025,Waco,Fashion accessories,$82,1.0,13/12/25,20:00:00,Credit card,6.0,0.48
7587,M003,San Antonio,Home and lifestyle,$56,3.0,03/12/25,17:10:00,Credit card,3.0,0.48
7588,M055,Waxahachie,Fashion accessories,$34,3.0,31/12/25,18:09:00,Credit card,3.0,0.33
7589,M084,Schertz,Home and lifestyle,$46,2.0,02/11/25,19:17:00,Credit card,7.0,0.33
7590,M082,Weslaco,Fashion accessories,$58,1.0,09/11/25,16:10:00,Credit card,5.0,0.33
7591,M050,Victoria,Home and lifestyle,$54,2.0,27/11/25,20:35:00,Ewallet,7.0,0.48
7592,M065,Texas City,Fashion accessories,$72,3.0,06/11/25,20:55:00,Credit card,3.0,0.33
7593,M084,Schertz,Home and lifestyle,$15,3.0,16/12/25,16:40:00,Credit card,7.0,0.33
7594,M074,Weslaco,Fashion accessories,$22,2.0,28/11/25,20:46:00,Credit card,7.0,0.33
7595,M087,Waxahachie,Home and lifestyle,$34,2.0,28/11/25,15:59:00,Credit card,6.0,0.33
7596,M035,San Angelo,Fashion accessories,$41,1.0,14/12/25,15:55:00,Credit card,4.0,0.48
7597,M032,Tyler,Home and lifestyle,$69,1.0,14/11/25,17:03:00,Credit card,6.0,0.48
7598,M038,Sugar Land,Fashion accessories,$78,3.0,22/12/25,19:11:00,Credit card,4.0,0.48
7599,M003,San Antonio,Home and lifestyle,$20,3.0,28/11/25,18:03:00,Credit card,7.0,0.48
7600,M046,Temple,Fashion accessories,$16,3.0,14/11/25,20:05:00,Credit card,7.0,0.48
7601,M058,Port Arthur,Home and lifestyle,$32,2.0,19/12/25,16:42:00,Credit card,3.0,0.33
7602,M089,Southlake,Fashion accessories,$74,1.0,27/12/25,15:34:00,Credit card,6.0,0.33
7603,M099,Weatherford,Home and lifestyle,$71,3.0,24/12/25,18:39:00,Credit card,4.0,0.18
7604,M087,Waxahachie,Fashion accessories,$70,1.0,07/11/25,19:23:00,Credit card,7.0,0.33
7605,M032,Tyler,Home and lifestyle,$70,1.0,09/11/25,18:02:00,Credit card,5.0,0.48
7606,M055,Waxahachie,Fashion accessories,$15,1.0,07/12/25,17:28:00,Credit card,6.0,0.33
7607,M038,Sugar Land,Home and lifestyle,$70,3.0,12/11/25,15:02:00,Credit card,4.0,0.48
7608,M073,Seguin,Fashion accessories,$76,3.0,21/12/25,19:57:00,Credit card,4.0,0.33
7609,M086,Rosenberg,Home and lifestyle,$60,3.0,05/11/25,16:17:00,Credit card,7.0,0.33
7610,M035,San Angelo,Fashion accessories,$40,2.0,17/11/25,19:25:00,Credit card,3.0,0.48
7611,M086,Rosenberg,Home and lifestyle,$53,2.0,26/12/25,15:08:00,Credit card,4.0,0.33
7612,M035,San Angelo,Fashion accessories,$18,3.0,25/11/25,15:39:00,Credit card,6.0,0.48
7613,M009,Plano,Home and lifestyle,$60,1.0,05/12/25,16:34:00,Credit card,3.0,0.48
7614,M025,Waco,Fashion accessories,$33,1.0,14/12/25,17:14:00,Credit card,7.0,0.48
7615,M055,Waxahachie,Home and lifestyle,$59,3.0,06/11/25,17:59:00,Credit card,6.0,0.33
7616,M073,Seguin,Fashion accessories,$65,2.0,01/11/25,20:57:00,Credit card,7.0,0.33
7617,M055,Waxahachie,Home and lifestyle,$45,3.0,08/12/25,17:45:00,Credit card,4.0,0.33
7618,M003,San Antonio,Fashion accessories,$60,1.0,01/12/25,19:39:00,Credit card,7.0,0.48
7619,M073,Seguin,Home and lifestyle,$28,3.0,19/12/25,20:14:00,Credit card,6.0,0.33
7620,M030,Richardson,Fashion accessories,$65,1.0,14/11/25,18:29:00,Credit card,6.0,0.48
7621,M055,Waxahachie,Home and lifestyle,$46,2.0,20/12/25,16:58:00,Credit card,4.0,0.33
7622,M084,Schertz,Fashion accessories,$46,3.0,28/11/25,18:14:00,Credit card,6.0,0.33
7623,M050,Victoria,Home and lifestyle,$51,3.0,24/12/25,16:38:00,Ewallet,5.0,0.48
7624,M065,Texas City,Fashion accessories,$52,3.0,14/12/25,17:02:00,Credit card,5.0,0.33
7625,M054,Sherman,Home and lifestyle,$39,1.0,16/12/25,20:37:00,Credit card,7.0,0.21
7626,M003,San Antonio,Fashion accessories,$66,2.0,04/12/25,17:42:00,Credit card,3.0,0.48
7627,M054,Sherman,Home and lifestyle,$77,3.0,22/11/25,19:22:00,Credit card,7.0,0.21
7628,M082,Weslaco,Fashion accessories,$29,2.0,11/11/25,18:49:00,Credit card,3.0,0.33
7629,M086,Rosenberg,Home and lifestyle,$77,2.0,29/12/25,17:50:00,Credit card,6.0,0.33
7630,M082,Weslaco,Fashion accessories,$42,3.0,05/11/25,20:05:00,Credit card,5.0,0.33
7631,M009,Plano,Home and lifestyle,$18,1.0,18/12/25,16:38:00,Credit card,4.0,0.48
7632,M050,Victoria,Fashion accessories,$27,1.0,22/12/25,20:23:00,Ewallet,4.0,0.48
7633,M082,Weslaco,Home and lifestyle,$41,2.0,17/12/25,17:07:00,Credit card,7.0,0.33
7634,M032,Tyler,Fashion accessories,$61,1.0,09/11/25,19:38:00,Credit card,6.0,0.48
7635,M073,Seguin,Home and lifestyle,$27,3.0,30/11/25,17:40:00,Credit card,4.0,0.33
7636,M032,Tyler,Fashion accessories,$70,1.0,19/11/25,18:13:00,Credit card,6.0,0.48
7637,M030,Richardson,Home and lifestyle,$62,2.0,23/12/25,20:54:00,Credit card,5.0,0.48
7638,M069,Rockwall,Fashion accessories,$35,1.0,09/11/25,16:21:00,Credit card,4.0,0.33
7639,M099,Weatherford,Home and lifestyle,$67,1.0,12/12/25,15:51:00,Credit card,4.0,0.18
7640,M056,Rowlett,Fashion accessories,$46,3.0,25/11/25,19:02:00,Credit card,4.0,0.33
7641,M075,San Marcos,Home and lifestyle,$19,2.0,01/12/25,16:25:00,Credit card,7.0,0.33
7642,M065,Texas City,Fashion accessories,$17,1.0,12/12/25,19:57:00,Credit card,6.0,0.33
7643,M003,San Antonio,Home and lifestyle,$39,3.0,23/12/25,19:25:00,Credit card,4.0,0.48
7644,M003,San Antonio,Fashion accessories,$71,2.0,09/11/25,15:17:00,Credit card,4.0,0.48
7645,M065,Texas City,Home and lifestyle,$68,3.0,30/11/25,15:53:00,Credit card,3.0,0.33
7646,M086,Rosenberg,Fashion accessories,$83,3.0,16/12/25,15:13:00,Credit card,4.0,0.33
7647,M058,Port Arthur,Home and lifestyle,$37,3.0,12/12/25,15:36:00,Credit card,5.0,0.33
7648,M082,Weslaco,Fashion accessories,$20,1.0,01/12/25,16:02:00,Credit card,6.0,0.33
7649,M065,Texas City,Home and lifestyle,$63,3.0,20/12/25,17:54:00,Credit card,6.0,0.33
7650,M009,Plano,Fashion accessories,$39,2.0,12/12/25,17:58:00,Credit card,6.0,0.48
7651,M038,Sugar Land,Home and lifestyle,$45,2.0,27/12/25,18:02:00,Credit card,4.0,0.48
7652,M058,Port Arthur,Fashion accessories,$48,2.0,16/11/25,17:52:00,Credit card,7.0,0.33
7653,M086,Rosenberg,Home and lifestyle,$22,2.0,24/12/25,15:25:00,Credit card,4.0,0.33
7654,M003,San Antonio,Fashion accessories,$61,2.0,08/11/25,15:27:00,Credit card,3.0,0.48
7655,M003,San Antonio,Home and lifestyle,$34,2.0,27/11/25,18:13:00,Credit card,3.0,0.48
7656,M073,Seguin,Fashion accessories,$28,3.0,06/11/25,18:35:00,Credit card,4.0,0.33
7657,M025,Waco,Home and lifestyle,$84,1.0,29/12/25,20:52:00,Credit card,4.0,0.48
7658,M065,Texas City,Fashion accessories,$61,2.0,06/12/25,17:36:00,Credit card,4.0,0.33
7659,M030,Richardson,Home and lifestyle,$17,2.0,26/11/25,16:06:00,Credit card,3.0,0.48
7660,M046,Temple,Fashion accessories,$53,1.0,24/11/25,20:29:00,Credit card,5.0,0.48
7661,M074,Weslaco,Home and lifestyle,$73,1.0,31/12/25,18:10:00,Credit card,6.0,0.33
7662,M050,Victoria,Fashion accessories,$58,3.0,06/11/25,16:37:00,Ewallet,7.0,0.48
7663,M086,Rosenberg,Home and lifestyle,$81,1.0,13/12/25,17:19:00,Credit card,4.0,0.33
7664,M038,Sugar Land,Fashion accessories,$52,2.0,28/11/25,16:55:00,Credit card,5.0,0.48
7665,M075,San Marcos,Home and lifestyle,$24,1.0,17/11/25,16:08:00,Credit card,6.0,0.33
7666,M003,San Antonio,Fashion accessories,$22,3.0,24/12/25,18:22:00,Credit card,3.0,0.48
7667,M030,Richardson,Home and lifestyle,$34,3.0,08/12/25,17:35:00,Credit card,6.0,0.48
7668,M099,Weatherford,Fashion accessories,$59,3.0,06/12/25,15:41:00,Credit card,5.0,0.18
7669,M099,Weatherford,Home and lifestyle,$30,2.0,12/12/25,18:55:00,Credit card,3.0,0.18
7670,M082,Weslaco,Fashion accessories,$54,1.0,08/12/25,17:09:00,Credit card,7.0,0.33
7671,M086,Rosenberg,Home and lifestyle,$50,2.0,01/12/25,18:55:00,Credit card,7.0,0.33
7672,M084,Schertz,Fashion accessories,$85,1.0,25/11/25,19:18:00,Credit card,5.0,0.33
7673,M046,Temple,Home and lifestyle,$25,1.0,05/12/25,18:25:00,Credit card,5.0,0.48
7674,M086,Rosenberg,Fashion accessories,$65,3.0,29/11/25,15:10:00,Credit card,7.0,0.33
7675,M009,Plano,Home and lifestyle,$76,2.0,21/11/25,17:31:00,Credit card,7.0,0.48
7676,M087,Waxahachie,Fashion accessories,$80,2.0,28/11/25,19:52:00,Credit card,7.0,0.33
7677,M046,Temple,Home and lifestyle,$79,2.0,10/11/25,15:40:00,Credit card,6.0,0.48
7678,M046,Temple,Fashion accessories,$26,3.0,19/12/25,16:15:00,Credit card,5.0,0.48
7679,M029,Round Rock,Home and lifestyle,$27,2.0,16/12/25,19:14:00,Credit card,4.0,0.48
7680,M003,San Antonio,Fashion accessories,$52,1.0,27/11/25,19:28:00,Credit card,4.0,0.48
7681,M058,Port Arthur,Home and lifestyle,$60,3.0,31/12/25,18:41:00,Credit card,5.0,0.33
7682,M032,Tyler,Fashion accessories,$23,2.0,25/11/25,17:38:00,Credit card,7.0,0.48
7683,M029,Round Rock,Home and lifestyle,$24,3.0,08/12/25,19:38:00,Credit card,5.0,0.48
7684,M065,Texas City,Fashion accessories,$69,3.0,01/12/25,18:23:00,Credit card,4.0,0.33
7685,M074,Weslaco,Home and lifestyle,$35,1.0,10/11/25,15:05:00,Credit card,6.0,0.33
7686,M082,Weslaco,Fashion accessories,$82,2.0,21/11/25,18:21:00,Credit card,3.0,0.33
7687,M038,Sugar Land,Home and lifestyle,$24,1.0,21/11/25,17:29:00,Credit card,7.0,0.48
7688,M035,San Angelo,Fashion accessories,$71,1.0,11/12/25,16:33:00,Credit card,7.0,0.48
7689,M055,Waxahachie,Home and lifestyle,$34,3.0,18/11/25,15:15:00,Credit card,4.0,0.33
7690,M035,San Angelo,Fashion accessories,$59,3.0,25/12/25,20:45:00,Credit card,4.0,0.48
7691,M069,Rockwall,Home and lifestyle,$66,1.0,28/12/25,15:05:00,Credit card,6.0,0.33
7692,M009,Plano,Fashion accessories,$60,2.0,11/12/25,15:33:00,Credit card,3.0,0.48
7693,M058,Port Arthur,Home and lifestyle,$15,1.0,03/11/25,16:23:00,Credit card,7.0,0.33
7694,M069,Rockwall,Fashion accessories,$68,1.0,22/12/25,16:37:00,Credit card,3.0,0.33
7695,M032,Tyler,Home and lifestyle,$30,2.0,07/12/25,16:08:00,Credit card,3.0,0.48
7696,M089,Southlake,Fashion accessories,$55,3.0,26/12/25,15:09:00,Credit card,3.0,0.33
7697,M073,Seguin,Home and lifestyle,$78,3.0,20/11/25,17:53:00,Credit card,7.0,0.33
7698,M003,San Antonio,Fashion accessories,$63,2.0,12/11/25,18:34:00,Credit card,7.0,0.48
7699,M084,Schertz,Home and lifestyle,$42,1.0,16/11/25,20:01:00,Credit card,5.0,0.33
7700,M086,Rosenberg,Fashion accessories,$22,2.0,16/11/25,18:15:00,Credit card,7.0,0.33
7701,M087,Waxahachie,Home and lifestyle,$37,2.0,05/11/25,18:02:00,Credit card,4.0,0.33
7702,M084,Schertz,Fashion accessories,$19,2.0,27/12/25,15:25:00,Credit card,4.0,0.33
7703,M073,Seguin,Home and lifestyle,$61,1.0,30/12/25,18:56:00,Credit card,4.0,0.33
7704,M009,Plano,Fashion accessories,$74,2.0,30/11/25,17:00:00,Credit card,3.0,0.48
7705,M065,Texas City,Home and lifestyle,$33,1.0,19/11/25,18:31:00,Credit card,6.0,0.33
7706,M054,Sherman,Fashion accessories,$33,3.0,17/11/25,15:59:00,Credit card,6.0,0.21
7707,M087,Waxahachie,Home and lifestyle,$45,3.0,11/11/25,16:09:00,Credit card,3.0,0.33
7708,M099,Weatherford,Fashion accessories,$54,1.0,12/11/25,16:09:00,Credit card,4.0,0.18
7709,M050,Victoria,Home and lifestyle,$70,1.0,10/11/25,19:01:00,Ewallet,5.0,0.48
7710,M046,Temple,Fashion accessories,$55,1.0,15/11/25,19:22:00,Credit card,3.0,0.48
7711,M003,San Antonio,Home and lifestyle,$40,3.0,25/11/25,18:22:00,Credit card,3.0,0.48
7712,M003,San Antonio,Fashion accessories,$55,2.0,05/11/25,16:42:00,Credit card,6.0,0.48
7713,M084,Schertz,Home and lifestyle,$82,3.0,24/12/25,20:55:00,Credit card,3.0,0.33
7714,M069,Rockwall,Fashion accessories,$63,2.0,09/11/25,16:32:00,Credit card,6.0,0.33
7715,M087,Waxahachie,Home and lifestyle,$73,3.0,15/12/25,19:37:00,Credit card,4.0,0.33
7716,M056,Rowlett,Fashion accessories,$82,2.0,11/12/25,17:06:00,Credit card,4.0,0.33
7717,M065,Texas City,Home and lifestyle,$22,3.0,23/12/25,20:13:00,Credit card,4.0,0.33
7718,M058,Port Arthur,Fashion accessories,$49,1.0,17/12/25,15:32:00,Credit card,5.0,0.33
7719,M032,Tyler,Home and lifestyle,$64,1.0,02/12/25,20:17:00,Credit card,7.0,0.48
7720,M075,San Marcos,Fashion accessories,$77,2.0,06/11/25,20:28:00,Credit card,6.0,0.33
7721,M009,Plano,Home and lifestyle,$80,3.0,28/11/25,16:14:00,Credit card,7.0,0.48
7722,M009,Plano,Fashion accessories,$66,1.0,26/11/25,20:23:00,Credit card,5.0,0.48
7723,M065,Texas City,Home and lifestyle,$56,2.0,31/12/25,15:29:00,Credit card,5.0,0.33
7724,M065,Texas City,Fashion accessories,$65,2.0,20/12/25,18:40:00,Credit card,6.0,0.33
7725,M003,San Antonio,Home and lifestyle,$44,2.0,03/12/25,19:35:00,Credit card,5.0,0.48
7726,M058,Port Arthur,Fashion accessories,$37,2.0,28/12/25,17:25:00,Credit card,5.0,0.33
7727,M086,Rosenberg,Home and lifestyle,$76,3.0,10/12/25,15:22:00,Credit card,6.0,0.33
7728,M009,Plano,Fashion accessories,$36,3.0,23/12/25,15:02:00,Credit card,6.0,0.48
7729,M082,Weslaco,Home and lifestyle,$66,2.0,07/11/25,16:45:00,Credit card,4.0,0.33
7730,M099,Weatherford,Fashion accessories,$79,1.0,11/12/25,16:23:00,Credit card,5.0,0.18
7731,M086,Rosenberg,Home and lifestyle,$28,3.0,11/11/25,18:32:00,Credit card,5.0,0.33
7732,M087,Waxahachie,Fashion accessories,$76,2.0,20/11/25,19:22:00,Credit card,5.0,0.33
7733,M056,Rowlett,Home and lifestyle,$15,1.0,28/11/25,16:29:00,Credit card,7.0,0.33
7734,M074,Weslaco,Fashion accessories,$79,3.0,01/12/25,18:33:00,Credit card,3.0,0.33
7735,M058,Port Arthur,Home and lifestyle,$71,1.0,06/11/25,19:44:00,Credit card,3.0,0.33
7736,M035,San Angelo,Fashion accessories,$20,1.0,08/11/25,15:21:00,Credit card,6.0,0.48
7737,M089,Southlake,Home and lifestyle,$77,3.0,21/12/25,15:58:00,Credit card,4.0,0.33
7738,M099,Weatherford,Fashion accessories,$56,2.0,01/11/25,15:42:00,Credit card,6.0,0.18
7739,M056,Rowlett,Home and lifestyle,$24,2.0,05/11/25,15:27:00,Credit card,7.0,0.33
7740,M046,Temple,Fashion accessories,$55,2.0,03/11/25,17:45:00,Credit card,5.0,0.48
7741,M084,Schertz,Home and lifestyle,$58,3.0,02/12/25,15:30:00,Credit card,5.0,0.33
7742,M084,Schertz,Fashion accessories,$15,1.0,14/11/25,16:39:00,Credit card,3.0,0.33
7743,M073,Seguin,Home and lifestyle,$29,3.0,07/11/25,19:37:00,Credit card,5.0,0.33
7744,M038,Sugar Land,Fashion accessories,$57,3.0,20/11/25,16:19:00,Credit card,3.0,0.48
7745,M086,Rosenberg,Home and lifestyle,$30,2.0,09/12/25,17:00:00,Credit card,6.0,0.33
7746,M058,Port Arthur,Fashion accessories,$83,2.0,09/12/25,15:54:00,Credit card,4.0,0.33
7747,M087,Waxahachie,Home and lifestyle,$77,2.0,06/11/25,20:06:00,Credit card,4.0,0.33
7748,M074,Weslaco,Fashion accessories,$75,3.0,15/11/25,17:23:00,Credit card,7.0,0.33
7749,M030,Richardson,Home and lifestyle,$16,1.0,10/11/25,17:06:00,Credit card,6.0,0.48
7750,M065,Texas City,Fashion accessories,$40,1.0,15/12/25,19:14:00,Credit card,5.0,0.33
7751,M075,San Marcos,Home and lifestyle,$30,2.0,12/11/25,17:16:00,Credit card,4.0,0.33
7752,M054,Sherman,Fashion accessories,$44,1.0,16/12/25,17:19:00,Credit card,6.0,0.21
7753,M032,Tyler,Home and lifestyle,$66,3.0,01/12/25,19:35:00,Credit card,7.0,0.48
7754,M087,Waxahachie,Fashion accessories,$44,1.0,23/12/25,17:59:00,Credit card,5.0,0.33
7755,M046,Temple,Home and lifestyle,$63,1.0,22/11/25,18:07:00,Credit card,7.0,0.48
7756,M030,Richardson,Fashion accessories,$53,3.0,21/11/25,16:31:00,Credit card,7.0,0.48
7757,M074,Weslaco,Home and lifestyle,$49,1.0,11/12/25,20:04:00,Credit card,7.0,0.33
7758,M009,Plano,Fashion accessories,$61,1.0,30/11/25,20:39:00,Credit card,6.0,0.48
7759,M069,Rockwall,Home and lifestyle,$66,3.0,01/12/25,20:56:00,Credit card,3.0,0.33
7760,M054,Sherman,Fashion accessories,$79,1.0,20/11/25,17:27:00,Credit card,6.0,0.21
7761,M069,Rockwall,Home and lifestyle,$72,2.0,18/11/25,16:31:00,Credit card,4.0,0.33
7762,M009,Plano,Fashion accessories,$24,2.0,17/11/25,15:06:00,Credit card,3.0,0.48
7763,M069,Rockwall,Home and lifestyle,$46,3.0,12/11/25,18:21:00,Credit card,7.0,0.33
7764,M087,Waxahachie,Fashion accessories,$51,1.0,30/11/25,18:10:00,Credit card,6.0,0.33
7765,M032,Tyler,Home and lifestyle,$23,1.0,18/11/25,19:46:00,Credit card,3.0,0.48
7766,M056,Rowlett,Fashion accessories,$85,1.0,23/11/25,18:12:00,Credit card,7.0,0.33
7767,M065,Texas City,Home and lifestyle,$72,1.0,02/11/25,15:55:00,Credit card,7.0,0.33
7768,M035,San Angelo,Fashion accessories,$15,1.0,30/11/25,18:33:00,Credit card,7.0,0.48
7769,M069,Rockwall,Home and lifestyle,$77,3.0,26/11/25,20:52:00,Credit card,7.0,0.33
7770,M073,Seguin,Fashion accessories,$15,2.0,26/11/25,19:13:00,Credit card,3.0,0.33
7771,M075,San Marcos,Home and lifestyle,$35,2.0,19/11/25,15:52:00,Credit card,7.0,0.33
7772,M035,San Angelo,Fashion accessories,$54,3.0,14/11/25,19:13:00,Credit card,4.0,0.48
7773,M074,Weslaco,Home and lifestyle,$77,2.0,23/11/25,18:37:00,Credit card,4.0,0.33
7774,M089,Southlake,Fashion accessories,$77,1.0,17/12/25,16:49:00,Credit card,5.0,0.33
7775,M003,San Antonio,Home and lifestyle,$33,1.0,27/12/25,19:31:00,Credit card,5.0,0.48
7776,M050,Victoria,Fashion accessories,$81,3.0,02/12/25,17:20:00,Ewallet,3.0,0.48
7777,M058,Port Arthur,Home and lifestyle,$41,3.0,03/11/25,16:38:00,Credit card,7.0,0.33
7778,M046,Temple,Fashion accessories,$71,1.0,18/12/25,20:20:00,Credit card,7.0,0.48
7779,M074,Weslaco,Home and lifestyle,$49,2.0,30/12/25,17:50:00,Credit card,5.0,0.33
7780,M086,Rosenberg,Fashion accessories,$31,2.0,30/11/25,18:49:00,Credit card,5.0,0.33
7781,M099,Weatherford,Home and lifestyle,$62,2.0,19/12/25,16:44:00,Credit card,4.0,0.18
7782,M089,Southlake,Fashion accessories,$65,1.0,07/11/25,20:38:00,Credit card,5.0,0.33
7783,M050,Victoria,Home and lifestyle,$67,1.0,12/12/25,16:01:00,Ewallet,3.0,0.48
7784,M069,Rockwall,Fashion accessories,$83,2.0,16/12/25,16:20:00,Credit card,5.0,0.33
7785,M056,Rowlett,Home and lifestyle,$23,1.0,17/12/25,19:46:00,Credit card,4.0,0.33
7786,M065,Texas City,Fashion accessories,$45,3.0,08/11/25,20:09:00,Credit card,7.0,0.33
7787,M074,Weslaco,Home and lifestyle,$40,3.0,14/11/25,17:58:00,Credit card,6.0,0.33
7788,M054,Sherman,Fashion accessories,$78,2.0,17/12/25,17:51:00,Credit card,4.0,0.21
7789,M065,Texas City,Home and lifestyle,$35,1.0,02/12/25,19:47:00,Credit card,3.0,0.33
7790,M046,Temple,Fashion accessories,$39,3.0,09/11/25,20:22:00,Credit card,7.0,0.48
7791,M038,Sugar Land,Home and lifestyle,$52,3.0,22/12/25,19:25:00,Credit card,6.0,0.48
7792,M009,Plano,Fashion accessories,$64,3.0,21/11/25,20:19:00,Credit card,4.0,0.48
7793,M082,Weslaco,Home and lifestyle,$79,3.0,11/11/25,15:45:00,Credit card,5.0,0.33
7794,M032,Tyler,Fashion accessories,$23,3.0,02/12/25,20:29:00,Credit card,4.0,0.48
7795,M032,Tyler,Home and lifestyle,$55,2.0,17/12/25,17:22:00,Credit card,7.0,0.48
7796,M009,Plano,Fashion accessories,$59,3.0,18/12/25,19:27:00,Credit card,3.0,0.48
7797,M065,Texas City,Home and lifestyle,$24,1.0,02/12/25,19:46:00,Credit card,4.0,0.33
7798,M056,Rowlett,Fashion accessories,$60,3.0,25/12/25,20:05:00,Credit card,4.0,0.33
7799,M075,San Marcos,Home and lifestyle,$17,3.0,16/12/25,15:51:00,Credit card,3.0,0.33
7800,M003,San Antonio,Fashion accessories,$36,1.0,16/11/25,16:03:00,Credit card,3.0,0.48
7801,M075,San Marcos,Home and lifestyle,$74,3.0,11/12/25,20:47:00,Credit card,3.0,0.33
7802,M084,Schertz,Fashion accessories,$62,2.0,03/12/25,16:16:00,Credit card,3.0,0.33
7803,M046,Temple,Home and lifestyle,$45,2.0,14/12/25,17:18:00,Credit card,7.0,0.48
7804,M086,Rosenberg,Fashion accessories,$24,3.0,27/12/25,18:38:00,Credit card,6.0,0.33
7805,M055,Waxahachie,Home and lifestyle,$42,1.0,29/12/25,17:47:00,Credit card,3.0,0.33
7806,M056,Rowlett,Fashion accessories,$50,2.0,03/12/25,19:46:00,Credit card,4.0,0.33
7807,M073,Seguin,Home and lifestyle,$83,2.0,01/11/25,15:03:00,Credit card,6.0,0.33
7808,M065,Texas City,Fashion accessories,$71,3.0,19/11/25,20:18:00,Credit card,5.0,0.33
7809,M009,Plano,Home and lifestyle,$61,3.0,15/11/25,16:41:00,Credit card,4.0,0.48
7810,M055,Waxahachie,Fashion accessories,$41,3.0,16/12/25,18:41:00,Credit card,5.0,0.33
7811,M046,Temple,Home and lifestyle,$40,3.0,16/11/25,17:42:00,Credit card,3.0,0.48
7812,M058,Port Arthur,Fashion accessories,$76,1.0,17/11/25,18:00:00,Credit card,5.0,0.33
7813,M003,San Antonio,Home and lifestyle,$45,3.0,11/12/25,18:27:00,Credit card,6.0,0.48
7814,M084,Schertz,Fashion accessories,$24,3.0,22/12/25,19:45:00,Credit card,3.0,0.33
7815,M055,Waxahachie,Home and lifestyle,$31,2.0,07/11/25,17:17:00,Credit card,6.0,0.33
7816,M087,Waxahachie,Fashion accessories,$21,1.0,03/11/25,17:37:00,Credit card,4.0,0.33
7817,M025,Waco,Home and lifestyle,$51,3.0,08/12/25,20:40:00,Credit card,6.0,0.48
7818,M065,Texas City,Fashion accessories,$31,1.0,29/11/25,20:26:00,Credit card,3.0,0.33
7819,M087,Waxahachie,Home and lifestyle,$32,2.0,23/12/25,16:23:00,Credit card,4.0,0.33
7820,M089,Southlake,Fashion accessories,$58,2.0,25/11/25,15:34:00,Credit card,5.0,0.33
7821,M084,Schertz,Home and lifestyle,$32,3.0,07/11/25,19:31:00,Credit card,5.0,0.33
7822,M032,Tyler,Fashion accessories,$76,2.0,25/11/25,17:54:00,Credit card,4.0,0.48
7823,M030,Richardson,Home and lifestyle,$20,2.0,28/11/25,17:43:00,Credit card,5.0,0.48
7824,M054,Sherman,Fashion accessories,$46,2.0,01/12/25,16:30:00,Credit card,4.0,0.21
7825,M099,Weatherford,Home and lifestyle,$59,3.0,20/11/25,19:37:00,Credit card,7.0,0.18
7826,M054,Sherman,Fashion accessories,$77,2.0,11/11/25,19:32:00,Credit card,4.0,0.21
7827,M046,Temple,Home and lifestyle,$22,2.0,10/11/25,15:29:00,Credit card,7.0,0.48
7828,M054,Sherman,Fashion accessories,$38,3.0,02/11/25,18:48:00,Credit card,7.0,0.21
7829,M099,Weatherford,Home and lifestyle,$68,2.0,15/12/25,18:44:00,Credit card,7.0,0.18
7830,M058,Port Arthur,Fashion accessories,$50,3.0,08/12/25,17:14:00,Credit card,5.0,0.33
7831,M056,Rowlett,Home and lifestyle,$37,2.0,20/12/25,18:28:00,Credit card,3.0,0.33
7832,M084,Schertz,Fashion accessories,$71,3.0,29/11/25,18:31:00,Credit card,5.0,0.33
7833,M030,Richardson,Home and lifestyle,$53,1.0,16/11/25,19:32:00,Credit card,5.0,0.48
7834,M035,San Angelo,Fashion accessories,$27,3.0,26/12/25,18:30:00,Credit card,3.0,0.48
7835,M029,Round Rock,Home and lifestyle,$68,1.0,02/11/25,15:16:00,Credit card,4.0,0.48
7836,M065,Texas City,Fashion accessories,$23,1.0,01/12/25,19:04:00,Credit card,3.0,0.33
7837,M054,Sherman,Home and lifestyle,$45,1.0,23/12/25,18:25:00,Credit card,6.0,0.21
7838,M030,Richardson,Fashion accessories,$55,3.0,20/11/25,15:22:00,Credit card,4.0,0.48
7839,M003,San Antonio,Home and lifestyle,$84,3.0,31/12/25,15:10:00,Credit card,4.0,0.48
7840,M086,Rosenberg,Fashion accessories,$26,3.0,13/11/25,15:28:00,Credit card,4.0,0.33
7841,M035,San Angelo,Home and lifestyle,$60,3.0,28/12/25,16:48:00,Credit card,7.0,0.48
7842,M084,Schertz,Fashion accessories,$24,1.0,20/11/25,17:55:00,Credit card,5.0,0.33
7843,M099,Weatherford,Home and lifestyle,$54,3.0,24/12/25,19:44:00,Credit card,6.0,0.18
7844,M086,Rosenberg,Fashion accessories,$85,1.0,25/12/25,20:11:00,Credit card,5.0,0.33
7845,M089,Southlake,Home and lifestyle,$66,1.0,08/11/25,18:39:00,Credit card,4.0,0.33
7846,M009,Plano,Fashion accessories,$42,2.0,02/11/25,15:10:00,Credit card,5.0,0.48
7847,M089,Southlake,Home and lifestyle,$59,3.0,15/12/25,19:32:00,Credit card,5.0,0.33
7848,M073,Seguin,Fashion accessories,$50,1.0,26/12/25,17:18:00,Credit card,3.0,0.33
7849,M038,Sugar Land,Home and lifestyle,$41,3.0,28/11/25,19:18:00,Credit card,4.0,0.48
7850,M069,Rockwall,Fashion accessories,$58,2.0,25/12/25,19:33:00,Credit card,7.0,0.33
7851,M029,Round Rock,Home and lifestyle,$23,1.0,16/12/25,17:11:00,Credit card,6.0,0.48
7852,M029,Round Rock,Fashion accessories,$49,2.0,25/11/25,18:03:00,Credit card,4.0,0.48
7853,M086,Rosenberg,Home and lifestyle,$20,2.0,13/11/25,17:04:00,Credit card,4.0,0.33
7854,M089,Southlake,Fashion accessories,$44,1.0,22/12/25,18:50:00,Credit card,7.0,0.33
7855,M075,San Marcos,Home and lifestyle,$71,2.0,13/12/25,15:09:00,Credit card,4.0,0.33
7856,M050,Victoria,Fashion accessories,$25,3.0,19/11/25,15:08:00,Ewallet,4.0,0.48
7857,M025,Waco,Home and lifestyle,$19,3.0,24/12/25,16:18:00,Credit card,3.0,0.48
7858,M030,Richardson,Fashion accessories,$18,1.0,06/11/25,17:11:00,Credit card,7.0,0.48
7859,M025,Waco,Home and lifestyle,$34,3.0,11/12/25,18:13:00,Credit card,7.0,0.48
7860,M054,Sherman,Fashion accessories,$85,2.0,21/12/25,18:10:00,Credit card,5.0,0.21
7861,M009,Plano,Home and lifestyle,$20,1.0,25/12/25,20:47:00,Credit card,3.0,0.48
7862,M050,Victoria,Fashion accessories,$44,3.0,10/11/25,20:32:00,Ewallet,5.0,0.48
7863,M054,Sherman,Home and lifestyle,$40,2.0,23/12/25,16:16:00,Credit card,5.0,0.21
7864,M038,Sugar Land,Fashion accessories,$25,3.0,09/12/25,20:14:00,Credit card,6.0,0.48
7865,M065,Texas City,Home and lifestyle,$20,3.0,29/11/25,17:38:00,Credit card,3.0,0.33
7866,M003,San Antonio,Fashion accessories,$37,3.0,02/12/25,19:12:00,Credit card,6.0,0.48
7867,M003,San Antonio,Home and lifestyle,$16,1.0,04/12/25,16:17:00,Credit card,6.0,0.48
7868,M054,Sherman,Fashion accessories,$41,1.0,15/11/25,17:44:00,Credit card,6.0,0.21
7869,M084,Schertz,Home and lifestyle,$32,1.0,07/11/25,18:48:00,Credit card,6.0,0.33
7870,M087,Waxahachie,Fashion accessories,$81,1.0,20/11/25,18:24:00,Credit card,4.0,0.33
7871,M074,Weslaco,Home and lifestyle,$18,3.0,16/11/25,17:13:00,Credit card,4.0,0.33
7872,M074,Weslaco,Fashion accessories,$63,1.0,19/11/25,17:59:00,Credit card,7.0,0.33
7873,M084,Schertz,Home and lifestyle,$64,3.0,01/12/25,15:59:00,Credit card,7.0,0.33
7874,M058,Port Arthur,Fashion accessories,$76,1.0,24/12/25,16:38:00,Credit card,6.0,0.33
7875,M089,Southlake,Home and lifestyle,$78,3.0,09/12/25,18:33:00,Credit card,6.0,0.33
7876,M087,Waxahachie,Fashion accessories,$25,2.0,04/11/25,15:02:00,Credit card,7.0,0.33
7877,M084,Schertz,Home and lifestyle,$40,1.0,11/12/25,17:50:00,Credit card,7.0,0.33
7878,M032,Tyler,Fashion accessories,$22,3.0,13/12/25,19:20:00,Credit card,7.0,0.48
7879,M082,Weslaco,Home and lifestyle,$81,1.0,23/12/25,16:03:00,Credit card,6.0,0.33
7880,M084,Schertz,Fashion accessories,$18,3.0,26/12/25,20:13:00,Credit card,7.0,0.33
7881,M069,Rockwall,Home and lifestyle,$16,2.0,27/12/25,16:18:00,Credit card,5.0,0.33
7882,M056,Rowlett,Fashion accessories,$58,1.0,26/12/25,15:56:00,Credit card,7.0,0.33
7883,M054,Sherman,Home and lifestyle,$55,3.0,01/12/25,20:14:00,Credit card,4.0,0.21
7884,M084,Schertz,Fashion accessories,$35,2.0,27/11/25,15:25:00,Credit card,6.0,0.33
7885,M050,Victoria,Home and lifestyle,$66,3.0,08/11/25,17:45:00,Ewallet,3.0,0.48
7886,M050,Victoria,Fashion accessories,$33,2.0,31/12/25,15:32:00,Ewallet,3.0,0.48
7887,M074,Weslaco,Home and lifestyle,$50,2.0,22/12/25,18:48:00,Credit card,4.0,0.33
7888,M025,Waco,Fashion accessories,$50,2.0,27/11/25,15:04:00,Credit card,3.0,0.48
7889,M056,Rowlett,Home and lifestyle,$44,3.0,28/11/25,15:38:00,Credit card,6.0,0.33
7890,M009,Plano,Fashion accessories,$47,1.0,26/11/25,17:49:00,Credit card,7.0,0.48
7891,M074,Weslaco,Home and lifestyle,$63,1.0,01/12/25,19:52:00,Credit card,3.0,0.33
7892,M029,Round Rock,Fashion accessories,$54,2.0,10/11/25,18:13:00,Credit card,4.0,0.48
7893,M038,Sugar Land,Home and lifestyle,$31,1.0,07/12/25,18:25:00,Credit card,3.0,0.48
7894,M029,Round Rock,Fashion accessories,$73,3.0,13/11/25,18:37:00,Credit card,7.0,0.48
7895,M084,Schertz,Home and lifestyle,$55,1.0,05/12/25,18:42:00,Credit card,6.0,0.33
7896,M054,Sherman,Fashion accessories,$61,2.0,15/12/25,19:21:00,Credit card,5.0,0.21
7897,M030,Richardson,Home and lifestyle,$57,1.0,24/11/25,18:37:00,Credit card,4.0,0.48
7898,M029,Round Rock,Fashion accessories,$18,1.0,22/11/25,18:28:00,Credit card,5.0,0.48
7899,M032,Tyler,Home and lifestyle,$23,3.0,21/11/25,17:43:00,Credit card,4.0,0.48
7900,M074,Weslaco,Fashion accessories,$25,3.0,14/12/25,15:37:00,Credit card,7.0,0.33
7901,M089,Southlake,Home and lifestyle,$22,3.0,20/12/25,18:30:00,Credit card,4.0,0.33
7902,M029,Round Rock,Fashion accessories,$26,1.0,06/11/25,15:10:00,Credit card,3.0,0.48
7903,M032,Tyler,Home and lifestyle,$20,1.0,06/11/25,16:22:00,Credit card,6.0,0.48
7904,M089,Southlake,Fashion accessories,$25,1.0,13/12/25,15:42:00,Credit card,7.0,0.33
7905,M075,San Marcos,Home and lifestyle,$19,3.0,22/11/25,20:22:00,Credit card,6.0,0.33
7906,M073,Seguin,Fashion accessories,$38,1.0,05/11/25,17:10:00,Credit card,5.0,0.33
7907,M089,Southlake,Home and lifestyle,$20,1.0,03/11/25,19:55:00,Credit card,5.0,0.33
7908,M065,Texas City,Fashion accessories,$82,3.0,16/12/25,16:19:00,Credit card,6.0,0.33
7909,M035,San Angelo,Home and lifestyle,$34,1.0,11/11/25,17:09:00,Credit card,6.0,0.48
7910,M074,Weslaco,Fashion accessories,$18,3.0,28/12/25,17:07:00,Credit card,7.0,0.33
7911,M032,Tyler,Home and lifestyle,$76,3.0,01/11/25,15:28:00,Credit card,4.0,0.48
7912,M038,Sugar Land,Fashion accessories,$77,3.0,29/11/25,17:15:00,Credit card,3.0,0.48
7913,M046,Temple,Home and lifestyle,$48,2.0,11/12/25,18:31:00,Credit card,4.0,0.48
7914,M046,Temple,Fashion accessories,$69,3.0,10/11/25,21:00:00,Credit card,3.0,0.48
7915,M054,Sherman,Home and lifestyle,$63,2.0,03/12/25,19:17:00,Credit card,4.0,0.21
7916,M089,Southlake,Fashion accessories,$74,3.0,28/11/25,17:36:00,Credit card,3.0,0.33
7917,M082,Weslaco,Home and lifestyle,$43,1.0,27/11/25,15:08:00,Credit card,7.0,0.33
7918,M086,Rosenberg,Fashion accessories,$55,1.0,25/11/25,20:54:00,Credit card,5.0,0.33
7919,M035,San Angelo,Home and lifestyle,$63,1.0,10/12/25,15:57:00,Credit card,6.0,0.48
7920,M055,Waxahachie,Fashion accessories,$55,1.0,26/12/25,16:22:00,Credit card,4.0,0.33
7921,M087,Waxahachie,Home and lifestyle,$56,2.0,11/12/25,19:21:00,Credit card,5.0,0.33
7922,M046,Temple,Fashion accessories,$62,2.0,02/12/25,15:39:00,Credit card,7.0,0.48
7923,M030,Richardson,Home and lifestyle,$71,2.0,28/11/25,15:06:00,Credit card,6.0,0.48
7924,M073,Seguin,Fashion accessories,$85,3.0,14/12/25,16:44:00,Credit card,3.0,0.33
7925,M025,Waco,Home and lifestyle,$40,3.0,18/11/25,17:35:00,Credit card,5.0,0.48
7926,M029,Round Rock,Fashion accessories,$25,3.0,17/12/25,18:57:00,Credit card,6.0,0.48
7927,M089,Southlake,Home and lifestyle,$44,1.0,01/12/25,16:31:00,Credit card,7.0,0.33
7928,M075,San Marcos,Fashion accessories,$32,3.0,20/12/25,19:40:00,Credit card,5.0,0.33
7929,M038,Sugar Land,Home and lifestyle,$22,2.0,05/12/25,20:06:00,Credit card,6.0,0.48
7930,M025,Waco,Fashion accessories,$19,1.0,14/11/25,16:21:00,Credit card,7.0,0.48
7931,M050,Victoria,Home and lifestyle,$46,2.0,11/12/25,16:33:00,Ewallet,3.0,0.48
7932,M032,Tyler,Fashion accessories,$73,3.0,27/11/25,19:50:00,Credit card,4.0,0.48
7933,M086,Rosenberg,Home and lifestyle,$70,1.0,16/12/25,16:40:00,Credit card,5.0,0.33
7934,M032,Tyler,Fashion accessories,$46,3.0,01/11/25,17:18:00,Credit card,5.0,0.48
7935,M086,Rosenberg,Home and lifestyle,$60,3.0,22/11/25,15:12:00,Credit card,4.0,0.33
7936,M050,Victoria,Fashion accessories,$55,1.0,18/11/25,18:43:00,Ewallet,3.0,0.48
7937,M035,San Angelo,Home and lifestyle,$45,3.0,08/11/25,20:14:00,Credit card,7.0,0.48
7938,M065,Texas City,Fashion accessories,$20,2.0,13/12/25,15:25:00,Credit card,5.0,0.33
7939,M084,Schertz,Home and lifestyle,$16,2.0,17/12/25,16:37:00,Credit card,5.0,0.33
7940,M058,Port Arthur,Fashion accessories,$38,3.0,25/11/25,20:01:00,Credit card,3.0,0.33
7941,M038,Sugar Land,Home and lifestyle,$63,1.0,15/11/25,20:50:00,Credit card,6.0,0.48
7942,M099,Weatherford,Fashion accessories,$27,2.0,02/12/25,17:30:00,Credit card,4.0,0.18
7943,M056,Rowlett,Home and lifestyle,$56,3.0,02/11/25,15:01:00,Credit card,3.0,0.33
7944,M032,Tyler,Fashion accessories,$23,2.0,07/11/25,20:21:00,Credit card,7.0,0.48
7945,M075,San Marcos,Home and lifestyle,$16,1.0,28/11/25,17:53:00,Credit card,6.0,0.33
7946,M065,Texas City,Fashion accessories,$45,1.0,26/11/25,20:49:00,Credit card,7.0,0.33
7947,M055,Waxahachie,Home and lifestyle,$77,2.0,07/11/25,16:25:00,Credit card,3.0,0.33
7948,M074,Weslaco,Fashion accessories,$52,2.0,17/12/25,20:51:00,Credit card,4.0,0.33
7949,M073,Seguin,Home and lifestyle,$44,3.0,11/11/25,17:16:00,Credit card,4.0,0.33
7950,M058,Port Arthur,Fashion accessories,$44,2.0,26/12/25,20:07:00,Credit card,5.0,0.33
7951,M032,Tyler,Home and lifestyle,$57,3.0,01/12/25,20:45:00,Credit card,6.0,0.48
7952,M087,Waxahachie,Fashion accessories,$80,1.0,10/12/25,16:19:00,Credit card,6.0,0.33
7953,M003,San Antonio,Home and lifestyle,$29,3.0,10/11/25,17:17:00,Credit card,7.0,0.48
7954,M055,Waxahachie,Fashion accessories,$54,3.0,01/11/25,19:59:00,Credit card,5.0,0.33
7955,M030,Richardson,Home and lifestyle,$54,3.0,05/11/25,16:49:00,Credit card,3.0,0.48
7956,M073,Seguin,Fashion accessories,$50,3.0,21/11/25,18:48:00,Credit card,4.0,0.33
7957,M046,Temple,Home and lifestyle,$56,3.0,14/11/25,19:08:00,Credit card,5.0,0.48
7958,M009,Plano,Fashion accessories,$43,3.0,01/12/25,20:14:00,Credit card,7.0,0.48
7959,M009,Plano,Home and lifestyle,$48,1.0,21/11/25,18:07:00,Credit card,4.0,0.48
7960,M089,Southlake,Fashion accessories,$83,2.0,04/12/25,20:23:00,Credit card,4.0,0.33
7961,M035,San Angelo,Home and lifestyle,$15,2.0,13/11/25,18:38:00,Credit card,4.0,0.48
7962,M087,Waxahachie,Fashion accessories,$40,1.0,29/11/25,20:46:00,Credit card,3.0,0.33
7963,M087,Waxahachie,Home and lifestyle,$71,3.0,16/11/25,19:42:00,Credit card,5.0,0.33
7964,M087,Waxahachie,Fashion accessories,$44,2.0,04/12/25,15:09:00,Credit card,5.0,0.33
7965,M069,Rockwall,Home and lifestyle,$24,2.0,21/11/25,16:52:00,Credit card,4.0,0.33
7966,M087,Waxahachie,Fashion accessories,$41,3.0,07/11/25,15:21:00,Credit card,6.0,0.33
7967,M046,Temple,Home and lifestyle,$25,3.0,25/11/25,17:10:00,Credit card,3.0,0.48
7968,M029,Round Rock,Fashion accessories,$27,2.0,04/11/25,16:35:00,Credit card,5.0,0.48
7969,M089,Southlake,Home and lifestyle,$16,3.0,03/11/25,15:36:00,Credit card,5.0,0.33
7970,M025,Waco,Fashion accessories,$34,1.0,06/11/25,15:50:00,Credit card,7.0,0.48
7971,M056,Rowlett,Home and lifestyle,$65,3.0,02/11/25,18:56:00,Credit card,5.0,0.33
7972,M058,Port Arthur,Fashion accessories,$34,1.0,19/11/25,18:32:00,Credit card,3.0,0.33
7973,M038,Sugar Land,Home and lifestyle,$56,1.0,08/11/25,18:23:00,Credit card,6.0,0.48
7974,M058,Port Arthur,Fashion accessories,$23,3.0,24/12/25,16:28:00,Credit card,5.0,0.33
7975,M069,Rockwall,Home and lifestyle,$34,2.0,17/12/25,16:54:00,Credit card,5.0,0.33
7976,M099,Weatherford,Fashion accessories,$65,1.0,03/12/25,16:48:00,Credit card,4.0,0.18
7977,M054,Sherman,Home and lifestyle,$20,2.0,31/12/25,16:05:00,Credit card,7.0,0.21
7978,M003,San Antonio,Fashion accessories,$29,2.0,09/12/25,17:01:00,Credit card,4.0,0.48
7979,M055,Waxahachie,Home and lifestyle,$70,1.0,21/12/25,18:11:00,Credit card,6.0,0.33
7980,M075,San Marcos,Fashion accessories,$43,2.0,25/11/25,15:14:00,Credit card,3.0,0.33
7981,M029,Round Rock,Home and lifestyle,$23,3.0,03/11/25,20:27:00,Credit card,4.0,0.48
7982,M029,Round Rock,Fashion accessories,$68,2.0,26/12/25,15:51:00,Credit card,5.0,0.48
7983,M084,Schertz,Home and lifestyle,$56,2.0,27/12/25,15:33:00,Credit card,7.0,0.33
7984,M087,Waxahachie,Fashion accessories,$36,2.0,03/12/25,16:34:00,Credit card,7.0,0.33
7985,M050,Victoria,Home and lifestyle,$75,1.0,13/12/25,16:50:00,Ewallet,3.0,0.48
7986,M003,San Antonio,Fashion accessories,$23,2.0,02/12/25,18:18:00,Credit card,3.0,0.48
7987,M009,Plano,Home and lifestyle,$24,2.0,26/12/25,19:18:00,Credit card,7.0,0.48
7988,M056,Rowlett,Fashion accessories,$25,3.0,24/12/25,20:39:00,Credit card,7.0,0.33
7989,M069,Rockwall,Home and lifestyle,$15,2.0,29/11/25,17:45:00,Credit card,7.0,0.33
7990,M065,Texas City,Fashion accessories,$81,2.0,21/12/25,17:32:00,Credit card,5.0,0.33
7991,M084,Schertz,Home and lifestyle,$45,1.0,21/11/25,17:26:00,Credit card,4.0,0.33
7992,M082,Weslaco,Fashion accessories,$53,1.0,11/12/25,16:54:00,Credit card,3.0,0.33
7993,M089,Southlake,Home and lifestyle,$79,2.0,28/11/25,15:04:00,Credit card,7.0,0.33
7994,M084,Schertz,Fashion accessories,$44,1.0,08/12/25,20:07:00,Credit card,7.0,0.33
7995,M032,Tyler,Home and lifestyle,$63,2.0,16/11/25,18:48:00,Credit card,6.0,0.48
7996,M058,Port Arthur,Fashion accessories,$59,3.0,19/11/25,19:45:00,Credit card,6.0,0.33
7997,M046,Temple,Home and lifestyle,$41,1.0,24/11/25,15:48:00,Credit card,5.0,0.48
7998,M074,Weslaco,Fashion accessories,$54,3.0,09/11/25,20:10:00,Credit card,4.0,0.33
7999,M073,Seguin,Home and lifestyle,$31,3.0,14/11/25,20:15:00,Credit card,3.0,0.33
8000,M050,Victoria,Fashion accessories,$65,2.0,01/12/25,15:47:00,Ewallet,5.0,0.48
8001,M035,San Angelo,Home and lifestyle,$66,1.0,27/11/25,20:55:00,Credit card,4.0,0.48
8002,M025,Waco,Fashion accessories,$67,2.0,22/12/25,18:27:00,Credit card,3.0,0.48
8003,M075,San Marcos,Home and lifestyle,$47,1.0,23/11/25,20:19:00,Credit card,6.0,0.33
8004,M056,Rowlett,Fashion accessories,$51,1.0,08/11/25,18:30:00,Credit card,4.0,0.33
8005,M056,Rowlett,Home and lifestyle,$60,2.0,14/11/25,17:50:00,Credit card,6.0,0.33
8006,M074,Weslaco,Fashion accessories,$51,3.0,27/12/25,19:53:00,Credit card,4.0,0.33
8007,M050,Victoria,Home and lifestyle,$50,3.0,10/11/25,17:07:00,Ewallet,6.0,0.48
8008,M029,Round Rock,Fashion accessories,$27,1.0,29/11/25,16:25:00,Credit card,7.0,0.48
8009,M003,San Antonio,Home and lifestyle,$38,2.0,30/12/25,17:56:00,Credit card,3.0,0.48
8010,M029,Round Rock,Fashion accessories,$80,1.0,19/11/25,16:59:00,Credit card,3.0,0.48
8011,M069,Rockwall,Home and lifestyle,$58,1.0,17/11/25,16:40:00,Credit card,3.0,0.33
8012,M003,San Antonio,Fashion accessories,$23,1.0,08/11/25,15:19:00,Credit card,7.0,0.48
8013,M084,Schertz,Home and lifestyle,$45,3.0,14/12/25,20:24:00,Credit card,4.0,0.33
8014,M030,Richardson,Fashion accessories,$74,1.0,26/11/25,15:04:00,Credit card,3.0,0.48
8015,M035,San Angelo,Home and lifestyle,$29,1.0,24/12/25,15:37:00,Credit card,7.0,0.48
8016,M069,Rockwall,Fashion accessories,$37,3.0,01/12/25,17:54:00,Credit card,6.0,0.33
8017,M009,Plano,Home and lifestyle,$32,2.0,03/11/25,17:46:00,Credit card,7.0,0.48
8018,M032,Tyler,Fashion accessories,$51,1.0,25/12/25,17:02:00,Credit card,6.0,0.48
8019,M056,Rowlett,Home and lifestyle,$20,3.0,21/11/25,17:29:00,Credit card,3.0,0.33
8020,M084,Schertz,Fashion accessories,$69,1.0,05/12/25,16:03:00,Credit card,7.0,0.33
8021,M003,San Antonio,Home and lifestyle,$64,1.0,27/11/25,20:33:00,Credit card,7.0,0.48
8022,M038,Sugar Land,Fashion accessories,$24,3.0,30/11/25,16:34:00,Credit card,6.0,0.48
8023,M099,Weatherford,Home and lifestyle,$15,2.0,20/11/25,15:58:00,Credit card,7.0,0.18
8024,M054,Sherman,Fashion accessories,$55,1.0,05/11/25,16:42:00,Credit card,6.0,0.21
8025,M003,San Antonio,Home and lifestyle,$65,2.0,25/12/25,20:29:00,Credit card,7.0,0.48
8026,M046,Temple,Fashion accessories,$17,1.0,20/12/25,15:47:00,Credit card,4.0,0.48
8027,M055,Waxahachie,Home and lifestyle,$56,1.0,27/11/25,18:25:00,Credit card,7.0,0.33
8028,M050,Victoria,Fashion accessories,$64,2.0,26/11/25,17:31:00,Ewallet,5.0,0.48
8029,M099,Weatherford,Home and lifestyle,$16,1.0,09/12/25,15:54:00,Credit card,3.0,0.18
8030,M075,San Marcos,Fashion accessories,$32,2.0,22/11/25,16:08:00,Credit card,4.0,0.33
8031,M056,Rowlett,Home and lifestyle,$82,2.0,28/11/25,19:03:00,Credit card,4.0,0.33
8032,M030,Richardson,Fashion accessories,$26,2.0,18/11/25,15:06:00,Credit card,7.0,0.48
8033,M032,Tyler,Home and lifestyle,$83,3.0,06/12/25,15:31:00,Credit card,4.0,0.48
8034,M025,Waco,Fashion accessories,$59,2.0,10/11/25,16:59:00,Credit card,7.0,0.48
8035,M084,Schertz,Home and lifestyle,$73,3.0,08/11/25,17:06:00,Credit card,4.0,0.33
8036,M075,San Marcos,Fashion accessories,$39,1.0,20/11/25,18:25:00,Credit card,4.0,0.33
8037,M058,Port Arthur,Home and lifestyle,$53,1.0,30/12/25,16:41:00,Credit card,4.0,0.33
8038,M035,San Angelo,Fashion accessories,$65,1.0,31/12/25,17:19:00,Credit card,3.0,0.48
8039,M054,Sherman,Home and lifestyle,$37,1.0,10/11/25,16:44:00,Credit card,3.0,0.21
8040,M003,San Antonio,Fashion accessories,$15,3.0,04/12/25,20:46:00,Credit card,5.0,0.48
8041,M009,Plano,Home and lifestyle,$52,1.0,03/12/25,19:30:00,Credit card,7.0,0.48
8042,M054,Sherman,Fashion accessories,$62,2.0,21/11/25,15:33:00,Credit card,7.0,0.21
8043,M038,Sugar Land,Home and lifestyle,$45,1.0,16/12/25,15:55:00,Credit card,4.0,0.48
8044,M046,Temple,Fashion accessories,$32,1.0,02/12/25,15:17:00,Credit card,6.0,0.48
8045,M035,San Angelo,Home and lifestyle,$64,3.0,16/12/25,19:41:00,Credit card,7.0,0.48
8046,M046,Temple,Fashion accessories,$64,3.0,12/12/25,15:01:00,Credit card,3.0,0.48
8047,M009,Plano,Home and lifestyle,$16,3.0,30/11/25,18:18:00,Credit card,3.0,0.48
8048,M084,Schertz,Fashion accessories,$24,3.0,24/11/25,20:19:00,Credit card,7.0,0.33
8049,M056,Rowlett,Home and lifestyle,$38,1.0,08/11/25,20:31:00,Credit card,3.0,0.33
8050,M074,Weslaco,Fashion accessories,$65,3.0,01/12/25,20:37:00,Credit card,7.0,0.33
8051,M082,Weslaco,Home and lifestyle,$34,1.0,10/12/25,16:59:00,Credit card,4.0,0.33
8052,M073,Seguin,Fashion accessories,$70,3.0,29/11/25,17:48:00,Credit card,4.0,0.33
8053,M084,Schertz,Home and lifestyle,$48,1.0,20/12/25,15:31:00,Credit card,5.0,0.33
8054,M075,San Marcos,Fashion accessories,$54,3.0,29/12/25,16:14:00,Credit card,5.0,0.33
8055,M058,Port Arthur,Home and lifestyle,$62,2.0,13/11/25,18:06:00,Credit card,3.0,0.33
8056,M003,San Antonio,Fashion accessories,$21,2.0,22/12/25,18:44:00,Credit card,4.0,0.48
8057,M082,Weslaco,Home and lifestyle,$42,1.0,27/12/25,20:30:00,Credit card,5.0,0.33
8058,M050,Victoria,Fashion accessories,$35,1.0,30/11/25,19:16:00,Ewallet,4.0,0.48
8059,M038,Sugar Land,Home and lifestyle,$53,1.0,17/12/25,20:31:00,Credit card,5.0,0.48
8060,M086,Rosenberg,Fashion accessories,$19,2.0,29/11/25,20:57:00,Credit card,6.0,0.33
8061,M073,Seguin,Home and lifestyle,$44,1.0,09/12/25,15:40:00,Credit card,3.0,0.33
8062,M032,Tyler,Fashion accessories,$53,1.0,26/12/25,21:00:00,Credit card,4.0,0.48
8063,M087,Waxahachie,Home and lifestyle,$56,3.0,26/11/25,20:32:00,Credit card,6.0,0.33
8064,M032,Tyler,Fashion accessories,$20,2.0,26/11/25,20:12:00,Credit card,6.0,0.48
8065,M086,Rosenberg,Home and lifestyle,$50,2.0,15/12/25,19:59:00,Credit card,4.0,0.33
8066,M082,Weslaco,Fashion accessories,$57,2.0,11/12/25,18:24:00,Credit card,3.0,0.33
8067,M089,Southlake,Home and lifestyle,$80,2.0,18/11/25,19:53:00,Credit card,3.0,0.33
8068,M035,San Angelo,Fashion accessories,$85,2.0,15/12/25,20:24:00,Credit card,7.0,0.48
8069,M086,Rosenberg,Home and lifestyle,$77,1.0,27/11/25,18:32:00,Credit card,6.0,0.33
8070,M099,Weatherford,Fashion accessories,$80,2.0,19/12/25,17:26:00,Credit card,4.0,0.18
8071,M089,Southlake,Home and lifestyle,$80,1.0,02/11/25,16:28:00,Credit card,4.0,0.33
8072,M074,Weslaco,Fashion accessories,$40,1.0,19/11/25,16:04:00,Credit card,7.0,0.33
8073,M069,Rockwall,Home and lifestyle,$65,1.0,03/11/25,17:46:00,Credit card,6.0,0.33
8074,M046,Temple,Fashion accessories,$64,2.0,13/11/25,20:34:00,Credit card,7.0,0.48
8075,M046,Temple,Home and lifestyle,$42,2.0,05/12/25,18:58:00,Credit card,7.0,0.48
8076,M082,Weslaco,Fashion accessories,$20,1.0,02/11/25,15:31:00,Credit card,3.0,0.33
8077,M030,Richardson,Home and lifestyle,$23,1.0,22/11/25,19:10:00,Credit card,6.0,0.48
8078,M082,Weslaco,Fashion accessories,$27,1.0,29/12/25,15:16:00,Credit card,3.0,0.33
8079,M099,Weatherford,Home and lifestyle,$24,3.0,11/12/25,15:40:00,Credit card,4.0,0.18
8080,M086,Rosenberg,Fashion accessories,$61,2.0,28/11/25,18:49:00,Credit card,5.0,0.33
8081,M038,Sugar Land,Home and lifestyle,$46,2.0,18/12/25,17:37:00,Credit card,6.0,0.48
8082,M058,Port Arthur,Fashion accessories,$70,2.0,31/12/25,19:45:00,Credit card,5.0,0.33
8083,M025,Waco,Home and lifestyle,$72,2.0,13/12/25,20:09:00,Credit card,6.0,0.48
8084,M069,Rockwall,Fashion accessories,$29,1.0,29/12/25,15:15:00,Credit card,4.0,0.33
8085,M073,Seguin,Home and lifestyle,$29,2.0,06/11/25,19:36:00,Credit card,5.0,0.33
8086,M035,San Angelo,Fashion accessories,$67,1.0,26/11/25,19:26:00,Credit card,5.0,0.48
8087,M082,Weslaco,Home and lifestyle,$31,2.0,26/12/25,15:14:00,Credit card,7.0,0.33
8088,M056,Rowlett,Fashion accessories,$79,1.0,26/12/25,17:39:00,Credit card,6.0,0.33
8089,M029,Round Rock,Home and lifestyle,$63,3.0,21/12/25,19:34:00,Credit card,3.0,0.48
8090,M025,Waco,Fashion accessories,$23,3.0,25/11/25,17:30:00,Credit card,6.0,0.48
8091,M038,Sugar Land,Home and lifestyle,$53,1.0,29/12/25,15:48:00,Credit card,7.0,0.48
8092,M084,Schertz,Fashion accessories,$38,3.0,07/12/25,15:19:00,Credit card,7.0,0.33
8093,M038,Sugar Land,Home and lifestyle,$47,1.0,21/11/25,20:26:00,Credit card,7.0,0.48
8094,M099,Weatherford,Fashion accessories,$51,3.0,19/12/25,17:57:00,Credit card,3.0,0.18
8095,M035,San Angelo,Home and lifestyle,$38,2.0,17/12/25,17:43:00,Credit card,3.0,0.48
8096,M065,Texas City,Fashion accessories,$22,1.0,16/12/25,18:17:00,Credit card,3.0,0.33
8097,M065,Texas City,Home and lifestyle,$26,3.0,01/12/25,20:34:00,Credit card,7.0,0.33
8098,M089,Southlake,Fashion accessories,$33,3.0,03/11/25,17:52:00,Credit card,5.0,0.33
8099,M082,Weslaco,Home and lifestyle,$43,2.0,02/12/25,20:10:00,Credit card,7.0,0.33
8100,M082,Weslaco,Fashion accessories,$16,3.0,25/12/25,19:10:00,Credit card,4.0,0.33
8101,M058,Port Arthur,Home and lifestyle,$50,3.0,22/11/25,16:33:00,Credit card,5.0,0.33
8102,M075,San Marcos,Fashion accessories,$55,1.0,22/12/25,10:39:00,Credit card,7.0,0.33
8103,M029,Round Rock,Home and lifestyle,$41,3.0,26/11/25,16:23:00,Credit card,4.0,0.48
8104,M082,Weslaco,Fashion accessories,$60,2.0,17/12/25,15:39:00,Credit card,4.0,0.33
8105,M086,Rosenberg,Home and lifestyle,$63,1.0,05/11/25,14:45:00,Credit card,4.0,0.33
8106,M074,Weslaco,Fashion accessories,$64,2.0,09/12/25,7:59:00,Credit card,4.0,0.33
8107,M073,Seguin,Home and lifestyle,$31,2.0,19/11/25,8:03:00,Credit card,7.0,0.33
8108,M055,Waxahachie,Fashion accessories,$76,2.0,17/12/25,11:12:00,Credit card,6.0,0.33
8109,M055,Waxahachie,Home and lifestyle,$46,3.0,26/12/25,11:12:00,Credit card,5.0,0.33
8110,M075,San Marcos,Fashion accessories,$64,2.0,10/12/25,16:20:00,Credit card,3.0,0.33
8111,M075,San Marcos,Home and lifestyle,$61,2.0,01/12/25,6:28:00,Credit card,6.0,0.33
8112,M029,Round Rock,Fashion accessories,$67,3.0,10/11/25,10:01:00,Credit card,5.0,0.48
8113,M009,Plano,Home and lifestyle,$37,1.0,31/12/25,7:08:00,Credit card,3.0,0.48
8114,M032,Tyler,Fashion accessories,$35,3.0,06/11/25,7:48:00,Credit card,5.0,0.48
8115,M050,Victoria,Home and lifestyle,$78,3.0,20/12/25,15:05:00,Ewallet,6.0,0.48
8116,M038,Sugar Land,Fashion accessories,$74,2.0,13/11/25,14:14:00,Credit card,3.0,0.48
8117,M089,Southlake,Home and lifestyle,$84,2.0,16/11/25,6:28:00,Credit card,3.0,0.33
8118,M009,Plano,Fashion accessories,$54,3.0,04/11/25,8:05:00,Credit card,3.0,0.48
8119,M069,Rockwall,Home and lifestyle,$80,3.0,02/12/25,15:22:00,Credit card,4.0,0.33
8120,M089,Southlake,Fashion accessories,$42,3.0,18/11/25,14:27:00,Credit card,6.0,0.33
8121,M089,Southlake,Home and lifestyle,$39,1.0,20/11/25,8:56:00,Credit card,6.0,0.33
8122,M009,Plano,Fashion accessories,$62,3.0,13/11/25,8:47:00,Credit card,4.0,0.48
8123,M030,Richardson,Home and lifestyle,$19,1.0,22/12/25,10:18:00,Credit card,7.0,0.48
8124,M055,Waxahachie,Fashion accessories,$16,2.0,14/12/25,8:40:00,Credit card,7.0,0.33
8125,M084,Schertz,Home and lifestyle,$59,3.0,09/12/25,9:28:00,Credit card,6.0,0.33
8126,M075,San Marcos,Fashion accessories,$71,1.0,04/11/25,15:20:00,Credit card,7.0,0.33
8127,M065,Texas City,Home and lifestyle,$45,2.0,17/12/25,10:27:00,Credit card,6.0,0.33
8128,M032,Tyler,Fashion accessories,$66,2.0,23/12/25,10:21:00,Credit card,5.0,0.48
8129,M087,Waxahachie,Home and lifestyle,$25,2.0,28/12/25,6:36:00,Credit card,3.0,0.33
8130,M035,San Angelo,Fashion accessories,$51,3.0,13/12/25,12:32:00,Credit card,7.0,0.48
8131,M099,Weatherford,Home and lifestyle,$54,1.0,18/11/25,10:42:00,Credit card,5.0,0.18
8132,M084,Schertz,Fashion accessories,$19,1.0,20/12/25,14:46:00,Credit card,5.0,0.33
8133,M054,Sherman,Home and lifestyle,$67,2.0,03/12/25,8:33:00,Credit card,3.0,0.21
8134,M050,Victoria,Fashion accessories,$47,1.0,01/12/25,13:24:00,Ewallet,6.0,0.48
8135,M069,Rockwall,Home and lifestyle,$31,2.0,26/12/25,11:23:00,Credit card,5.0,0.33
8136,M058,Port Arthur,Fashion accessories,$36,3.0,13/11/25,14:42:00,Credit card,6.0,0.33
8137,M073,Seguin,Home and lifestyle,$84,2.0,31/12/25,13:30:00,Credit card,5.0,0.33
8138,M069,Rockwall,Fashion accessories,$69,3.0,18/12/25,11:42:00,Credit card,7.0,0.33
8139,M086,Rosenberg,Home and lifestyle,$19,2.0,02/12/25,6:14:00,Credit card,3.0,0.33
8140,M074,Weslaco,Fashion accessories,$84,2.0,16/11/25,16:44:00,Credit card,3.0,0.33
8141,M082,Weslaco,Home and lifestyle,$22,3.0,11/11/25,6:03:00,Credit card,6.0,0.33
8142,M046,Temple,Fashion accessories,$31,3.0,30/11/25,7:14:00,Credit card,7.0,0.48
8143,M050,Victoria,Home and lifestyle,$74,1.0,28/11/25,8:40:00,Ewallet,4.0,0.48
8144,M069,Rockwall,Fashion accessories,$56,2.0,30/11/25,14:31:00,Credit card,5.0,0.33
8145,M003,San Antonio,Home and lifestyle,$40,1.0,18/11/25,13:41:00,Credit card,5.0,0.48
8146,M086,Rosenberg,Fashion accessories,$66,3.0,19/11/25,12:15:00,Credit card,5.0,0.33
8147,M074,Weslaco,Home and lifestyle,$19,1.0,10/12/25,12:20:00,Credit card,7.0,0.33
8148,M065,Texas City,Fashion accessories,$55,3.0,12/11/25,15:00:00,Credit card,7.0,0.33
8149,M082,Weslaco,Home and lifestyle,$82,1.0,27/12/25,15:06:00,Credit card,4.0,0.33
8150,M030,Richardson,Fashion accessories,$64,3.0,28/11/25,14:34:00,Credit card,3.0,0.48
8151,M084,Schertz,Home and lifestyle,$60,1.0,28/12/25,12:56:00,Credit card,5.0,0.33
8152,M055,Waxahachie,Fashion accessories,$31,3.0,18/12/25,7:17:00,Credit card,4.0,0.33
8153,M058,Port Arthur,Home and lifestyle,$51,3.0,09/11/25,6:29:00,Credit card,3.0,0.33
8154,M003,San Antonio,Fashion accessories,$30,2.0,29/11/25,6:01:00,Credit card,3.0,0.48
8155,M086,Rosenberg,Home and lifestyle,$76,1.0,02/12/25,7:24:00,Credit card,3.0,0.33
8156,M038,Sugar Land,Fashion accessories,$69,2.0,07/11/25,13:19:00,Credit card,4.0,0.48
8157,M089,Southlake,Home and lifestyle,$30,2.0,06/11/25,15:09:00,Credit card,6.0,0.33
8158,M003,San Antonio,Fashion accessories,$15,2.0,23/11/25,6:34:00,Credit card,3.0,0.48
8159,M074,Weslaco,Home and lifestyle,$82,3.0,10/11/25,8:08:00,Credit card,7.0,0.33
8160,M009,Plano,Fashion accessories,$21,3.0,25/12/25,10:40:00,Credit card,6.0,0.48
8161,M038,Sugar Land,Home and lifestyle,$54,1.0,14/11/25,6:21:00,Credit card,4.0,0.48
8162,M056,Rowlett,Fashion accessories,$79,2.0,26/11/25,8:24:00,Credit card,6.0,0.33
8163,M055,Waxahachie,Home and lifestyle,$55,3.0,25/12/25,8:47:00,Credit card,4.0,0.33
8164,M075,San Marcos,Fashion accessories,$77,2.0,21/12/25,7:43:00,Credit card,6.0,0.33
8165,M065,Texas City,Home and lifestyle,$78,1.0,11/12/25,16:33:00,Credit card,4.0,0.33
8166,M087,Waxahachie,Fashion accessories,$80,2.0,17/11/25,12:27:00,Credit card,5.0,0.33
8167,M086,Rosenberg,Home and lifestyle,$24,2.0,16/12/25,14:47:00,Credit card,4.0,0.33
8168,M054,Sherman,Fashion accessories,$80,1.0,26/11/25,6:34:00,Credit card,3.0,0.21
8169,M087,Waxahachie,Home and lifestyle,$63,3.0,06/11/25,12:33:00,Credit card,4.0,0.33
8170,M032,Tyler,Fashion accessories,$21,3.0,02/11/25,17:00:00,Credit card,5.0,0.48
8171,M054,Sherman,Home and lifestyle,$39,1.0,01/12/25,15:30:00,Credit card,3.0,0.21
8172,M089,Southlake,Fashion accessories,$15,3.0,11/12/25,7:13:00,Credit card,7.0,0.33
8173,M029,Round Rock,Home and lifestyle,$40,3.0,08/12/25,10:50:00,Credit card,3.0,0.48
8174,M089,Southlake,Fashion accessories,$79,3.0,12/11/25,6:53:00,Credit card,6.0,0.33
8175,M050,Victoria,Home and lifestyle,$56,2.0,12/12/25,16:36:00,Ewallet,7.0,0.48
8176,M056,Rowlett,Fashion accessories,$30,3.0,21/12/25,9:55:00,Credit card,5.0,0.33
8177,M029,Round Rock,Home and lifestyle,$63,3.0,01/12/25,13:02:00,Credit card,3.0,0.48
8178,M025,Waco,Fashion accessories,$75,3.0,14/11/25,14:18:00,Credit card,6.0,0.48
8179,M084,Schertz,Home and lifestyle,$29,2.0,31/12/25,16:56:00,Credit card,6.0,0.33
8180,M087,Waxahachie,Fashion accessories,$38,1.0,22/12/25,14:41:00,Credit card,7.0,0.33
8181,M074,Weslaco,Home and lifestyle,$70,1.0,16/12/25,11:53:00,Credit card,7.0,0.33
8182,M030,Richardson,Fashion accessories,$36,3.0,13/11/25,16:26:00,Credit card,6.0,0.48
8183,M074,Weslaco,Home and lifestyle,$22,1.0,03/11/25,12:39:00,Credit card,3.0,0.33
8184,M032,Tyler,Fashion accessories,$53,3.0,29/12/25,16:36:00,Credit card,5.0,0.48
8185,M038,Sugar Land,Home and lifestyle,$21,3.0,14/11/25,16:32:00,Credit card,4.0,0.48
8186,M087,Waxahachie,Fashion accessories,$53,2.0,14/12/25,16:50:00,Credit card,3.0,0.33
8187,M099,Weatherford,Home and lifestyle,$20,1.0,27/11/25,16:47:00,Credit card,7.0,0.18
8188,M038,Sugar Land,Fashion accessories,$21,3.0,26/12/25,9:49:00,Credit card,6.0,0.48
8189,M030,Richardson,Home and lifestyle,$28,2.0,16/12/25,13:30:00,Credit card,4.0,0.48
8190,M056,Rowlett,Fashion accessories,$20,3.0,24/11/25,12:32:00,Credit card,5.0,0.33
8191,M089,Southlake,Home and lifestyle,$65,1.0,12/12/25,16:15:00,Credit card,5.0,0.33
8192,M009,Plano,Fashion accessories,$53,1.0,21/12/25,6:06:00,Credit card,7.0,0.48
8193,M074,Weslaco,Home and lifestyle,$54,2.0,12/11/25,15:34:00,Credit card,4.0,0.33
8194,M050,Victoria,Fashion accessories,$63,3.0,05/12/25,15:32:00,Ewallet,6.0,0.48
8195,M009,Plano,Home and lifestyle,$75,2.0,02/11/25,15:34:00,Credit card,4.0,0.48
8196,M003,San Antonio,Fashion accessories,$21,3.0,12/12/25,6:08:00,Credit card,5.0,0.48
8197,M065,Texas City,Home and lifestyle,$73,2.0,25/11/25,8:49:00,Credit card,6.0,0.33
8198,M055,Waxahachie,Fashion accessories,$27,1.0,08/12/25,8:33:00,Credit card,7.0,0.33
8199,M087,Waxahachie,Home and lifestyle,$15,1.0,17/12/25,13:56:00,Credit card,4.0,0.33
8200,M056,Rowlett,Fashion accessories,$27,1.0,01/12/25,12:36:00,Credit card,4.0,0.33
8201,M003,San Antonio,Home and lifestyle,$81,2.0,22/11/25,10:34:00,Credit card,7.0,0.48
8202,M075,San Marcos,Fashion accessories,$29,2.0,23/12/25,13:31:00,Credit card,6.0,0.33
8203,M009,Plano,Home and lifestyle,$55,1.0,16/12/25,12:02:00,Credit card,7.0,0.48
8204,M025,Waco,Fashion accessories,$21,1.0,12/11/25,15:14:00,Credit card,7.0,0.48
8205,M025,Waco,Home and lifestyle,$41,1.0,02/11/25,15:08:00,Credit card,5.0,0.48
8206,M050,Victoria,Fashion accessories,$23,1.0,15/12/25,13:26:00,Ewallet,5.0,0.48
8207,M089,Southlake,Home and lifestyle,$41,2.0,24/12/25,10:52:00,Credit card,6.0,0.33
8208,M050,Victoria,Fashion accessories,$31,2.0,27/12/25,11:44:00,Ewallet,3.0,0.48
8209,M086,Rosenberg,Home and lifestyle,$75,2.0,22/12/25,13:47:00,Credit card,6.0,0.33
8210,M074,Weslaco,Fashion accessories,$54,3.0,19/11/25,13:04:00,Credit card,3.0,0.33
8211,M050,Victoria,Home and lifestyle,$82,3.0,08/11/25,8:27:00,Ewallet,5.0,0.48
8212,M055,Waxahachie,Fashion accessories,$32,2.0,25/12/25,11:03:00,Credit card,4.0,0.33
8213,M003,San Antonio,Home and lifestyle,$68,3.0,09/12/25,7:52:00,Credit card,4.0,0.48
8214,M054,Sherman,Fashion accessories,$51,1.0,03/11/25,12:53:00,Credit card,3.0,0.21
8215,M054,Sherman,Home and lifestyle,$63,3.0,29/12/25,16:12:00,Credit card,4.0,0.21
8216,M089,Southlake,Fashion accessories,$69,2.0,25/11/25,8:55:00,Credit card,5.0,0.33
8217,M056,Rowlett,Home and lifestyle,$57,2.0,11/12/25,12:08:00,Credit card,6.0,0.33
8218,M030,Richardson,Fashion accessories,$23,2.0,12/11/25,9:25:00,Credit card,7.0,0.48
8219,M046,Temple,Home and lifestyle,$31,1.0,29/12/25,14:15:00,Credit card,3.0,0.48
8220,M054,Sherman,Fashion accessories,$37,1.0,19/12/25,11:06:00,Credit card,6.0,0.21
8221,M087,Waxahachie,Home and lifestyle,$62,1.0,21/12/25,9:37:00,Credit card,3.0,0.33
8222,M086,Rosenberg,Fashion accessories,$71,3.0,10/12/25,9:58:00,Credit card,7.0,0.33
8223,M086,Rosenberg,Home and lifestyle,$39,2.0,26/11/25,7:07:00,Credit card,5.0,0.33
8224,M082,Weslaco,Fashion accessories,$22,3.0,16/11/25,16:41:00,Credit card,7.0,0.33
8225,M056,Rowlett,Home and lifestyle,$24,2.0,10/11/25,8:19:00,Credit card,6.0,0.33
8226,M086,Rosenberg,Fashion accessories,$71,3.0,17/11/25,13:08:00,Credit card,4.0,0.33
8227,M086,Rosenberg,Home and lifestyle,$18,1.0,18/12/25,8:24:00,Credit card,6.0,0.33
8228,M056,Rowlett,Fashion accessories,$15,3.0,17/11/25,10:42:00,Credit card,4.0,0.33
8229,M054,Sherman,Home and lifestyle,$84,3.0,13/11/25,15:17:00,Credit card,6.0,0.21
8230,M054,Sherman,Fashion accessories,$19,1.0,29/11/25,11:02:00,Credit card,5.0,0.21
8231,M075,San Marcos,Home and lifestyle,$16,1.0,05/12/25,15:53:00,Credit card,4.0,0.33
8232,M084,Schertz,Fashion accessories,$82,2.0,12/11/25,14:05:00,Credit card,4.0,0.33
8233,M065,Texas City,Home and lifestyle,$81,1.0,15/12/25,10:50:00,Credit card,3.0,0.33
8234,M038,Sugar Land,Fashion accessories,$59,3.0,13/12/25,11:53:00,Credit card,6.0,0.48
8235,M082,Weslaco,Home and lifestyle,$48,2.0,18/11/25,12:39:00,Credit card,4.0,0.33
8236,M030,Richardson,Fashion accessories,$43,1.0,14/12/25,16:21:00,Credit card,6.0,0.48
8237,M025,Waco,Home and lifestyle,$61,2.0,11/12/25,14:47:00,Credit card,3.0,0.48
8238,M025,Waco,Fashion accessories,$57,3.0,08/11/25,14:01:00,Credit card,6.0,0.48
8239,M029,Round Rock,Home and lifestyle,$45,1.0,05/12/25,7:37:00,Credit card,7.0,0.48
8240,M030,Richardson,Fashion accessories,$32,3.0,26/12/25,6:54:00,Credit card,7.0,0.48
8241,M087,Waxahachie,Home and lifestyle,$66,3.0,05/11/25,7:11:00,Credit card,6.0,0.33
8242,M099,Weatherford,Fashion accessories,$74,2.0,07/11/25,14:54:00,Credit card,7.0,0.18
8243,M050,Victoria,Home and lifestyle,$82,3.0,13/11/25,9:46:00,Ewallet,7.0,0.48
8244,M084,Schertz,Fashion accessories,$83,3.0,19/11/25,10:52:00,Credit card,6.0,0.33
8245,M099,Weatherford,Home and lifestyle,$16,3.0,12/11/25,14:27:00,Credit card,7.0,0.18
8246,M056,Rowlett,Fashion accessories,$31,3.0,29/12/25,11:17:00,Credit card,7.0,0.33
8247,M075,San Marcos,Home and lifestyle,$47,1.0,24/11/25,13:00:00,Credit card,4.0,0.33
8248,M038,Sugar Land,Fashion accessories,$60,2.0,06/11/25,16:50:00,Credit card,7.0,0.48
8249,M050,Victoria,Home and lifestyle,$42,2.0,04/12/25,11:37:00,Ewallet,3.0,0.48
8250,M082,Weslaco,Fashion accessories,$41,1.0,29/12/25,8:20:00,Credit card,4.0,0.33
8251,M055,Waxahachie,Home and lifestyle,$34,1.0,23/12/25,16:59:00,Credit card,7.0,0.33
8252,M058,Port Arthur,Fashion accessories,$34,1.0,23/12/25,10:44:00,Credit card,6.0,0.33
8253,M074,Weslaco,Home and lifestyle,$54,3.0,23/11/25,11:29:00,Credit card,4.0,0.33
8254,M089,Southlake,Fashion accessories,$73,2.0,26/12/25,15:19:00,Credit card,3.0,0.33
8255,M035,San Angelo,Home and lifestyle,$75,3.0,29/11/25,7:26:00,Credit card,5.0,0.48
8256,M087,Waxahachie,Fashion accessories,$52,2.0,18/12/25,13:23:00,Credit card,6.0,0.33
8257,M086,Rosenberg,Home and lifestyle,$41,1.0,07/12/25,8:07:00,Credit card,4.0,0.33
8258,M089,Southlake,Fashion accessories,$81,2.0,25/11/25,8:27:00,Credit card,5.0,0.33
8259,M030,Richardson,Home and lifestyle,$25,1.0,18/11/25,11:33:00,Credit card,3.0,0.48
8260,M030,Richardson,Fashion accessories,$82,2.0,20/12/25,7:38:00,Credit card,5.0,0.48
8261,M025,Waco,Home and lifestyle,$18,2.0,26/12/25,10:49:00,Credit card,7.0,0.48
8262,M058,Port Arthur,Fashion accessories,$70,3.0,28/11/25,12:50:00,Credit card,3.0,0.33
8263,M075,San Marcos,Home and lifestyle,$43,3.0,29/11/25,8:19:00,Credit card,6.0,0.33
8264,M099,Weatherford,Fashion accessories,$30,2.0,22/11/25,10:46:00,Credit card,7.0,0.18
8265,M084,Schertz,Home and lifestyle,$44,3.0,30/11/25,11:20:00,Credit card,7.0,0.33
8266,M065,Texas City,Fashion accessories,$15,3.0,27/12/25,8:09:00,Credit card,6.0,0.33
8267,M065,Texas City,Home and lifestyle,$35,2.0,05/12/25,15:33:00,Credit card,6.0,0.33
8268,M074,Weslaco,Fashion accessories,$24,2.0,03/12/25,8:39:00,Credit card,5.0,0.33
8269,M087,Waxahachie,Home and lifestyle,$25,2.0,25/12/25,16:10:00,Credit card,6.0,0.33
8270,M054,Sherman,Fashion accessories,$36,3.0,06/12/25,7:19:00,Credit card,4.0,0.21
8271,M065,Texas City,Home and lifestyle,$36,2.0,06/12/25,6:02:00,Credit card,5.0,0.33
8272,M050,Victoria,Fashion accessories,$82,2.0,21/11/25,6:34:00,Ewallet,6.0,0.48
8273,M030,Richardson,Home and lifestyle,$23,1.0,11/11/25,8:08:00,Credit card,7.0,0.48
8274,M065,Texas City,Fashion accessories,$73,2.0,07/12/25,15:21:00,Credit card,3.0,0.33
8275,M030,Richardson,Home and lifestyle,$25,1.0,14/11/25,11:05:00,Credit card,5.0,0.48
8276,M087,Waxahachie,Fashion accessories,$48,2.0,22/11/25,7:38:00,Credit card,3.0,0.33
8277,M069,Rockwall,Home and lifestyle,$34,2.0,30/12/25,10:22:00,Credit card,5.0,0.33
8278,M055,Waxahachie,Fashion accessories,$59,1.0,11/12/25,6:45:00,Credit card,4.0,0.33
8279,M055,Waxahachie,Home and lifestyle,$56,3.0,27/11/25,6:03:00,Credit card,5.0,0.33
8280,M046,Temple,Fashion accessories,$22,1.0,01/12/25,16:41:00,Credit card,4.0,0.48
8281,M056,Rowlett,Home and lifestyle,$39,3.0,01/12/25,14:41:00,Credit card,7.0,0.33
8282,M065,Texas City,Fashion accessories,$38,2.0,30/12/25,6:44:00,Credit card,4.0,0.33
8283,M086,Rosenberg,Home and lifestyle,$22,1.0,17/11/25,14:57:00,Credit card,4.0,0.33
8284,M029,Round Rock,Fashion accessories,$75,3.0,13/12/25,8:23:00,Credit card,3.0,0.48
8285,M075,San Marcos,Home and lifestyle,$19,3.0,05/12/25,15:53:00,Credit card,3.0,0.33
8286,M054,Sherman,Fashion accessories,$38,3.0,20/12/25,12:51:00,Credit card,3.0,0.21
8287,M054,Sherman,Home and lifestyle,$39,3.0,13/11/25,13:42:00,Credit card,4.0,0.21
8288,M003,San Antonio,Fashion accessories,$66,3.0,08/12/25,12:42:00,Credit card,6.0,0.48
8289,M065,Texas City,Home and lifestyle,$81,1.0,22/12/25,15:53:00,Credit card,6.0,0.33
8290,M055,Waxahachie,Fashion accessories,$41,1.0,16/11/25,12:39:00,Credit card,5.0,0.33
8291,M029,Round Rock,Home and lifestyle,$56,3.0,04/12/25,12:31:00,Credit card,5.0,0.48
8292,M087,Waxahachie,Fashion accessories,$35,1.0,18/11/25,7:26:00,Credit card,7.0,0.33
8293,M038,Sugar Land,Home and lifestyle,$16,1.0,01/12/25,12:19:00,Credit card,7.0,0.48
8294,M046,Temple,Fashion accessories,$34,3.0,17/11/25,9:15:00,Credit card,5.0,0.48
8295,M087,Waxahachie,Home and lifestyle,$46,3.0,29/12/25,8:05:00,Credit card,3.0,0.33
8296,M038,Sugar Land,Fashion accessories,$79,2.0,08/12/25,14:25:00,Credit card,7.0,0.48
8297,M074,Weslaco,Home and lifestyle,$57,1.0,07/12/25,6:41:00,Credit card,6.0,0.33
8298,M073,Seguin,Fashion accessories,$33,2.0,25/12/25,12:02:00,Credit card,3.0,0.33
8299,M086,Rosenberg,Home and lifestyle,$64,2.0,13/12/25,15:28:00,Credit card,6.0,0.33
8300,M050,Victoria,Fashion accessories,$38,1.0,03/12/25,13:11:00,Ewallet,7.0,0.48
8301,M074,Weslaco,Home and lifestyle,$41,1.0,10/12/25,12:30:00,Credit card,7.0,0.33
8302,M035,San Angelo,Fashion accessories,$57,3.0,30/12/25,10:38:00,Credit card,3.0,0.48
8303,M035,San Angelo,Home and lifestyle,$66,2.0,16/11/25,6:10:00,Credit card,4.0,0.48
8304,M046,Temple,Fashion accessories,$20,3.0,15/11/25,16:32:00,Credit card,6.0,0.48
8305,M046,Temple,Home and lifestyle,$56,1.0,02/11/25,12:22:00,Credit card,5.0,0.48
8306,M069,Rockwall,Fashion accessories,$32,1.0,18/11/25,11:51:00,Credit card,4.0,0.33
8307,M086,Rosenberg,Home and lifestyle,$55,1.0,22/12/25,8:38:00,Credit card,3.0,0.33
8308,M050,Victoria,Fashion accessories,$77,1.0,27/12/25,15:34:00,Ewallet,5.0,0.48
8309,M087,Waxahachie,Home and lifestyle,$59,3.0,25/11/25,7:05:00,Credit card,4.0,0.33
8310,M069,Rockwall,Fashion accessories,$17,1.0,23/11/25,7:39:00,Credit card,6.0,0.33
8311,M084,Schertz,Home and lifestyle,$47,2.0,03/12/25,15:07:00,Credit card,4.0,0.33
8312,M003,San Antonio,Fashion accessories,$26,2.0,11/11/25,8:47:00,Credit card,6.0,0.48
8313,M084,Schertz,Home and lifestyle,$45,2.0,22/12/25,11:37:00,Credit card,5.0,0.33
8314,M089,Southlake,Fashion accessories,$24,3.0,24/12/25,16:03:00,Credit card,4.0,0.33
8315,M054,Sherman,Home and lifestyle,$37,1.0,16/11/25,10:11:00,Credit card,3.0,0.21
8316,M058,Port Arthur,Fashion accessories,$51,1.0,27/12/25,6:53:00,Credit card,4.0,0.33
8317,M074,Weslaco,Home and lifestyle,$44,3.0,03/12/25,8:34:00,Credit card,7.0,0.33
8318,M089,Southlake,Fashion accessories,$58,1.0,01/12/25,8:22:00,Credit card,6.0,0.33
8319,M075,San Marcos,Home and lifestyle,$78,3.0,31/12/25,12:29:00,Credit card,4.0,0.33
8320,M046,Temple,Fashion accessories,$51,3.0,23/12/25,8:50:00,Credit card,3.0,0.48
8321,M009,Plano,Home and lifestyle,$52,1.0,16/11/25,15:17:00,Credit card,3.0,0.48
8322,M086,Rosenberg,Fashion accessories,$53,2.0,25/11/25,7:03:00,Credit card,6.0,0.33
8323,M089,Southlake,Home and lifestyle,$80,3.0,19/11/25,7:30:00,Credit card,6.0,0.33
8324,M058,Port Arthur,Fashion accessories,$34,2.0,17/11/25,8:56:00,Credit card,4.0,0.33
8325,M009,Plano,Home and lifestyle,$83,3.0,06/11/25,12:19:00,Credit card,6.0,0.48
8326,M065,Texas City,Fashion accessories,$65,1.0,03/11/25,7:14:00,Credit card,7.0,0.33
8327,M075,San Marcos,Home and lifestyle,$70,2.0,30/12/25,12:46:00,Credit card,6.0,0.33
8328,M086,Rosenberg,Fashion accessories,$42,2.0,01/12/25,8:21:00,Credit card,3.0,0.33
8329,M074,Weslaco,Home and lifestyle,$49,1.0,22/12/25,6:30:00,Credit card,3.0,0.33
8330,M009,Plano,Fashion accessories,$71,1.0,19/12/25,16:01:00,Credit card,5.0,0.48
8331,M050,Victoria,Home and lifestyle,$82,2.0,29/11/25,12:37:00,Ewallet,4.0,0.48
8332,M089,Southlake,Fashion accessories,$75,2.0,03/12/25,11:12:00,Credit card,4.0,0.33
8333,M074,Weslaco,Home and lifestyle,$65,3.0,04/12/25,6:56:00,Credit card,3.0,0.33
8334,M055,Waxahachie,Fashion accessories,$71,2.0,04/11/25,14:49:00,Credit card,7.0,0.33
8335,M029,Round Rock,Home and lifestyle,$55,3.0,15/12/25,14:17:00,Credit card,5.0,0.48
8336,M087,Waxahachie,Fashion accessories,$79,3.0,12/12/25,7:50:00,Credit card,6.0,0.33
8337,M058,Port Arthur,Home and lifestyle,$28,3.0,12/12/25,13:04:00,Credit card,6.0,0.33
8338,M099,Weatherford,Fashion accessories,$67,1.0,23/11/25,9:09:00,Credit card,5.0,0.18
8339,M030,Richardson,Home and lifestyle,$55,2.0,11/12/25,16:41:00,Credit card,6.0,0.48
8340,M029,Round Rock,Fashion accessories,$39,2.0,10/12/25,9:31:00,Credit card,4.0,0.48
8341,M058,Port Arthur,Home and lifestyle,$62,2.0,08/12/25,12:23:00,Credit card,4.0,0.33
8342,M046,Temple,Fashion accessories,$60,1.0,15/12/25,16:23:00,Credit card,7.0,0.48
8343,M003,San Antonio,Home and lifestyle,$19,2.0,09/12/25,6:03:00,Credit card,4.0,0.48
8344,M003,San Antonio,Fashion accessories,$19,1.0,24/11/25,16:07:00,Credit card,6.0,0.48
8345,M074,Weslaco,Home and lifestyle,$70,2.0,07/12/25,14:42:00,Credit card,6.0,0.33
8346,M087,Waxahachie,Fashion accessories,$65,1.0,04/12/25,6:48:00,Credit card,7.0,0.33
8347,M082,Weslaco,Home and lifestyle,$27,2.0,13/11/25,13:07:00,Credit card,4.0,0.33
8348,M075,San Marcos,Fashion accessories,$43,3.0,25/11/25,15:19:00,Credit card,6.0,0.33
8349,M032,Tyler,Home and lifestyle,$83,1.0,22/12/25,9:07:00,Credit card,7.0,0.48
8350,M055,Waxahachie,Fashion accessories,$49,2.0,01/12/25,14:46:00,Credit card,4.0,0.33
8351,M038,Sugar Land,Home and lifestyle,$79,3.0,19/11/25,9:22:00,Credit card,5.0,0.48
8352,M038,Sugar Land,Fashion accessories,$59,2.0,02/12/25,11:31:00,Credit card,7.0,0.48
8353,M058,Port Arthur,Home and lifestyle,$35,2.0,29/11/25,10:20:00,Credit card,6.0,0.33
8354,M032,Tyler,Fashion accessories,$85,3.0,10/12/25,15:00:00,Credit card,3.0,0.48
8355,M003,San Antonio,Home and lifestyle,$48,3.0,16/11/25,13:11:00,Credit card,5.0,0.48
8356,M086,Rosenberg,Fashion accessories,$25,2.0,16/12/25,14:08:00,Credit card,4.0,0.33
8357,M075,San Marcos,Home and lifestyle,$54,2.0,02/11/25,14:31:00,Credit card,6.0,0.33
8358,M069,Rockwall,Fashion accessories,$58,2.0,06/12/25,6:09:00,Credit card,5.0,0.33
8359,M082,Weslaco,Home and lifestyle,$45,2.0,01/12/25,8:48:00,Credit card,7.0,0.33
8360,M086,Rosenberg,Fashion accessories,$76,2.0,06/12/25,15:40:00,Credit card,6.0,0.33
8361,M056,Rowlett,Home and lifestyle,$39,1.0,24/12/25,13:32:00,Credit card,6.0,0.33
8362,M030,Richardson,Fashion accessories,$70,2.0,23/12/25,14:04:00,Credit card,6.0,0.48
8363,M025,Waco,Home and lifestyle,$52,2.0,30/12/25,13:10:00,Credit card,5.0,0.48
8364,M056,Rowlett,Fashion accessories,$68,1.0,03/12/25,7:43:00,Credit card,5.0,0.33
8365,M058,Port Arthur,Home and lifestyle,$55,1.0,26/12/25,12:45:00,Credit card,3.0,0.33
8366,M086,Rosenberg,Fashion accessories,$49,1.0,25/12/25,8:36:00,Credit card,6.0,0.33
8367,M029,Round Rock,Home and lifestyle,$58,3.0,17/12/25,10:19:00,Credit card,6.0,0.48
8368,M009,Plano,Fashion accessories,$45,3.0,06/12/25,6:35:00,Credit card,5.0,0.48
8369,M030,Richardson,Home and lifestyle,$51,3.0,15/12/25,6:18:00,Credit card,7.0,0.48
8370,M025,Waco,Fashion accessories,$67,1.0,27/11/25,11:40:00,Credit card,6.0,0.48
8371,M074,Weslaco,Home and lifestyle,$26,1.0,06/12/25,10:57:00,Credit card,3.0,0.33
8372,M046,Temple,Fashion accessories,$65,2.0,09/11/25,13:01:00,Credit card,5.0,0.48
8373,M038,Sugar Land,Home and lifestyle,$76,3.0,12/11/25,9:30:00,Credit card,7.0,0.48
8374,M056,Rowlett,Fashion accessories,$20,2.0,13/12/25,10:16:00,Credit card,4.0,0.33
8375,M032,Tyler,Home and lifestyle,$70,1.0,14/11/25,9:23:00,Credit card,3.0,0.48
8376,M073,Seguin,Fashion accessories,$29,3.0,18/12/25,7:15:00,Credit card,4.0,0.33
8377,M055,Waxahachie,Home and lifestyle,$33,2.0,03/12/25,10:37:00,Credit card,6.0,0.33
8378,M054,Sherman,Fashion accessories,$59,3.0,13/12/25,6:44:00,Credit card,3.0,0.21
8379,M086,Rosenberg,Home and lifestyle,$39,1.0,22/11/25,7:43:00,Credit card,7.0,0.33
8380,M087,Waxahachie,Fashion accessories,$76,2.0,16/12/25,9:12:00,Credit card,4.0,0.33
8381,M082,Weslaco,Home and lifestyle,$51,3.0,07/11/25,11:50:00,Credit card,3.0,0.33
8382,M046,Temple,Fashion accessories,$49,1.0,21/12/25,15:48:00,Credit card,3.0,0.48
8383,M009,Plano,Home and lifestyle,$25,3.0,06/11/25,10:37:00,Credit card,3.0,0.48
8384,M087,Waxahachie,Fashion accessories,$35,2.0,10/12/25,12:57:00,Credit card,6.0,0.33
8385,M038,Sugar Land,Home and lifestyle,$66,1.0,30/11/25,11:22:00,Credit card,6.0,0.48
8386,M058,Port Arthur,Fashion accessories,$46,2.0,20/11/25,14:16:00,Credit card,5.0,0.33
8387,M032,Tyler,Home and lifestyle,$17,3.0,26/12/25,16:37:00,Credit card,6.0,0.48
8388,M075,San Marcos,Fashion accessories,$54,1.0,05/12/25,10:29:00,Credit card,5.0,0.33
8389,M038,Sugar Land,Home and lifestyle,$23,1.0,15/12/25,8:25:00,Credit card,5.0,0.48
8390,M082,Weslaco,Fashion accessories,$61,3.0,08/11/25,16:07:00,Credit card,5.0,0.33
8391,M087,Waxahachie,Home and lifestyle,$71,3.0,15/12/25,16:36:00,Credit card,4.0,0.33
8392,M073,Seguin,Fashion accessories,$51,3.0,02/11/25,12:40:00,Credit card,3.0,0.33
8393,M046,Temple,Home and lifestyle,$84,3.0,10/12/25,10:14:00,Credit card,6.0,0.48
8394,M069,Rockwall,Fashion accessories,$69,2.0,02/11/25,15:20:00,Credit card,5.0,0.33
8395,M058,Port Arthur,Home and lifestyle,$60,1.0,06/11/25,13:25:00,Credit card,6.0,0.33
8396,M087,Waxahachie,Fashion accessories,$22,2.0,12/11/25,10:32:00,Credit card,5.0,0.33
8397,M030,Richardson,Home and lifestyle,$51,1.0,24/12/25,6:34:00,Credit card,6.0,0.48
8398,M030,Richardson,Fashion accessories,$47,1.0,05/12/25,15:35:00,Credit card,4.0,0.48
8399,M056,Rowlett,Home and lifestyle,$18,2.0,26/12/25,16:42:00,Credit card,3.0,0.33
8400,M009,Plano,Fashion accessories,$54,2.0,17/11/25,7:49:00,Credit card,7.0,0.48
8401,M074,Weslaco,Home and lifestyle,$62,2.0,19/12/25,6:49:00,Credit card,6.0,0.33
8402,M086,Rosenberg,Fashion accessories,$21,1.0,10/11/25,15:38:00,Credit card,7.0,0.33
8403,M025,Waco,Home and lifestyle,$18,1.0,06/11/25,14:12:00,Credit card,4.0,0.48
8404,M050,Victoria,Fashion accessories,$20,2.0,13/12/25,9:06:00,Ewallet,4.0,0.48
8405,M035,San Angelo,Home and lifestyle,$61,3.0,07/11/25,16:35:00,Credit card,4.0,0.48
8406,M038,Sugar Land,Fashion accessories,$37,3.0,26/11/25,8:10:00,Credit card,6.0,0.48
8407,M058,Port Arthur,Home and lifestyle,$49,1.0,17/12/25,14:44:00,Credit card,6.0,0.33
8408,M055,Waxahachie,Fashion accessories,$73,2.0,25/12/25,15:48:00,Credit card,3.0,0.33
8409,M054,Sherman,Home and lifestyle,$66,3.0,15/11/25,7:21:00,Credit card,6.0,0.21
8410,M089,Southlake,Fashion accessories,$41,2.0,29/12/25,7:37:00,Credit card,7.0,0.33
8411,M073,Seguin,Home and lifestyle,$28,2.0,06/11/25,8:25:00,Credit card,5.0,0.33
8412,M075,San Marcos,Fashion accessories,$72,1.0,12/12/25,12:56:00,Credit card,5.0,0.33
8413,M030,Richardson,Home and lifestyle,$50,2.0,06/12/25,6:17:00,Credit card,4.0,0.48
8414,M035,San Angelo,Fashion accessories,$76,2.0,25/11/25,11:19:00,Credit card,3.0,0.48
8415,M038,Sugar Land,Home and lifestyle,$18,1.0,09/11/25,14:38:00,Credit card,4.0,0.48
8416,M009,Plano,Fashion accessories,$39,1.0,23/11/25,16:45:00,Credit card,4.0,0.48
8417,M009,Plano,Home and lifestyle,$42,2.0,16/11/25,6:37:00,Credit card,7.0,0.48
8418,M087,Waxahachie,Fashion accessories,$17,3.0,14/11/25,6:53:00,Credit card,3.0,0.33
8419,M087,Waxahachie,Home and lifestyle,$32,1.0,06/11/25,9:03:00,Credit card,5.0,0.33
8420,M082,Weslaco,Fashion accessories,$38,2.0,02/12/25,6:42:00,Credit card,5.0,0.33
8421,M086,Rosenberg,Home and lifestyle,$41,1.0,30/11/25,10:21:00,Credit card,6.0,0.33
8422,M009,Plano,Fashion accessories,$29,1.0,07/11/25,14:51:00,Credit card,3.0,0.48
8423,M075,San Marcos,Home and lifestyle,$35,3.0,16/12/25,7:47:00,Credit card,4.0,0.33
8424,M065,Texas City,Fashion accessories,$18,1.0,17/12/25,7:15:00,Credit card,7.0,0.33
8425,M073,Seguin,Home and lifestyle,$57,2.0,11/12/25,12:26:00,Credit card,7.0,0.33
8426,M056,Rowlett,Fashion accessories,$70,2.0,19/11/25,12:11:00,Credit card,4.0,0.33
8427,M025,Waco,Home and lifestyle,$52,1.0,06/11/25,13:29:00,Credit card,5.0,0.48
8428,M058,Port Arthur,Fashion accessories,$27,3.0,17/11/25,11:06:00,Credit card,7.0,0.33
8429,M038,Sugar Land,Home and lifestyle,$37,3.0,27/12/25,6:19:00,Credit card,3.0,0.48
8430,M055,Waxahachie,Fashion accessories,$16,2.0,01/12/25,12:24:00,Credit card,4.0,0.33
8431,M054,Sherman,Home and lifestyle,$35,1.0,21/11/25,10:17:00,Credit card,3.0,0.21
8432,M035,San Angelo,Fashion accessories,$73,2.0,16/11/25,11:14:00,Credit card,3.0,0.48
8433,M025,Waco,Home and lifestyle,$50,2.0,26/12/25,16:31:00,Credit card,4.0,0.48
8434,M030,Richardson,Fashion accessories,$63,1.0,13/11/25,16:33:00,Credit card,4.0,0.48
8435,M089,Southlake,Home and lifestyle,$61,3.0,01/12/25,11:56:00,Credit card,6.0,0.33
8436,M082,Weslaco,Fashion accessories,$15,1.0,26/11/25,16:12:00,Credit card,7.0,0.33
8437,M082,Weslaco,Home and lifestyle,$78,3.0,02/12/25,6:09:00,Credit card,6.0,0.33
8438,M075,San Marcos,Fashion accessories,$64,2.0,20/12/25,13:24:00,Credit card,7.0,0.33
8439,M003,San Antonio,Home and lifestyle,$19,3.0,04/12/25,10:00:00,Credit card,7.0,0.48
8440,M087,Waxahachie,Fashion accessories,$28,1.0,16/12/25,7:53:00,Credit card,3.0,0.33
8441,M054,Sherman,Home and lifestyle,$72,2.0,05/12/25,15:04:00,Credit card,3.0,0.21
8442,M074,Weslaco,Fashion accessories,$50,2.0,29/12/25,11:12:00,Credit card,5.0,0.33
8443,M082,Weslaco,Home and lifestyle,$18,1.0,16/11/25,16:07:00,Credit card,4.0,0.33
8444,M069,Rockwall,Fashion accessories,$29,2.0,18/11/25,9:17:00,Credit card,7.0,0.33
8445,M029,Round Rock,Home and lifestyle,$83,3.0,30/11/25,8:34:00,Credit card,6.0,0.48
8446,M038,Sugar Land,Fashion accessories,$35,2.0,14/11/25,15:02:00,Credit card,5.0,0.48
8447,M056,Rowlett,Home and lifestyle,$25,3.0,03/11/25,14:13:00,Credit card,3.0,0.33
8448,M069,Rockwall,Fashion accessories,$26,1.0,17/11/25,8:29:00,Credit card,6.0,0.33
8449,M065,Texas City,Home and lifestyle,$55,2.0,25/11/25,10:39:00,Credit card,3.0,0.33
8450,M046,Temple,Fashion accessories,$26,2.0,03/12/25,10:51:00,Credit card,3.0,0.48
8451,M058,Port Arthur,Home and lifestyle,$17,3.0,02/11/25,14:06:00,Credit card,5.0,0.33
8452,M030,Richardson,Fashion accessories,$16,3.0,19/11/25,6:30:00,Credit card,4.0,0.48
8453,M030,Richardson,Home and lifestyle,$34,1.0,12/12/25,7:50:00,Credit card,3.0,0.48
8454,M065,Texas City,Fashion accessories,$33,3.0,03/11/25,7:08:00,Credit card,5.0,0.33
8455,M084,Schertz,Home and lifestyle,$34,3.0,01/11/25,9:08:00,Credit card,6.0,0.33
8456,M025,Waco,Fashion accessories,$85,3.0,10/11/25,9:49:00,Credit card,4.0,0.48
8457,M050,Victoria,Home and lifestyle,$51,3.0,16/12/25,13:07:00,Ewallet,6.0,0.48
8458,M009,Plano,Fashion accessories,$57,1.0,28/12/25,16:58:00,Credit card,5.0,0.48
8459,M086,Rosenberg,Home and lifestyle,$40,2.0,21/12/25,10:30:00,Credit card,5.0,0.33
8460,M089,Southlake,Fashion accessories,$25,3.0,22/11/25,6:05:00,Credit card,4.0,0.33
8461,M074,Weslaco,Home and lifestyle,$35,2.0,17/12/25,6:55:00,Credit card,7.0,0.33
8462,M050,Victoria,Fashion accessories,$16,3.0,25/12/25,16:13:00,Ewallet,7.0,0.48
8463,M089,Southlake,Home and lifestyle,$38,2.0,10/12/25,15:59:00,Credit card,3.0,0.33
8464,M069,Rockwall,Fashion accessories,$64,2.0,10/12/25,15:58:00,Credit card,5.0,0.33
8465,M050,Victoria,Home and lifestyle,$66,2.0,27/12/25,14:20:00,Ewallet,6.0,0.48
8466,M029,Round Rock,Fashion accessories,$26,2.0,23/12/25,9:44:00,Credit card,5.0,0.48
8467,M029,Round Rock,Home and lifestyle,$38,2.0,18/11/25,15:32:00,Credit card,6.0,0.48
8468,M029,Round Rock,Fashion accessories,$19,2.0,03/12/25,6:21:00,Credit card,7.0,0.48
8469,M084,Schertz,Home and lifestyle,$32,3.0,01/12/25,16:48:00,Credit card,7.0,0.33
8470,M056,Rowlett,Fashion accessories,$36,3.0,02/11/25,15:22:00,Credit card,5.0,0.33
8471,M089,Southlake,Home and lifestyle,$15,1.0,26/12/25,13:32:00,Credit card,3.0,0.33
8472,M058,Port Arthur,Fashion accessories,$51,3.0,23/11/25,8:53:00,Credit card,5.0,0.33
8473,M050,Victoria,Home and lifestyle,$19,3.0,16/12/25,14:09:00,Ewallet,3.0,0.48
8474,M003,San Antonio,Fashion accessories,$31,3.0,14/11/25,9:23:00,Credit card,3.0,0.48
8475,M046,Temple,Home and lifestyle,$63,1.0,05/12/25,13:45:00,Credit card,6.0,0.48
8476,M073,Seguin,Fashion accessories,$24,1.0,02/12/25,16:02:00,Credit card,5.0,0.33
8477,M046,Temple,Home and lifestyle,$40,3.0,03/11/25,15:00:00,Credit card,7.0,0.48
8478,M073,Seguin,Fashion accessories,$73,1.0,24/12/25,11:09:00,Credit card,7.0,0.33
8479,M084,Schertz,Home and lifestyle,$47,2.0,11/11/25,14:34:00,Credit card,6.0,0.33
8480,M003,San Antonio,Fashion accessories,$65,1.0,25/12/25,12:18:00,Credit card,4.0,0.48
8481,M009,Plano,Home and lifestyle,$85,1.0,18/11/25,10:58:00,Credit card,3.0,0.48
8482,M046,Temple,Fashion accessories,$48,2.0,15/12/25,15:23:00,Credit card,3.0,0.48
8483,M099,Weatherford,Home and lifestyle,$56,1.0,22/12/25,11:11:00,Credit card,5.0,0.18
8484,M056,Rowlett,Fashion accessories,$42,1.0,13/12/25,6:07:00,Credit card,5.0,0.33
8485,M074,Weslaco,Home and lifestyle,$38,1.0,08/11/25,11:14:00,Credit card,6.0,0.33
8486,M054,Sherman,Fashion accessories,$28,3.0,23/12/25,16:31:00,Credit card,4.0,0.21
8487,M032,Tyler,Home and lifestyle,$63,1.0,13/12/25,14:53:00,Credit card,7.0,0.48
8488,M073,Seguin,Fashion accessories,$33,3.0,11/12/25,13:46:00,Credit card,7.0,0.33
8489,M099,Weatherford,Home and lifestyle,$57,1.0,08/12/25,6:36:00,Credit card,5.0,0.18
8490,M029,Round Rock,Fashion accessories,$69,1.0,19/11/25,13:54:00,Credit card,5.0,0.48
8491,M074,Weslaco,Home and lifestyle,$42,1.0,05/12/25,8:07:00,Credit card,3.0,0.33
8492,M025,Waco,Fashion accessories,$69,2.0,23/11/25,7:08:00,Credit card,5.0,0.48
8493,M058,Port Arthur,Home and lifestyle,$85,3.0,12/12/25,8:15:00,Credit card,3.0,0.33
8494,M050,Victoria,Fashion accessories,$47,2.0,08/12/25,9:46:00,Ewallet,7.0,0.48
8495,M056,Rowlett,Home and lifestyle,$73,1.0,13/11/25,6:19:00,Credit card,4.0,0.33
8496,M009,Plano,Fashion accessories,$31,1.0,05/11/25,12:01:00,Credit card,5.0,0.48
8497,M069,Rockwall,Home and lifestyle,$29,3.0,18/12/25,13:01:00,Credit card,5.0,0.33
8498,M055,Waxahachie,Fashion accessories,$80,3.0,24/11/25,7:39:00,Credit card,4.0,0.33
8499,M038,Sugar Land,Home and lifestyle,$31,3.0,03/12/25,7:36:00,Credit card,4.0,0.48
8500,M058,Port Arthur,Fashion accessories,$66,3.0,05/12/25,14:10:00,Credit card,5.0,0.33
8501,M082,Weslaco,Home and lifestyle,$57,2.0,12/12/25,9:44:00,Credit card,7.0,0.33
8502,M084,Schertz,Fashion accessories,$23,1.0,25/12/25,16:54:00,Credit card,7.0,0.33
8503,M003,San Antonio,Home and lifestyle,$62,1.0,18/11/25,14:55:00,Credit card,4.0,0.48
8504,M087,Waxahachie,Fashion accessories,$46,1.0,12/12/25,15:17:00,Credit card,7.0,0.33
8505,M099,Weatherford,Home and lifestyle,$55,2.0,21/11/25,9:16:00,Credit card,7.0,0.18
8506,M029,Round Rock,Fashion accessories,$60,2.0,30/11/25,16:03:00,Credit card,7.0,0.48
8507,M038,Sugar Land,Home and lifestyle,$53,1.0,27/12/25,7:05:00,Credit card,6.0,0.48
8508,M009,Plano,Fashion accessories,$39,2.0,25/12/25,13:57:00,Credit card,6.0,0.48
8509,M075,San Marcos,Home and lifestyle,$32,1.0,29/12/25,9:16:00,Credit card,7.0,0.33
8510,M050,Victoria,Fashion accessories,$71,3.0,26/12/25,10:22:00,Ewallet,3.0,0.48
8511,M075,San Marcos,Home and lifestyle,$40,2.0,29/11/25,15:26:00,Credit card,3.0,0.33
8512,M050,Victoria,Fashion accessories,$20,2.0,27/11/25,15:51:00,Ewallet,5.0,0.48
8513,M086,Rosenberg,Home and lifestyle,$37,3.0,16/12/25,8:00:00,Credit card,7.0,0.33
8514,M058,Port Arthur,Fashion accessories,$81,2.0,01/12/25,10:47:00,Credit card,4.0,0.33
8515,M056,Rowlett,Home and lifestyle,$49,3.0,15/12/25,11:51:00,Credit card,3.0,0.33
8516,M084,Schertz,Fashion accessories,$29,1.0,25/11/25,10:46:00,Credit card,5.0,0.33
8517,M058,Port Arthur,Home and lifestyle,$65,1.0,31/12/25,7:58:00,Credit card,5.0,0.33
8518,M030,Richardson,Fashion accessories,$80,3.0,22/11/25,10:34:00,Credit card,5.0,0.48
8519,M029,Round Rock,Home and lifestyle,$45,1.0,06/11/25,9:38:00,Credit card,7.0,0.48
8520,M058,Port Arthur,Fashion accessories,$15,3.0,25/11/25,6:37:00,Credit card,4.0,0.33
8521,M029,Round Rock,Home and lifestyle,$35,2.0,03/11/25,16:57:00,Credit card,4.0,0.48
8522,M082,Weslaco,Fashion accessories,$25,3.0,02/12/25,9:25:00,Credit card,3.0,0.33
8523,M009,Plano,Home and lifestyle,$51,2.0,22/12/25,9:11:00,Credit card,5.0,0.48
8524,M009,Plano,Fashion accessories,$83,1.0,30/11/25,8:06:00,Credit card,3.0,0.48
8525,M082,Weslaco,Home and lifestyle,$65,1.0,16/11/25,16:48:00,Credit card,7.0,0.33
8526,M084,Schertz,Fashion accessories,$16,3.0,22/11/25,13:14:00,Credit card,6.0,0.33
8527,M035,San Angelo,Home and lifestyle,$18,1.0,19/11/25,10:35:00,Credit card,7.0,0.48
8528,M086,Rosenberg,Fashion accessories,$39,2.0,01/11/25,7:11:00,Credit card,4.0,0.33
8529,M032,Tyler,Home and lifestyle,$70,2.0,15/11/25,13:58:00,Credit card,3.0,0.48
8530,M009,Plano,Fashion accessories,$63,3.0,10/11/25,10:38:00,Credit card,6.0,0.48
8531,M032,Tyler,Home and lifestyle,$67,3.0,01/11/25,9:31:00,Credit card,4.0,0.48
8532,M038,Sugar Land,Fashion accessories,$35,3.0,04/12/25,9:21:00,Credit card,6.0,0.48
8533,M029,Round Rock,Home and lifestyle,$50,1.0,18/11/25,13:42:00,Credit card,4.0,0.48
8534,M050,Victoria,Fashion accessories,$15,3.0,10/11/25,11:22:00,Ewallet,7.0,0.48
8535,M058,Port Arthur,Home and lifestyle,$30,1.0,06/12/25,12:49:00,Credit card,5.0,0.33
8536,M038,Sugar Land,Fashion accessories,$29,3.0,20/12/25,16:12:00,Credit card,3.0,0.48
8537,M025,Waco,Home and lifestyle,$60,3.0,10/12/25,9:10:00,Credit card,6.0,0.48
8538,M054,Sherman,Fashion accessories,$29,1.0,17/12/25,9:12:00,Credit card,6.0,0.21
8539,M089,Southlake,Home and lifestyle,$19,3.0,19/12/25,7:14:00,Credit card,5.0,0.33
8540,M003,San Antonio,Fashion accessories,$81,3.0,14/12/25,16:20:00,Credit card,3.0,0.48
8541,M025,Waco,Home and lifestyle,$71,1.0,29/12/25,12:26:00,Credit card,3.0,0.48
8542,M009,Plano,Fashion accessories,$65,1.0,24/11/25,8:11:00,Credit card,5.0,0.48
8543,M058,Port Arthur,Home and lifestyle,$66,3.0,20/12/25,14:43:00,Credit card,6.0,0.33
8544,M058,Port Arthur,Fashion accessories,$55,1.0,27/12/25,13:39:00,Credit card,5.0,0.33
8545,M035,San Angelo,Home and lifestyle,$80,2.0,19/12/25,10:04:00,Credit card,5.0,0.48
8546,M082,Weslaco,Fashion accessories,$69,2.0,26/11/25,15:48:00,Credit card,4.0,0.33
8547,M029,Round Rock,Home and lifestyle,$60,2.0,27/12/25,12:53:00,Credit card,5.0,0.48
8548,M074,Weslaco,Fashion accessories,$46,1.0,15/11/25,6:31:00,Credit card,6.0,0.33
8549,M030,Richardson,Home and lifestyle,$66,3.0,08/12/25,14:06:00,Credit card,7.0,0.48
8550,M032,Tyler,Fashion accessories,$26,3.0,18/12/25,8:11:00,Credit card,5.0,0.48
8551,M050,Victoria,Home and lifestyle,$59,3.0,28/11/25,7:21:00,Ewallet,6.0,0.48
8552,M074,Weslaco,Fashion accessories,$23,3.0,26/11/25,15:14:00,Credit card,4.0,0.33
8553,M073,Seguin,Home and lifestyle,$46,3.0,08/11/25,13:06:00,Credit card,7.0,0.33
8554,M084,Schertz,Fashion accessories,$76,2.0,26/12/25,8:35:00,Credit card,5.0,0.33
8555,M058,Port Arthur,Home and lifestyle,$29,2.0,21/12/25,10:19:00,Credit card,4.0,0.33
8556,M065,Texas City,Fashion accessories,$64,2.0,27/11/25,11:35:00,Credit card,6.0,0.33
8557,M075,San Marcos,Home and lifestyle,$53,3.0,10/11/25,11:34:00,Credit card,5.0,0.33
8558,M055,Waxahachie,Fashion accessories,$36,3.0,14/11/25,10:20:00,Credit card,4.0,0.33
8559,M089,Southlake,Home and lifestyle,$50,1.0,04/12/25,11:50:00,Credit card,5.0,0.33
8560,M009,Plano,Fashion accessories,$71,2.0,01/11/25,11:09:00,Credit card,7.0,0.48
8561,M074,Weslaco,Home and lifestyle,$85,1.0,30/12/25,11:39:00,Credit card,6.0,0.33
8562,M009,Plano,Fashion accessories,$54,2.0,19/12/25,13:35:00,Credit card,5.0,0.48
8563,M050,Victoria,Home and lifestyle,$32,3.0,25/11/25,8:01:00,Ewallet,6.0,0.48
8564,M084,Schertz,Fashion accessories,$55,1.0,17/11/25,15:56:00,Cash,5.0,0.33
8565,M029,Round Rock,Home and lifestyle,$43,3.0,29/11/25,12:33:00,Cash,6.0,0.48
8566,M046,Temple,Fashion accessories,$77,2.0,11/12/25,8:08:00,Cash,5.0,0.48
8567,M073,Seguin,Home and lifestyle,$45,2.0,30/11/25,9:24:00,Cash,6.0,0.33
8568,M089,Southlake,Fashion accessories,$80,3.0,12/11/25,13:17:00,Cash,7.0,0.33
8569,M082,Weslaco,Home and lifestyle,$57,1.0,07/11/25,6:38:00,Cash,6.0,0.33
8570,M075,San Marcos,Fashion accessories,$50,3.0,20/12/25,6:22:00,Cash,5.0,0.33
8571,M054,Sherman,Home and lifestyle,$76,2.0,18/12/25,10:43:00,Cash,5.0,0.21
8572,M050,Victoria,Fashion accessories,$23,2.0,14/11/25,11:22:00,Ewallet,7.0,0.48
8573,M025,Waco,Home and lifestyle,$63,1.0,29/12/25,12:53:00,Cash,5.0,0.48
8574,M074,Weslaco,Fashion accessories,$73,2.0,18/11/25,12:17:00,Cash,4.0,0.33
8575,M029,Round Rock,Home and lifestyle,$55,3.0,28/11/25,16:42:00,Cash,4.0,0.48
8576,M089,Southlake,Fashion accessories,$37,3.0,05/12/25,16:03:00,Cash,7.0,0.33
8577,M030,Richardson,Home and lifestyle,$69,3.0,01/12/25,6:35:00,Cash,5.0,0.48
8578,M089,Southlake,Fashion accessories,$64,2.0,13/11/25,7:15:00,Cash,3.0,0.33
8579,M086,Rosenberg,Home and lifestyle,$65,1.0,25/11/25,10:39:00,Cash,5.0,0.33
8580,M035,San Angelo,Fashion accessories,$46,3.0,23/12/25,14:32:00,Cash,3.0,0.48
8581,M055,Waxahachie,Home and lifestyle,$17,1.0,16/11/25,8:16:00,Cash,7.0,0.33
8582,M025,Waco,Fashion accessories,$80,3.0,09/12/25,6:57:00,Cash,3.0,0.48
8583,M065,Texas City,Home and lifestyle,$18,3.0,04/11/25,12:46:00,Cash,6.0,0.33
8584,M082,Weslaco,Fashion accessories,$59,2.0,17/11/25,12:39:00,Cash,5.0,0.33
8585,M032,Tyler,Home and lifestyle,$74,2.0,06/12/25,6:50:00,Cash,5.0,0.48
8586,M029,Round Rock,Fashion accessories,$85,3.0,06/12/25,9:39:00,Cash,4.0,0.48
8587,M046,Temple,Home and lifestyle,$46,1.0,09/11/25,7:22:00,Cash,6.0,0.48
8588,M099,Weatherford,Fashion accessories,$28,3.0,19/12/25,6:08:00,Cash,6.0,0.18
8589,M086,Rosenberg,Home and lifestyle,$37,3.0,21/11/25,13:08:00,Cash,4.0,0.33
8590,M084,Schertz,Fashion accessories,$17,3.0,08/12/25,7:01:00,Cash,3.0,0.33
8591,M032,Tyler,Home and lifestyle,$22,3.0,18/11/25,11:58:00,Cash,5.0,0.48
8592,M082,Weslaco,Fashion accessories,$53,3.0,11/12/25,12:20:00,Cash,7.0,0.33
8593,M075,San Marcos,Home and lifestyle,$43,3.0,06/12/25,9:48:00,Cash,3.0,0.33
8594,M032,Tyler,Fashion accessories,$65,1.0,20/12/25,11:28:00,Cash,4.0,0.48
8595,M058,Port Arthur,Home and lifestyle,$60,2.0,26/11/25,15:23:00,Cash,3.0,0.33
8596,M058,Port Arthur,Fashion accessories,$61,1.0,14/11/25,8:58:00,Cash,4.0,0.33
8597,M082,Weslaco,Home and lifestyle,$71,2.0,01/12/25,15:52:00,Cash,4.0,0.33
8598,M030,Richardson,Fashion accessories,$78,1.0,09/12/25,8:14:00,Cash,3.0,0.48
8599,M073,Seguin,Home and lifestyle,$21,3.0,18/12/25,9:01:00,Cash,7.0,0.33
8600,M084,Schertz,Fashion accessories,$84,1.0,05/12/25,7:48:00,Cash,3.0,0.33
8601,M082,Weslaco,Home and lifestyle,$79,2.0,30/12/25,6:21:00,Cash,5.0,0.33
8602,M029,Round Rock,Fashion accessories,$62,3.0,12/11/25,13:25:00,Cash,3.0,0.48
8603,M038,Sugar Land,Home and lifestyle,$48,2.0,11/12/25,10:54:00,Cash,6.0,0.48
8604,M003,San Antonio,Fashion accessories,$38,3.0,31/12/25,6:20:00,Cash,4.0,0.48
8605,M099,Weatherford,Home and lifestyle,$45,3.0,16/12/25,16:31:00,Cash,3.0,0.18
8606,M073,Seguin,Fashion accessories,$56,1.0,25/11/25,10:49:00,Cash,7.0,0.33
8607,M099,Weatherford,Home and lifestyle,$58,1.0,04/12/25,12:47:00,Cash,5.0,0.18
8608,M030,Richardson,Fashion accessories,$69,2.0,23/11/25,14:20:00,Cash,6.0,0.48
8609,M073,Seguin,Home and lifestyle,$34,3.0,23/11/25,11:35:00,Cash,7.0,0.33
8610,M029,Round Rock,Fashion accessories,$65,1.0,16/11/25,12:13:00,Cash,6.0,0.48
8611,M069,Rockwall,Home and lifestyle,$80,2.0,08/12/25,11:00:00,Cash,4.0,0.33
8612,M086,Rosenberg,Fashion accessories,$31,3.0,26/12/25,9:25:00,Cash,3.0,0.33
8613,M075,San Marcos,Home and lifestyle,$63,3.0,02/11/25,6:10:00,Cash,7.0,0.33
8614,M056,Rowlett,Fashion accessories,$69,3.0,31/12/25,10:11:00,Cash,7.0,0.33
8615,M074,Weslaco,Home and lifestyle,$83,1.0,31/12/25,8:58:00,Cash,4.0,0.33
8616,M038,Sugar Land,Fashion accessories,$48,3.0,06/12/25,7:08:00,Cash,3.0,0.48
8617,M099,Weatherford,Home and lifestyle,$69,1.0,20/11/25,7:37:00,Cash,7.0,0.18
8618,M089,Southlake,Fashion accessories,$41,3.0,22/11/25,9:09:00,Cash,6.0,0.33
8619,M030,Richardson,Home and lifestyle,$70,1.0,17/12/25,8:36:00,Cash,5.0,0.48
8620,M050,Victoria,Fashion accessories,$68,3.0,13/12/25,11:08:00,Ewallet,6.0,0.48
8621,M038,Sugar Land,Home and lifestyle,$38,2.0,18/11/25,11:14:00,Cash,5.0,0.48
8622,M032,Tyler,Fashion accessories,$85,1.0,06/11/25,16:34:00,Cash,4.0,0.48
8623,M038,Sugar Land,Home and lifestyle,$66,2.0,22/11/25,13:54:00,Cash,5.0,0.48
8624,M050,Victoria,Fashion accessories,$18,1.0,15/12/25,15:14:00,Ewallet,7.0,0.48
8625,M058,Port Arthur,Home and lifestyle,$57,2.0,07/11/25,6:57:00,Cash,5.0,0.33
8626,M032,Tyler,Fashion accessories,$78,3.0,01/12/25,9:23:00,Cash,4.0,0.48
8627,M050,Victoria,Home and lifestyle,$31,2.0,27/11/25,7:33:00,Ewallet,3.0,0.48
8628,M089,Southlake,Fashion accessories,$40,3.0,13/11/25,16:34:00,Cash,5.0,0.33
8629,M029,Round Rock,Home and lifestyle,$38,3.0,17/12/25,7:49:00,Cash,5.0,0.48
8630,M084,Schertz,Fashion accessories,$56,3.0,06/11/25,11:14:00,Cash,3.0,0.33
8631,M089,Southlake,Home and lifestyle,$25,2.0,27/11/25,10:12:00,Cash,4.0,0.33
8632,M055,Waxahachie,Fashion accessories,$38,3.0,09/11/25,11:03:00,Cash,6.0,0.33
8633,M003,San Antonio,Home and lifestyle,$50,3.0,17/11/25,16:50:00,Cash,5.0,0.48
8634,M065,Texas City,Fashion accessories,$36,1.0,02/12/25,12:50:00,Cash,7.0,0.33
8635,M069,Rockwall,Home and lifestyle,$33,1.0,26/12/25,12:19:00,Cash,3.0,0.33
8636,M038,Sugar Land,Fashion accessories,$15,1.0,26/12/25,8:09:00,Cash,7.0,0.48
8637,M084,Schertz,Home and lifestyle,$37,1.0,12/11/25,6:02:00,Cash,3.0,0.33
8638,M046,Temple,Fashion accessories,$63,3.0,08/11/25,6:59:00,Cash,3.0,0.48
8639,M025,Waco,Home and lifestyle,$81,1.0,24/11/25,9:51:00,Cash,4.0,0.48
8640,M074,Weslaco,Fashion accessories,$40,3.0,24/11/25,13:34:00,Cash,5.0,0.33
8641,M056,Rowlett,Home and lifestyle,$58,3.0,03/12/25,7:48:00,Cash,5.0,0.33
8642,M055,Waxahachie,Fashion accessories,$23,2.0,07/11/25,14:36:00,Cash,4.0,0.33
8643,M099,Weatherford,Home and lifestyle,$41,2.0,09/12/25,16:23:00,Cash,3.0,0.18
8644,M046,Temple,Fashion accessories,$83,3.0,23/11/25,7:23:00,Cash,6.0,0.48
8645,M082,Weslaco,Home and lifestyle,$30,2.0,19/12/25,13:38:00,Cash,5.0,0.33
8646,M038,Sugar Land,Fashion accessories,$26,1.0,09/12/25,11:10:00,Cash,4.0,0.48
8647,M074,Weslaco,Home and lifestyle,$83,3.0,14/12/25,6:21:00,Cash,5.0,0.33
8648,M035,San Angelo,Fashion accessories,$30,2.0,28/11/25,15:07:00,Cash,6.0,0.48
8649,M065,Texas City,Home and lifestyle,$80,1.0,03/12/25,12:20:00,Cash,3.0,0.33
8650,M086,Rosenberg,Fashion accessories,$48,1.0,25/12/25,13:35:00,Cash,7.0,0.33
8651,M038,Sugar Land,Home and lifestyle,$70,1.0,10/12/25,16:58:00,Cash,6.0,0.48
8652,M087,Waxahachie,Fashion accessories,$29,1.0,24/11/25,11:22:00,Cash,7.0,0.33
8653,M050,Victoria,Home and lifestyle,$39,3.0,18/11/25,10:29:00,Ewallet,3.0,0.48
8654,M035,San Angelo,Fashion accessories,$32,3.0,05/12/25,6:38:00,Cash,6.0,0.48
8655,M056,Rowlett,Home and lifestyle,$72,2.0,16/12/25,10:21:00,Cash,7.0,0.33
8656,M029,Round Rock,Fashion accessories,$18,2.0,25/12/25,15:36:00,Cash,5.0,0.48
8657,M009,Plano,Home and lifestyle,$41,2.0,11/12/25,6:07:00,Cash,4.0,0.48
8658,M025,Waco,Fashion accessories,$36,3.0,25/12/25,16:15:00,Cash,7.0,0.48
8659,M099,Weatherford,Home and lifestyle,$18,1.0,01/12/25,13:00:00,Cash,7.0,0.18
8660,M074,Weslaco,Fashion accessories,$24,2.0,11/11/25,6:20:00,Cash,4.0,0.33
8661,M073,Seguin,Home and lifestyle,$64,3.0,23/12/25,11:55:00,Cash,5.0,0.33
8662,M046,Temple,Fashion accessories,$59,3.0,17/11/25,6:45:00,Cash,5.0,0.48
8663,M030,Richardson,Home and lifestyle,$48,2.0,09/12/25,12:57:00,Cash,5.0,0.48
8664,M058,Port Arthur,Fashion accessories,$53,2.0,18/12/25,9:53:00,Cash,6.0,0.33
8665,M087,Waxahachie,Home and lifestyle,$67,3.0,19/11/25,6:05:00,Cash,3.0,0.33
8666,M032,Tyler,Fashion accessories,$71,2.0,10/12/25,16:32:00,Cash,3.0,0.48
8667,M084,Schertz,Home and lifestyle,$81,2.0,02/12/25,16:33:00,Cash,6.0,0.33
8668,M089,Southlake,Fashion accessories,$72,1.0,30/11/25,8:34:00,Cash,7.0,0.33
8669,M038,Sugar Land,Home and lifestyle,$79,3.0,15/11/25,12:36:00,Cash,6.0,0.48
8670,M069,Rockwall,Fashion accessories,$58,3.0,11/12/25,15:45:00,Cash,3.0,0.33
8671,M086,Rosenberg,Home and lifestyle,$35,2.0,22/12/25,14:37:00,Cash,7.0,0.33
8672,M084,Schertz,Fashion accessories,$72,1.0,12/11/25,12:36:00,Cash,3.0,0.33
8673,M087,Waxahachie,Home and lifestyle,$69,2.0,09/12/25,7:45:00,Cash,6.0,0.33
8674,M099,Weatherford,Fashion accessories,$37,1.0,10/11/25,14:39:00,Cash,6.0,0.18
8675,M029,Round Rock,Home and lifestyle,$34,2.0,22/12/25,16:47:00,Cash,7.0,0.48
8676,M035,San Angelo,Fashion accessories,$30,3.0,29/11/25,10:14:00,Cash,5.0,0.48
8677,M030,Richardson,Home and lifestyle,$40,2.0,13/11/25,11:12:00,Cash,5.0,0.48
8678,M009,Plano,Fashion accessories,$39,2.0,28/11/25,11:06:00,Cash,3.0,0.48
8679,M074,Weslaco,Home and lifestyle,$69,1.0,19/11/25,15:40:00,Cash,6.0,0.33
8680,M009,Plano,Fashion accessories,$33,1.0,17/12/25,15:14:00,Cash,5.0,0.48
8681,M084,Schertz,Home and lifestyle,$76,1.0,05/11/25,12:31:00,Cash,5.0,0.33
8682,M065,Texas City,Fashion accessories,$46,3.0,18/11/25,7:53:00,Cash,3.0,0.33
8683,M025,Waco,Home and lifestyle,$80,1.0,24/12/25,15:12:00,Cash,3.0,0.48
8684,M009,Plano,Fashion accessories,$57,2.0,25/12/25,16:34:00,Cash,4.0,0.48
8685,M032,Tyler,Home and lifestyle,$59,1.0,17/11/25,13:30:00,Cash,5.0,0.48
8686,M054,Sherman,Fashion accessories,$82,2.0,30/11/25,12:43:00,Cash,6.0,0.21
8687,M058,Port Arthur,Home and lifestyle,$18,2.0,02/11/25,11:58:00,Cash,4.0,0.33
8688,M065,Texas City,Fashion accessories,$32,1.0,24/12/25,10:02:00,Cash,6.0,0.33
8689,M099,Weatherford,Home and lifestyle,$34,3.0,10/12/25,12:35:00,Cash,5.0,0.18
8690,M082,Weslaco,Fashion accessories,$59,2.0,22/11/25,6:46:00,Cash,4.0,0.33
8691,M084,Schertz,Home and lifestyle,$20,1.0,16/12/25,10:17:00,Cash,7.0,0.33
8692,M030,Richardson,Fashion accessories,$79,3.0,25/11/25,12:48:00,Cash,3.0,0.48
8693,M054,Sherman,Home and lifestyle,$81,2.0,12/11/25,10:38:00,Cash,3.0,0.21
8694,M075,San Marcos,Fashion accessories,$36,3.0,01/12/25,14:21:00,Cash,4.0,0.33
8695,M055,Waxahachie,Home and lifestyle,$64,3.0,03/12/25,9:05:00,Cash,4.0,0.33
8696,M065,Texas City,Fashion accessories,$21,2.0,31/12/25,14:44:00,Cash,6.0,0.33
8697,M069,Rockwall,Home and lifestyle,$79,3.0,11/12/25,10:12:00,Cash,5.0,0.33
8698,M009,Plano,Fashion accessories,$73,1.0,21/11/25,15:10:00,Cash,3.0,0.48
8699,M035,San Angelo,Home and lifestyle,$46,3.0,20/12/25,7:18:00,Cash,4.0,0.48
8700,M029,Round Rock,Fashion accessories,$59,1.0,05/11/25,11:47:00,Cash,5.0,0.48
8701,M089,Southlake,Home and lifestyle,$54,3.0,15/11/25,10:08:00,Cash,3.0,0.33
8702,M030,Richardson,Fashion accessories,$55,2.0,12/11/25,14:09:00,Cash,5.0,0.48
8703,M038,Sugar Land,Home and lifestyle,$32,1.0,20/11/25,7:20:00,Cash,7.0,0.48
8704,M035,San Angelo,Fashion accessories,$30,3.0,26/12/25,10:50:00,Cash,3.0,0.48
8705,M087,Waxahachie,Home and lifestyle,$37,3.0,05/11/25,8:35:00,Cash,5.0,0.33
8706,M086,Rosenberg,Fashion accessories,$28,2.0,11/11/25,14:21:00,Cash,3.0,0.33
8707,M086,Rosenberg,Home and lifestyle,$70,1.0,17/11/25,9:54:00,Cash,6.0,0.33
8708,M003,San Antonio,Fashion accessories,$75,3.0,04/12/25,15:39:00,Cash,5.0,0.48
8709,M082,Weslaco,Home and lifestyle,$85,2.0,01/12/25,16:47:00,Cash,7.0,0.33
8710,M030,Richardson,Fashion accessories,$71,2.0,12/12/25,12:38:00,Cash,4.0,0.48
8711,M069,Rockwall,Home and lifestyle,$67,2.0,27/12/25,14:40:00,Cash,3.0,0.33
8712,M073,Seguin,Fashion accessories,$71,2.0,20/12/25,10:35:00,Cash,3.0,0.33
8713,M069,Rockwall,Home and lifestyle,$46,3.0,18/12/25,13:24:00,Cash,6.0,0.33
8714,M086,Rosenberg,Fashion accessories,$30,2.0,29/12/25,6:59:00,Cash,4.0,0.33
8715,M084,Schertz,Home and lifestyle,$62,3.0,06/12/25,10:56:00,Cash,6.0,0.33
8716,M038,Sugar Land,Fashion accessories,$51,2.0,11/11/25,12:03:00,Cash,7.0,0.48
8717,M032,Tyler,Home and lifestyle,$65,2.0,16/12/25,6:36:00,Cash,6.0,0.48
8718,M099,Weatherford,Fashion accessories,$17,3.0,11/11/25,16:32:00,Cash,5.0,0.18
8719,M087,Waxahachie,Home and lifestyle,$69,3.0,28/11/25,10:26:00,Cash,3.0,0.33
8720,M032,Tyler,Fashion accessories,$30,2.0,18/12/25,11:12:00,Cash,3.0,0.48
8721,M003,San Antonio,Home and lifestyle,$25,1.0,14/11/25,9:56:00,Cash,5.0,0.48
8722,M054,Sherman,Fashion accessories,$23,1.0,01/12/25,11:38:00,Cash,6.0,0.21
8723,M030,Richardson,Home and lifestyle,$23,3.0,25/12/25,14:53:00,Cash,6.0,0.48
8724,M084,Schertz,Fashion accessories,$58,3.0,20/11/25,7:32:00,Cash,7.0,0.33
8725,M050,Victoria,Home and lifestyle,$73,1.0,19/12/25,9:06:00,Ewallet,5.0,0.48
8726,M082,Weslaco,Fashion accessories,$52,1.0,17/12/25,7:56:00,Cash,6.0,0.33
8727,M003,San Antonio,Home and lifestyle,$54,2.0,05/11/25,10:53:00,Cash,4.0,0.48
8728,M084,Schertz,Fashion accessories,$35,3.0,28/11/25,12:33:00,Cash,5.0,0.33
8729,M038,Sugar Land,Home and lifestyle,$85,1.0,13/12/25,15:37:00,Cash,5.0,0.48
8730,M054,Sherman,Fashion accessories,$75,2.0,21/12/25,10:03:00,Cash,6.0,0.21
8731,M029,Round Rock,Home and lifestyle,$45,3.0,07/11/25,9:28:00,Cash,3.0,0.48
8732,M046,Temple,Fashion accessories,$33,1.0,21/11/25,12:15:00,Cash,6.0,0.48
8733,M030,Richardson,Home and lifestyle,$56,2.0,10/11/25,14:27:00,Cash,6.0,0.48
8734,M032,Tyler,Fashion accessories,$85,1.0,03/12/25,6:23:00,Cash,7.0,0.48
8735,M084,Schertz,Home and lifestyle,$26,2.0,06/12/25,14:13:00,Cash,7.0,0.33
8736,M003,San Antonio,Fashion accessories,$15,1.0,27/12/25,15:33:00,Cash,4.0,0.48
8737,M087,Waxahachie,Home and lifestyle,$34,3.0,31/12/25,14:04:00,Cash,7.0,0.33
8738,M030,Richardson,Fashion accessories,$20,2.0,18/11/25,6:02:00,Cash,7.0,0.48
8739,M054,Sherman,Home and lifestyle,$42,3.0,23/11/25,6:01:00,Cash,6.0,0.21
8740,M099,Weatherford,Fashion accessories,$43,2.0,29/12/25,15:42:00,Cash,6.0,0.18
8741,M055,Waxahachie,Home and lifestyle,$20,3.0,14/12/25,7:07:00,Cash,7.0,0.33
8742,M089,Southlake,Fashion accessories,$83,1.0,02/11/25,15:45:00,Cash,5.0,0.33
8743,M069,Rockwall,Home and lifestyle,$53,3.0,22/11/25,12:38:00,Cash,5.0,0.33
8744,M046,Temple,Fashion accessories,$17,3.0,12/11/25,9:42:00,Cash,5.0,0.48
8745,M032,Tyler,Home and lifestyle,$26,1.0,16/11/25,11:10:00,Cash,4.0,0.48
8746,M084,Schertz,Fashion accessories,$38,2.0,25/11/25,7:50:00,Cash,6.0,0.33
8747,M003,San Antonio,Home and lifestyle,$63,3.0,08/11/25,7:41:00,Cash,7.0,0.48
8748,M046,Temple,Fashion accessories,$57,2.0,27/11/25,15:47:00,Cash,4.0,0.48
8749,M074,Weslaco,Home and lifestyle,$34,2.0,08/11/25,16:25:00,Cash,5.0,0.33
8750,M099,Weatherford,Fashion accessories,$20,2.0,29/12/25,6:52:00,Cash,6.0,0.18
8751,M087,Waxahachie,Home and lifestyle,$62,1.0,24/11/25,8:56:00,Cash,4.0,0.33
8752,M065,Texas City,Fashion accessories,$30,2.0,04/12/25,7:11:00,Cash,3.0,0.33
8753,M065,Texas City,Home and lifestyle,$64,1.0,11/11/25,9:26:00,Cash,5.0,0.33
8754,M055,Waxahachie,Fashion accessories,$34,2.0,02/12/25,7:42:00,Cash,4.0,0.33
8755,M038,Sugar Land,Home and lifestyle,$44,1.0,01/12/25,13:40:00,Cash,3.0,0.48
8756,M073,Seguin,Fashion accessories,$45,2.0,07/11/25,6:20:00,Cash,6.0,0.33
8757,M058,Port Arthur,Home and lifestyle,$15,1.0,29/11/25,7:16:00,Cash,4.0,0.33
8758,M087,Waxahachie,Fashion accessories,$42,3.0,18/11/25,12:48:00,Cash,5.0,0.33
8759,M025,Waco,Home and lifestyle,$72,3.0,19/11/25,10:44:00,Cash,4.0,0.48
8760,M035,San Angelo,Fashion accessories,$55,1.0,23/12/25,6:47:00,Cash,5.0,0.48
8761,M065,Texas City,Home and lifestyle,$18,3.0,06/11/25,6:08:00,Cash,3.0,0.33
8762,M086,Rosenberg,Fashion accessories,$51,2.0,13/11/25,11:31:00,Cash,6.0,0.33
8763,M075,San Marcos,Home and lifestyle,$46,1.0,01/11/25,7:22:00,Cash,4.0,0.33
8764,M055,Waxahachie,Fashion accessories,$42,3.0,30/11/25,11:35:00,Cash,3.0,0.33
8765,M073,Seguin,Home and lifestyle,$23,3.0,01/12/25,13:50:00,Cash,3.0,0.33
8766,M029,Round Rock,Fashion accessories,$15,2.0,14/11/25,15:18:00,Cash,6.0,0.48
8767,M038,Sugar Land,Home and lifestyle,$27,3.0,06/12/25,14:35:00,Cash,6.0,0.48
8768,M054,Sherman,Fashion accessories,$49,2.0,25/11/25,15:25:00,Cash,4.0,0.21
8769,M084,Schertz,Home and lifestyle,$59,3.0,12/12/25,11:33:00,Cash,3.0,0.33
8770,M029,Round Rock,Fashion accessories,$74,2.0,20/11/25,9:17:00,Cash,6.0,0.48
8771,M055,Waxahachie,Home and lifestyle,$74,2.0,29/12/25,8:59:00,Cash,7.0,0.33
8772,M035,San Angelo,Fashion accessories,$79,2.0,30/11/25,12:07:00,Cash,3.0,0.48
8773,M054,Sherman,Home and lifestyle,$75,3.0,17/11/25,11:51:00,Cash,6.0,0.21
8774,M058,Port Arthur,Fashion accessories,$73,1.0,08/11/25,14:25:00,Cash,6.0,0.33
8775,M074,Weslaco,Home and lifestyle,$84,2.0,18/12/25,11:57:00,Cash,6.0,0.33
8776,M054,Sherman,Fashion accessories,$35,1.0,28/12/25,11:07:00,Cash,6.0,0.21
8777,M032,Tyler,Home and lifestyle,$62,1.0,01/12/25,11:27:00,Cash,4.0,0.48
8778,M009,Plano,Fashion accessories,$45,2.0,04/12/25,11:06:00,Cash,5.0,0.48
8779,M074,Weslaco,Home and lifestyle,$77,3.0,08/12/25,16:39:00,Cash,3.0,0.33
8780,M029,Round Rock,Fashion accessories,$29,3.0,07/12/25,14:24:00,Cash,3.0,0.48
8781,M073,Seguin,Home and lifestyle,$73,1.0,02/12/25,11:33:00,Cash,5.0,0.33
8782,M058,Port Arthur,Fashion accessories,$20,2.0,21/12/25,15:09:00,Cash,3.0,0.33
8783,M089,Southlake,Home and lifestyle,$48,1.0,17/12/25,6:43:00,Cash,7.0,0.33
8784,M086,Rosenberg,Fashion accessories,$18,2.0,26/11/25,15:58:00,Cash,6.0,0.33
8785,M050,Victoria,Home and lifestyle,$35,3.0,03/12/25,14:26:00,Credit card,3.0,0.48
8786,M084,Schertz,Fashion accessories,$77,1.0,24/11/25,13:33:00,Cash,3.0,0.33
8787,M069,Rockwall,Home and lifestyle,$83,1.0,09/11/25,7:41:00,Cash,3.0,0.33
8788,M003,San Antonio,Fashion accessories,$84,2.0,09/11/25,16:41:00,Cash,3.0,0.48
8789,M058,Port Arthur,Home and lifestyle,$47,1.0,23/12/25,16:57:00,Cash,4.0,0.33
8790,M035,San Angelo,Fashion accessories,$58,2.0,07/11/25,9:12:00,Cash,4.0,0.48
8791,M099,Weatherford,Home and lifestyle,$22,2.0,04/11/25,10:12:00,Cash,7.0,0.18
8792,M084,Schertz,Fashion accessories,$66,1.0,05/12/25,15:33:00,Cash,7.0,0.33
8793,M065,Texas City,Home and lifestyle,$71,3.0,24/12/25,7:23:00,Cash,4.0,0.33
8794,M003,San Antonio,Fashion accessories,$74,2.0,14/12/25,10:14:00,Cash,6.0,0.48
8795,M087,Waxahachie,Home and lifestyle,$84,3.0,07/12/25,9:44:00,Cash,6.0,0.33
8796,M073,Seguin,Fashion accessories,$38,3.0,13/12/25,16:59:00,Cash,6.0,0.33
8797,M056,Rowlett,Home and lifestyle,$84,1.0,09/12/25,8:39:00,Cash,3.0,0.33
8798,M074,Weslaco,Fashion accessories,$21,1.0,25/12/25,12:06:00,Cash,5.0,0.33
8799,M030,Richardson,Home and lifestyle,$48,1.0,19/11/25,11:07:00,Cash,3.0,0.48
8800,M087,Waxahachie,Fashion accessories,$64,1.0,28/11/25,14:50:00,Cash,7.0,0.33
8801,M003,San Antonio,Home and lifestyle,$82,3.0,14/11/25,16:17:00,Cash,7.0,0.48
8802,M084,Schertz,Fashion accessories,$64,3.0,04/11/25,8:32:00,Cash,6.0,0.33
8803,M055,Waxahachie,Home and lifestyle,$60,3.0,08/11/25,8:29:00,Cash,5.0,0.33
8804,M084,Schertz,Fashion accessories,$65,2.0,15/11/25,7:31:00,Cash,4.0,0.33
8805,M086,Rosenberg,Home and lifestyle,$83,1.0,16/12/25,10:57:00,Cash,6.0,0.33
8806,M003,San Antonio,Fashion accessories,$71,3.0,09/11/25,13:25:00,Cash,6.0,0.48
8807,M065,Texas City,Home and lifestyle,$24,1.0,04/11/25,16:09:00,Cash,4.0,0.33
8808,M003,San Antonio,Fashion accessories,$42,2.0,26/12/25,11:23:00,Cash,4.0,0.48
8809,M089,Southlake,Home and lifestyle,$28,3.0,06/11/25,6:49:00,Cash,4.0,0.33
8810,M056,Rowlett,Fashion accessories,$28,2.0,03/11/25,9:17:00,Cash,4.0,0.33
8811,M003,San Antonio,Home and lifestyle,$67,1.0,18/12/25,12:25:00,Cash,7.0,0.48
8812,M009,Plano,Fashion accessories,$81,1.0,19/12/25,7:19:00,Cash,3.0,0.48
8813,M038,Sugar Land,Home and lifestyle,$32,2.0,11/11/25,15:41:00,Cash,3.0,0.48
8814,M058,Port Arthur,Fashion accessories,$62,2.0,07/11/25,14:43:00,Cash,4.0,0.33
8815,M029,Round Rock,Home and lifestyle,$78,1.0,10/11/25,9:21:00,Cash,5.0,0.48
8816,M084,Schertz,Fashion accessories,$57,3.0,27/12/25,10:04:00,Cash,4.0,0.33
8817,M055,Waxahachie,Home and lifestyle,$34,1.0,02/12/25,8:11:00,Cash,4.0,0.33
8818,M086,Rosenberg,Fashion accessories,$47,2.0,09/11/25,14:10:00,Cash,3.0,0.33
8819,M086,Rosenberg,Home and lifestyle,$84,2.0,15/11/25,11:05:00,Cash,6.0,0.33
8820,M069,Rockwall,Fashion accessories,$73,3.0,01/12/25,15:29:00,Cash,5.0,0.33
8821,M084,Schertz,Home and lifestyle,$65,1.0,21/11/25,7:13:00,Cash,5.0,0.33
8822,M058,Port Arthur,Fashion accessories,$61,2.0,10/11/25,10:45:00,Cash,6.0,0.33
8823,M075,San Marcos,Home and lifestyle,$36,2.0,19/11/25,14:13:00,Cash,4.0,0.33
8824,M087,Waxahachie,Fashion accessories,$56,2.0,06/11/25,11:10:00,Cash,3.0,0.33
8825,M073,Seguin,Home and lifestyle,$21,1.0,20/11/25,6:40:00,Cash,5.0,0.33
8826,M035,San Angelo,Fashion accessories,$36,2.0,01/11/25,12:17:00,Cash,6.0,0.48
8827,M030,Richardson,Home and lifestyle,$57,2.0,20/11/25,8:30:00,Cash,4.0,0.48
8828,M084,Schertz,Fashion accessories,$70,2.0,19/11/25,15:10:00,Cash,3.0,0.33
8829,M003,San Antonio,Home and lifestyle,$50,2.0,24/12/25,12:28:00,Cash,7.0,0.48
8830,M056,Rowlett,Fashion accessories,$21,3.0,10/11/25,11:48:00,Cash,3.0,0.33
8831,M073,Seguin,Home and lifestyle,$69,2.0,07/12/25,9:58:00,Cash,7.0,0.33
8832,M030,Richardson,Fashion accessories,$78,2.0,20/11/25,12:39:00,Cash,6.0,0.48
8833,M082,Weslaco,Home and lifestyle,$46,2.0,18/11/25,8:46:00,Cash,7.0,0.33
8834,M038,Sugar Land,Fashion accessories,$43,1.0,14/12/25,16:37:00,Cash,4.0,0.48
8835,M032,Tyler,Home and lifestyle,$71,1.0,13/12/25,10:14:00,Cash,7.0,0.48
8836,M056,Rowlett,Fashion accessories,$40,3.0,16/12/25,11:21:00,Cash,6.0,0.33
8837,M075,San Marcos,Home and lifestyle,$52,2.0,22/12/25,16:09:00,Cash,6.0,0.33
8838,M087,Waxahachie,Fashion accessories,$83,1.0,08/11/25,16:29:00,Cash,7.0,0.33
8839,M025,Waco,Home and lifestyle,$37,3.0,21/11/25,15:15:00,Cash,7.0,0.48
8840,M065,Texas City,Fashion accessories,$15,1.0,20/11/25,16:23:00,Cash,3.0,0.33
8841,M038,Sugar Land,Home and lifestyle,$52,1.0,19/12/25,6:58:00,Cash,4.0,0.48
8842,M035,San Angelo,Fashion accessories,$24,3.0,04/11/25,13:17:00,Cash,4.0,0.48
8843,M054,Sherman,Home and lifestyle,$39,3.0,01/11/25,7:16:00,Cash,6.0,0.21
8844,M073,Seguin,Fashion accessories,$77,2.0,01/11/25,14:58:00,Cash,4.0,0.33
8845,M030,Richardson,Home and lifestyle,$69,3.0,25/12/25,12:26:00,Cash,4.0,0.48
8846,M055,Waxahachie,Fashion accessories,$63,1.0,15/11/25,15:13:00,Cash,6.0,0.33
8847,M032,Tyler,Home and lifestyle,$67,2.0,17/12/25,10:22:00,Cash,5.0,0.48
8848,M073,Seguin,Fashion accessories,$17,3.0,05/11/25,15:00:00,Cash,4.0,0.33
8849,M035,San Angelo,Home and lifestyle,$38,1.0,08/12/25,13:30:00,Cash,7.0,0.48
8850,M035,San Angelo,Fashion accessories,$64,2.0,09/11/25,8:50:00,Cash,6.0,0.48
8851,M032,Tyler,Home and lifestyle,$60,2.0,01/12/25,15:42:00,Cash,7.0,0.48
8852,M046,Temple,Fashion accessories,$20,2.0,23/11/25,16:05:00,Cash,3.0,0.48
8853,M054,Sherman,Home and lifestyle,$26,1.0,10/11/25,14:53:00,Cash,6.0,0.21
8854,M074,Weslaco,Fashion accessories,$62,2.0,12/11/25,14:37:00,Cash,5.0,0.33
8855,M058,Port Arthur,Home and lifestyle,$46,2.0,21/11/25,7:38:00,Cash,5.0,0.33
8856,M009,Plano,Fashion accessories,$25,2.0,01/12/25,9:16:00,Cash,4.0,0.48
8857,M050,Victoria,Home and lifestyle,$76,2.0,17/12/25,12:41:00,Credit card,3.0,0.48
8858,M089,Southlake,Fashion accessories,$51,3.0,11/11/25,6:10:00,Cash,4.0,0.33
8859,M073,Seguin,Home and lifestyle,$71,2.0,24/12/25,13:39:00,Cash,3.0,0.33
8860,M038,Sugar Land,Fashion accessories,$51,2.0,05/12/25,10:19:00,Cash,4.0,0.48
8861,M009,Plano,Home and lifestyle,$64,2.0,15/11/25,14:12:00,Cash,5.0,0.48
8862,M086,Rosenberg,Fashion accessories,$58,2.0,07/09/25,13:37:00,Cash,6.0,0.33
8863,M069,Rockwall,Home and lifestyle,$84,3.0,27/07/25,10:54:00,Cash,6.0,0.33
8864,M075,San Marcos,Fashion accessories,$25,2.0,24/07/25,15:46:00,Cash,5.0,0.33
8865,M099,Weatherford,Home and lifestyle,$17,3.0,13/04/25,14:30:00,Cash,5.0,0.18
8866,M099,Weatherford,Fashion accessories,$61,3.0,26/04/25,13:25:00,Cash,5.0,0.18
8867,M084,Schertz,Home and lifestyle,$34,2.0,07/08/25,16:55:00,Cash,4.0,0.33
8868,M038,Sugar Land,Fashion accessories,$72,1.0,15/10/25,9:31:00,Cash,3.0,0.48
8869,M082,Weslaco,Home and lifestyle,$64,3.0,17/06/25,7:25:00,Cash,6.0,0.33
8870,M073,Seguin,Fashion accessories,$57,1.0,15/09/25,8:36:00,Cash,4.0,0.33
8871,M055,Waxahachie,Home and lifestyle,$34,3.0,06/01/25,10:52:00,Cash,3.0,0.33
8872,M030,Richardson,Fashion accessories,$24,1.0,16/03/25,11:38:00,Cash,7.0,0.48
8873,M086,Rosenberg,Home and lifestyle,$58,3.0,01/02/25,14:34:00,Cash,6.0,0.33
8874,M003,San Antonio,Fashion accessories,$52,2.0,08/03/25,6:47:00,Cash,6.0,0.48
8875,M069,Rockwall,Home and lifestyle,$15,1.0,24/09/25,10:23:00,Cash,3.0,0.33
8876,M058,Port Arthur,Fashion accessories,$61,3.0,17/12/25,16:32:00,Cash,6.0,0.33
8877,M084,Schertz,Home and lifestyle,$41,1.0,15/07/25,9:17:00,Cash,7.0,0.33
8878,M099,Weatherford,Fashion accessories,$48,2.0,04/04/25,13:15:00,Cash,3.0,0.18
8879,M050,Victoria,Home and lifestyle,$36,3.0,14/06/25,13:15:00,Credit card,4.0,0.48
8880,M058,Port Arthur,Fashion accessories,$57,2.0,15/09/25,16:11:00,Cash,6.0,0.33
8881,M046,Temple,Home and lifestyle,$56,3.0,21/09/25,8:24:00,Cash,3.0,0.48
8882,M032,Tyler,Fashion accessories,$54,3.0,09/03/25,11:54:00,Cash,7.0,0.48
8883,M082,Weslaco,Home and lifestyle,$27,1.0,23/09/25,10:41:00,Cash,5.0,0.33
8884,M087,Waxahachie,Fashion accessories,$68,1.0,17/12/25,6:18:00,Cash,3.0,0.33
8885,M065,Texas City,Home and lifestyle,$28,1.0,27/11/25,12:53:00,Cash,3.0,0.33
8886,M054,Sherman,Fashion accessories,$42,1.0,26/08/25,8:25:00,Cash,7.0,0.21
8887,M056,Rowlett,Home and lifestyle,$80,2.0,09/04/25,10:26:00,Cash,7.0,0.33
8888,M075,San Marcos,Fashion accessories,$68,3.0,27/10/25,10:38:00,Cash,6.0,0.33
8889,M038,Sugar Land,Home and lifestyle,$37,2.0,15/02/25,7:32:00,Cash,3.0,0.48
8890,M069,Rockwall,Fashion accessories,$82,1.0,02/04/25,9:08:00,Cash,4.0,0.33
8891,M032,Tyler,Home and lifestyle,$53,2.0,05/01/25,16:07:00,Cash,5.0,0.48
8892,M029,Round Rock,Fashion accessories,$48,1.0,30/04/25,10:21:00,Cash,3.0,0.48
8893,M050,Victoria,Home and lifestyle,$63,3.0,14/12/25,11:08:00,Credit card,5.0,0.48
8894,M054,Sherman,Fashion accessories,$17,3.0,22/08/25,8:23:00,Cash,6.0,0.21
8895,M038,Sugar Land,Home and lifestyle,$81,1.0,02/03/25,13:29:00,Cash,6.0,0.48
8896,M025,Waco,Fashion accessories,$42,2.0,01/08/25,15:12:00,Cash,7.0,0.48
8897,M089,Southlake,Home and lifestyle,$53,2.0,01/10/25,7:10:00,Cash,3.0,0.33
8898,M035,San Angelo,Fashion accessories,$81,1.0,19/05/25,10:38:00,Cash,5.0,0.48
8899,M099,Weatherford,Home and lifestyle,$58,3.0,01/10/25,11:16:00,Cash,5.0,0.18
8900,M054,Sherman,Fashion accessories,$83,3.0,16/11/25,9:33:00,Cash,3.0,0.21
8901,M009,Plano,Home and lifestyle,$36,3.0,26/09/25,10:48:00,Cash,4.0,0.48
8902,M046,Temple,Fashion accessories,$41,1.0,25/12/25,8:50:00,Cash,4.0,0.48
8903,M086,Rosenberg,Home and lifestyle,$23,3.0,29/12/25,10:58:00,Cash,3.0,0.33
8904,M074,Weslaco,Fashion accessories,$82,2.0,20/01/25,10:04:00,Cash,4.0,0.33
8905,M073,Seguin,Home and lifestyle,$36,1.0,04/06/25,16:31:00,Cash,3.0,0.33
8906,M065,Texas City,Fashion accessories,$34,3.0,11/06/25,11:20:00,Cash,4.0,0.33
8907,M075,San Marcos,Home and lifestyle,$38,2.0,13/07/25,13:41:00,Cash,6.0,0.33
8908,M075,San Marcos,Fashion accessories,$83,1.0,24/07/25,10:27:00,Cash,5.0,0.33
8909,M029,Round Rock,Home and lifestyle,$52,1.0,23/06/25,9:55:00,Cash,6.0,0.48
8910,M069,Rockwall,Fashion accessories,$35,3.0,02/11/25,9:14:00,Cash,3.0,0.33
8911,M029,Round Rock,Home and lifestyle,$62,2.0,03/03/25,7:02:00,Cash,3.0,0.48
8912,M035,San Angelo,Fashion accessories,$74,3.0,01/05/25,14:47:00,Cash,3.0,0.48
8913,M038,Sugar Land,Home and lifestyle,$22,1.0,27/07/25,14:32:00,Cash,5.0,0.48
8914,M025,Waco,Fashion accessories,$85,1.0,09/05/25,13:16:00,Cash,5.0,0.48
8915,M003,San Antonio,Home and lifestyle,$35,1.0,02/03/25,8:47:00,Cash,5.0,0.48
8916,M099,Weatherford,Fashion accessories,$55,2.0,11/04/25,14:06:00,Cash,4.0,0.18
8917,M099,Weatherford,Home and lifestyle,$28,2.0,28/06/25,16:09:00,Cash,7.0,0.18
8918,M032,Tyler,Fashion accessories,$69,3.0,18/12/25,9:57:00,Cash,6.0,0.48
8919,M075,San Marcos,Home and lifestyle,$64,3.0,22/03/25,16:18:00,Cash,3.0,0.33
8920,M029,Round Rock,Fashion accessories,$79,3.0,19/02/25,10:16:00,Cash,6.0,0.48
8921,M003,San Antonio,Home and lifestyle,$60,2.0,26/06/25,9:27:00,Cash,4.0,0.48
8922,M046,Temple,Fashion accessories,$20,3.0,07/12/25,6:28:00,Cash,6.0,0.48
8923,M089,Southlake,Home and lifestyle,$26,3.0,21/04/25,16:56:00,Cash,5.0,0.33
8924,M087,Waxahachie,Fashion accessories,$25,2.0,20/04/25,8:11:00,Cash,7.0,0.33
8925,M058,Port Arthur,Home and lifestyle,$83,2.0,14/06/25,15:36:00,Cash,6.0,0.33
8926,M084,Schertz,Fashion accessories,$20,3.0,11/01/25,10:01:00,Cash,4.0,0.33
8927,M065,Texas City,Home and lifestyle,$78,1.0,09/02/25,9:53:00,Cash,4.0,0.33
8928,M050,Victoria,Fashion accessories,$72,3.0,29/01/25,10:40:00,Credit card,7.0,0.48
8929,M084,Schertz,Home and lifestyle,$78,3.0,04/12/25,13:09:00,Cash,6.0,0.33
8930,M058,Port Arthur,Fashion accessories,$56,2.0,10/05/25,14:40:00,Cash,3.0,0.33
8931,M056,Rowlett,Home and lifestyle,$67,1.0,30/10/25,16:44:00,Cash,3.0,0.33
8932,M074,Weslaco,Fashion accessories,$63,2.0,20/03/25,12:17:00,Cash,4.0,0.33
8933,M030,Richardson,Home and lifestyle,$36,3.0,09/01/25,10:33:00,Cash,3.0,0.48
8934,M054,Sherman,Fashion accessories,$31,1.0,15/05/25,12:02:00,Cash,5.0,0.21
8935,M082,Weslaco,Home and lifestyle,$59,1.0,23/06/25,14:41:00,Cash,5.0,0.33
8936,M069,Rockwall,Fashion accessories,$49,1.0,11/03/25,13:53:00,Cash,7.0,0.33
8937,M046,Temple,Home and lifestyle,$60,2.0,23/09/25,13:00:00,Cash,4.0,0.48
8938,M035,San Angelo,Fashion accessories,$34,2.0,27/09/25,14:08:00,Cash,3.0,0.48
8939,M046,Temple,Home and lifestyle,$77,2.0,12/07/25,12:09:00,Cash,7.0,0.48
8940,M035,San Angelo,Fashion accessories,$43,1.0,17/05/25,14:16:00,Cash,5.0,0.48
8941,M086,Rosenberg,Home and lifestyle,$63,2.0,22/05/25,10:57:00,Cash,3.0,0.33
8942,M035,San Angelo,Fashion accessories,$16,2.0,13/12/25,16:13:00,Cash,6.0,0.48
8943,M087,Waxahachie,Home and lifestyle,$68,3.0,05/10/25,14:23:00,Cash,7.0,0.33
8944,M089,Southlake,Fashion accessories,$66,2.0,10/08/25,11:16:00,Cash,3.0,0.33
8945,M073,Seguin,Home and lifestyle,$70,3.0,09/07/25,11:47:00,Cash,5.0,0.33
8946,M058,Port Arthur,Fashion accessories,$43,3.0,17/09/25,7:59:00,Cash,6.0,0.33
8947,M074,Weslaco,Home and lifestyle,$66,2.0,18/08/25,10:13:00,Cash,4.0,0.33
8948,M055,Waxahachie,Fashion accessories,$21,1.0,03/05/25,6:20:00,Cash,6.0,0.33
8949,M099,Weatherford,Home and lifestyle,$66,2.0,27/10/25,13:20:00,Cash,4.0,0.18
8950,M087,Waxahachie,Fashion accessories,$64,1.0,23/02/25,12:17:00,Cash,5.0,0.33
8951,M032,Tyler,Home and lifestyle,$45,2.0,10/11/25,7:43:00,Cash,5.0,0.48
8952,M075,San Marcos,Fashion accessories,$82,3.0,22/10/25,12:25:00,Cash,5.0,0.33
8953,M046,Temple,Home and lifestyle,$26,1.0,03/03/25,10:05:00,Cash,7.0,0.48
8954,M035,San Angelo,Fashion accessories,$77,3.0,10/08/25,11:24:00,Cash,6.0,0.48
8955,M086,Rosenberg,Home and lifestyle,$36,2.0,07/04/25,9:55:00,Cash,6.0,0.33
8956,M038,Sugar Land,Fashion accessories,$31,3.0,29/10/25,16:36:00,Cash,5.0,0.48
8957,M086,Rosenberg,Home and lifestyle,$39,1.0,19/07/25,12:28:00,Cash,4.0,0.33
8958,M003,San Antonio,Fashion accessories,$29,1.0,12/09/25,11:08:00,Cash,4.0,0.48
8959,M030,Richardson,Home and lifestyle,$56,3.0,04/09/25,11:24:00,Cash,5.0,0.48
8960,M075,San Marcos,Fashion accessories,$77,3.0,18/09/25,13:42:00,Cash,6.0,0.33
8961,M056,Rowlett,Home and lifestyle,$58,3.0,05/05/25,7:20:00,Cash,3.0,0.33
8962,M003,San Antonio,Fashion accessories,$69,1.0,04/11/25,11:36:00,Cash,4.0,0.48
8963,M074,Weslaco,Home and lifestyle,$44,1.0,20/08/25,12:25:00,Cash,7.0,0.33
8964,M089,Southlake,Fashion accessories,$22,1.0,03/09/25,16:17:00,Cash,3.0,0.33
8965,M035,San Angelo,Home and lifestyle,$25,2.0,10/07/25,16:19:00,Cash,5.0,0.48
8966,M065,Texas City,Fashion accessories,$22,1.0,24/02/25,6:18:00,Cash,7.0,0.33
8967,M035,San Angelo,Home and lifestyle,$55,3.0,14/02/25,13:45:00,Cash,4.0,0.48
8968,M055,Waxahachie,Fashion accessories,$43,3.0,08/01/25,9:55:00,Cash,6.0,0.33
8969,M074,Weslaco,Home and lifestyle,$76,1.0,24/07/25,8:28:00,Cash,3.0,0.33
8970,M065,Texas City,Fashion accessories,$46,2.0,01/06/25,14:30:00,Cash,4.0,0.33
8971,M099,Weatherford,Home and lifestyle,$63,3.0,17/05/25,7:09:00,Cash,6.0,0.18
8972,M073,Seguin,Fashion accessories,$35,3.0,10/08/25,9:20:00,Cash,5.0,0.33
8973,M032,Tyler,Home and lifestyle,$38,3.0,19/09/25,6:11:00,Cash,3.0,0.48
8974,M069,Rockwall,Fashion accessories,$59,2.0,07/03/25,7:24:00,Cash,5.0,0.33
8975,M073,Seguin,Home and lifestyle,$37,3.0,29/09/25,8:50:00,Cash,7.0,0.33
8976,M074,Weslaco,Fashion accessories,$16,3.0,22/03/25,8:18:00,Cash,3.0,0.33
8977,M054,Sherman,Home and lifestyle,$77,3.0,06/06/25,8:12:00,Cash,6.0,0.21
8978,M032,Tyler,Fashion accessories,$62,1.0,12/09/25,7:43:00,Cash,7.0,0.48
8979,M058,Port Arthur,Home and lifestyle,$67,3.0,16/08/25,6:52:00,Cash,3.0,0.33
8980,M055,Waxahachie,Fashion accessories,$40,3.0,06/05/25,12:04:00,Cash,5.0,0.33
8981,M074,Weslaco,Home and lifestyle,$29,2.0,11/12/25,7:34:00,Cash,4.0,0.33
8982,M099,Weatherford,Fashion accessories,$84,3.0,19/04/25,13:55:00,Cash,5.0,0.18
8983,M086,Rosenberg,Home and lifestyle,$64,3.0,03/07/25,12:27:00,Cash,4.0,0.33
8984,M087,Waxahachie,Fashion accessories,$55,1.0,14/08/25,15:30:00,Cash,7.0,0.33
8985,M089,Southlake,Home and lifestyle,$24,2.0,12/02/25,14:20:00,Cash,4.0,0.33
8986,M056,Rowlett,Fashion accessories,$15,2.0,12/11/25,13:18:00,Cash,6.0,0.33
8987,M032,Tyler,Home and lifestyle,$32,2.0,16/04/25,12:25:00,Cash,5.0,0.48
8988,M065,Texas City,Fashion accessories,$23,1.0,24/07/25,6:22:00,Cash,5.0,0.33
8989,M054,Sherman,Home and lifestyle,$43,1.0,17/11/25,13:50:00,Cash,6.0,0.21
8990,M038,Sugar Land,Fashion accessories,$27,3.0,08/10/25,15:39:00,Cash,5.0,0.48
8991,M074,Weslaco,Home and lifestyle,$17,2.0,14/10/25,9:24:00,Cash,5.0,0.33
8992,M074,Weslaco,Fashion accessories,$69,2.0,12/03/25,12:06:00,Cash,3.0,0.33
8993,M029,Round Rock,Home and lifestyle,$30,3.0,11/01/25,16:42:00,Cash,7.0,0.48
8994,M030,Richardson,Fashion accessories,$68,3.0,15/10/25,15:56:00,Cash,4.0,0.48
8995,M099,Weatherford,Home and lifestyle,$79,2.0,19/02/25,16:50:00,Cash,3.0,0.18
8996,M030,Richardson,Fashion accessories,$76,2.0,03/03/25,16:57:00,Cash,3.0,0.48
8997,M074,Weslaco,Home and lifestyle,$39,3.0,16/03/25,15:02:00,Cash,5.0,0.33
8998,M054,Sherman,Fashion accessories,$28,1.0,26/10/25,11:11:00,Cash,6.0,0.21
8999,M074,Weslaco,Home and lifestyle,$55,3.0,26/09/25,16:03:00,Cash,6.0,0.33
9000,M065,Texas City,Fashion accessories,$55,2.0,20/04/25,14:10:00,Cash,5.0,0.33
9001,M035,San Angelo,Home and lifestyle,$58,2.0,29/11/25,9:39:00,Cash,7.0,0.48
9002,M058,Port Arthur,Fashion accessories,$75,2.0,20/09/25,12:53:00,Cash,3.0,0.33
9003,M074,Weslaco,Home and lifestyle,$52,1.0,09/08/25,16:35:00,Cash,5.0,0.33
9004,M074,Weslaco,Fashion accessories,$58,1.0,11/05/25,9:41:00,Cash,4.0,0.33
9005,M029,Round Rock,Home and lifestyle,$75,3.0,02/03/25,9:40:00,Cash,6.0,0.48
9006,M029,Round Rock,Fashion accessories,$81,1.0,19/06/25,10:36:00,Cash,3.0,0.48
9007,M056,Rowlett,Home and lifestyle,$35,2.0,21/04/25,16:48:00,Cash,4.0,0.33
9008,M032,Tyler,Fashion accessories,$17,3.0,05/11/25,7:54:00,Cash,6.0,0.48
9009,M089,Southlake,Home and lifestyle,$24,1.0,06/02/25,8:00:00,Cash,4.0,0.33
9010,M075,San Marcos,Fashion accessories,$69,3.0,27/10/25,11:48:00,Cash,7.0,0.33
9011,M069,Rockwall,Home and lifestyle,$39,3.0,10/04/25,13:02:00,Cash,4.0,0.33
9012,M099,Weatherford,Fashion accessories,$65,1.0,15/10/25,6:08:00,Cash,5.0,0.18
9013,M025,Waco,Home and lifestyle,$31,3.0,07/12/25,10:15:00,Cash,7.0,0.48
9014,M074,Weslaco,Fashion accessories,$20,3.0,11/12/25,11:14:00,Cash,3.0,0.33
9015,M084,Schertz,Home and lifestyle,$61,1.0,15/09/25,11:32:00,Cash,7.0,0.33
9016,M089,Southlake,Fashion accessories,$26,2.0,03/11/25,15:56:00,Cash,7.0,0.33
9017,M050,Victoria,Home and lifestyle,$23,3.0,30/08/25,13:27:00,Credit card,4.0,0.48
9018,M050,Victoria,Fashion accessories,$58,1.0,17/06/25,14:50:00,Credit card,4.0,0.48
9019,M087,Waxahachie,Home and lifestyle,$20,3.0,09/10/25,10:50:00,Cash,7.0,0.33
9020,M056,Rowlett,Fashion accessories,$64,2.0,16/07/25,7:42:00,Cash,3.0,0.33
9021,M086,Rosenberg,Home and lifestyle,$25,1.0,28/03/25,6:29:00,Cash,5.0,0.33
9022,M035,San Angelo,Fashion accessories,$67,2.0,30/10/25,15:29:00,Cash,6.0,0.48
9023,M056,Rowlett,Home and lifestyle,$38,3.0,15/02/25,13:36:00,Cash,4.0,0.33
9024,M030,Richardson,Fashion accessories,$54,3.0,14/08/25,15:32:00,Cash,4.0,0.48
9025,M035,San Angelo,Home and lifestyle,$67,2.0,21/10/25,11:23:00,Cash,5.0,0.48
9026,M054,Sherman,Fashion accessories,$53,3.0,22/05/25,9:14:00,Cash,5.0,0.21
9027,M050,Victoria,Home and lifestyle,$45,2.0,26/12/25,16:43:00,Credit card,5.0,0.48
9028,M058,Port Arthur,Fashion accessories,$19,1.0,29/07/25,13:14:00,Cash,6.0,0.33
9029,M046,Temple,Home and lifestyle,$60,1.0,03/11/25,13:06:00,Cash,6.0,0.48
9030,M075,San Marcos,Fashion accessories,$60,2.0,10/02/25,10:21:00,Cash,5.0,0.33
9031,M055,Waxahachie,Home and lifestyle,$46,1.0,13/10/25,9:18:00,Cash,6.0,0.33
9032,M074,Weslaco,Fashion accessories,$57,2.0,22/07/25,13:35:00,Cash,6.0,0.33
9033,M030,Richardson,Home and lifestyle,$66,3.0,11/06/25,7:27:00,Cash,5.0,0.48
9034,M009,Plano,Fashion accessories,$53,1.0,28/06/25,7:41:00,Cash,7.0,0.48
9035,M032,Tyler,Home and lifestyle,$39,3.0,13/07/25,8:53:00,Cash,5.0,0.48
9036,M074,Weslaco,Fashion accessories,$78,2.0,11/09/25,8:27:00,Cash,6.0,0.33
9037,M073,Seguin,Home and lifestyle,$79,3.0,02/06/25,7:15:00,Cash,3.0,0.33
9038,M089,Southlake,Fashion accessories,$39,2.0,13/03/25,11:54:00,Cash,5.0,0.33
9039,M087,Waxahachie,Home and lifestyle,$66,2.0,04/03/25,6:58:00,Cash,5.0,0.33
9040,M009,Plano,Fashion accessories,$36,3.0,10/04/25,14:17:00,Cash,6.0,0.48
9041,M065,Texas City,Home and lifestyle,$50,2.0,22/06/25,10:29:00,Cash,7.0,0.33
9042,M055,Waxahachie,Fashion accessories,$58,2.0,07/04/25,14:29:00,Cash,5.0,0.33
9043,M025,Waco,Home and lifestyle,$78,2.0,22/09/25,9:29:00,Cash,5.0,0.48
9044,M065,Texas City,Fashion accessories,$84,3.0,13/05/25,9:09:00,Cash,5.0,0.33
9045,M058,Port Arthur,Home and lifestyle,$30,3.0,01/10/25,14:48:00,Cash,7.0,0.33
9046,M035,San Angelo,Fashion accessories,$84,1.0,14/07/25,9:51:00,Cash,5.0,0.48
9047,M082,Weslaco,Home and lifestyle,$24,2.0,26/03/25,8:29:00,Cash,5.0,0.33
9048,M073,Seguin,Fashion accessories,$68,1.0,09/08/25,8:59:00,Cash,3.0,0.33
9049,M058,Port Arthur,Home and lifestyle,$61,2.0,08/11/25,8:08:00,Cash,4.0,0.33
9050,M038,Sugar Land,Fashion accessories,$74,2.0,30/10/25,16:53:00,Cash,4.0,0.48
9051,M084,Schertz,Home and lifestyle,$83,3.0,25/10/25,7:06:00,Cash,6.0,0.33
9052,M058,Port Arthur,Fashion accessories,$28,3.0,07/07/25,6:25:00,Cash,5.0,0.33
9053,M046,Temple,Home and lifestyle,$31,2.0,22/06/25,16:49:00,Cash,5.0,0.48
9054,M099,Weatherford,Fashion accessories,$52,1.0,12/05/25,9:30:00,Cash,4.0,0.18
9055,M089,Southlake,Home and lifestyle,$25,1.0,11/04/25,12:08:00,Cash,6.0,0.33
9056,M065,Texas City,Fashion accessories,$70,1.0,28/12/25,16:35:00,Cash,3.0,0.33
9057,M069,Rockwall,Home and lifestyle,$77,1.0,28/02/25,10:06:00,Cash,3.0,0.33
9058,M084,Schertz,Fashion accessories,$19,3.0,29/10/25,8:26:00,Cash,6.0,0.33
9059,M056,Rowlett,Home and lifestyle,$50,3.0,03/11/25,14:25:00,Cash,4.0,0.33
9060,M075,San Marcos,Fashion accessories,$68,3.0,16/12/25,7:43:00,Cash,7.0,0.33
9061,M038,Sugar Land,Home and lifestyle,$48,1.0,13/06/25,11:07:00,Cash,7.0,0.48
9062,M075,San Marcos,Fashion accessories,$25,2.0,30/11/25,15:24:00,Cash,5.0,0.33
9063,M035,San Angelo,Home and lifestyle,$62,3.0,22/09/25,14:21:00,Cash,3.0,0.48
9064,M046,Temple,Fashion accessories,$81,2.0,30/08/25,15:34:00,Cash,5.0,0.48
9065,M025,Waco,Home and lifestyle,$28,3.0,05/11/25,10:56:00,Cash,5.0,0.48
9066,M065,Texas City,Fashion accessories,$15,1.0,04/11/25,7:43:00,Cash,6.0,0.33
9067,M032,Tyler,Home and lifestyle,$70,2.0,19/09/25,12:43:00,Cash,4.0,0.48
9068,M055,Waxahachie,Fashion accessories,$50,3.0,04/10/25,15:33:00,Cash,5.0,0.33
9069,M025,Waco,Home and lifestyle,$47,2.0,16/02/25,7:13:00,Cash,7.0,0.48
9070,M029,Round Rock,Fashion accessories,$28,1.0,30/07/25,6:58:00,Cash,7.0,0.48
9071,M030,Richardson,Home and lifestyle,$54,2.0,14/08/25,10:00:00,Cash,7.0,0.48
9072,M025,Waco,Fashion accessories,$68,3.0,09/08/25,12:51:00,Cash,4.0,0.48
9073,M058,Port Arthur,Home and lifestyle,$83,2.0,01/03/25,16:17:00,Cash,5.0,0.33
9074,M074,Weslaco,Fashion accessories,$51,3.0,26/05/25,16:27:00,Cash,3.0,0.33
9075,M050,Victoria,Home and lifestyle,$57,3.0,27/07/25,12:56:00,Credit card,4.0,0.48
9076,M065,Texas City,Fashion accessories,$36,1.0,31/08/25,15:16:00,Cash,5.0,0.33
9077,M099,Weatherford,Home and lifestyle,$71,1.0,28/08/25,13:01:00,Cash,5.0,0.18
9078,M089,Southlake,Fashion accessories,$56,1.0,30/10/25,11:42:00,Cash,4.0,0.33
9079,M058,Port Arthur,Home and lifestyle,$67,1.0,20/05/25,11:18:00,Cash,6.0,0.33
9080,M069,Rockwall,Fashion accessories,$15,3.0,14/04/25,11:33:00,Cash,4.0,0.33
9081,M056,Rowlett,Home and lifestyle,$32,2.0,11/01/25,9:24:00,Cash,4.0,0.33
9082,M050,Victoria,Fashion accessories,$81,1.0,05/01/25,13:54:00,Credit card,4.0,0.48
9083,M035,San Angelo,Home and lifestyle,$17,2.0,19/05/25,7:58:00,Cash,6.0,0.48
9084,M099,Weatherford,Fashion accessories,$85,3.0,26/06/25,8:09:00,Cash,5.0,0.18
9085,M050,Victoria,Home and lifestyle,$21,1.0,07/06/25,14:07:00,Credit card,6.0,0.48
9086,M087,Waxahachie,Fashion accessories,$22,3.0,12/05/25,7:58:00,Cash,6.0,0.33
9087,M089,Southlake,Home and lifestyle,$77,1.0,14/09/25,12:31:00,Cash,3.0,0.33
9088,M003,San Antonio,Fashion accessories,$49,2.0,25/12/25,6:39:00,Cash,3.0,0.48
9089,M073,Seguin,Home and lifestyle,$16,3.0,18/02/25,12:42:00,Cash,4.0,0.33
9090,M046,Temple,Fashion accessories,$54,3.0,20/10/25,11:11:00,Cash,7.0,0.48
9091,M003,San Antonio,Home and lifestyle,$49,2.0,15/07/25,12:15:00,Cash,3.0,0.48
9092,M084,Schertz,Fashion accessories,$50,3.0,06/05/25,6:37:00,Cash,7.0,0.33
9093,M074,Weslaco,Home and lifestyle,$79,3.0,15/12/25,9:27:00,Cash,3.0,0.33
9094,M065,Texas City,Fashion accessories,$82,3.0,26/07/25,15:40:00,Cash,4.0,0.33
9095,M038,Sugar Land,Home and lifestyle,$30,1.0,22/03/25,13:52:00,Cash,7.0,0.48
9096,M089,Southlake,Fashion accessories,$35,3.0,27/08/25,13:11:00,Cash,7.0,0.33
9097,M038,Sugar Land,Home and lifestyle,$57,1.0,17/07/25,6:18:00,Cash,4.0,0.48
9098,M054,Sherman,Fashion accessories,$20,2.0,28/12/25,14:56:00,Cash,4.0,0.21
9099,M025,Waco,Home and lifestyle,$36,2.0,28/01/25,10:12:00,Cash,5.0,0.48
9100,M054,Sherman,Fashion accessories,$58,2.0,19/09/25,10:35:00,Cash,3.0,0.21
9101,M029,Round Rock,Home and lifestyle,$36,1.0,29/05/25,9:25:00,Cash,3.0,0.48
9102,M075,San Marcos,Fashion accessories,$23,2.0,17/07/25,7:34:00,Cash,7.0,0.33
9103,M065,Texas City,Home and lifestyle,$31,1.0,22/08/25,7:51:00,Cash,7.0,0.33
9104,M050,Victoria,Fashion accessories,$73,1.0,31/10/25,6:43:00,Credit card,7.0,0.48
9105,M082,Weslaco,Home and lifestyle,$75,3.0,08/09/25,8:25:00,Cash,3.0,0.33
9106,M089,Southlake,Fashion accessories,$83,2.0,16/11/25,8:39:00,Cash,7.0,0.33
9107,M046,Temple,Home and lifestyle,$30,3.0,28/05/25,8:06:00,Cash,3.0,0.48
9108,M087,Waxahachie,Fashion accessories,$78,1.0,10/01/25,10:32:00,Cash,4.0,0.33
9109,M054,Sherman,Home and lifestyle,$28,1.0,15/06/25,8:28:00,Cash,6.0,0.21
9110,M075,San Marcos,Fashion accessories,$19,1.0,10/10/25,13:38:00,Cash,6.0,0.33
9111,M050,Victoria,Home and lifestyle,$48,3.0,18/09/25,7:26:00,Credit card,4.0,0.48
9112,M054,Sherman,Fashion accessories,$57,1.0,14/12/25,9:26:00,Cash,3.0,0.33
9113,M025,Waco,Home and lifestyle,$60,2.0,01/07/25,11:00:00,Cash,7.0,0.48
9114,M099,Weatherford,Fashion accessories,$19,2.0,26/01/25,12:17:00,Cash,3.0,0.18
9115,M074,Weslaco,Home and lifestyle,$81,2.0,29/07/25,12:20:00,Cash,7.0,0.33
9116,M087,Waxahachie,Fashion accessories,$69,2.0,23/04/25,7:11:00,Cash,7.0,0.33
9117,M050,Victoria,Home and lifestyle,$33,2.0,12/05/25,11:14:00,Credit card,6.0,0.48
9118,M003,San Antonio,Fashion accessories,$73,1.0,08/02/25,13:44:00,Cash,7.0,0.48
9119,M087,Waxahachie,Home and lifestyle,$28,2.0,21/05/25,13:09:00,Cash,5.0,0.33
9120,M046,Temple,Fashion accessories,$19,2.0,18/12/25,8:50:00,Cash,4.0,0.48
9121,M084,Schertz,Home and lifestyle,$46,1.0,22/01/25,14:57:00,Cash,4.0,0.33
9122,M056,Rowlett,Fashion accessories,$20,3.0,18/09/25,14:39:00,Cash,6.0,0.33
9123,M082,Weslaco,Home and lifestyle,$78,2.0,14/02/25,14:59:00,Cash,6.0,0.33
9124,M074,Weslaco,Fashion accessories,$31,1.0,06/12/25,13:40:00,Cash,4.0,0.33
9125,M056,Rowlett,Home and lifestyle,$62,3.0,02/05/25,15:26:00,Cash,4.0,0.33
9126,M038,Sugar Land,Fashion accessories,$18,2.0,30/07/25,13:44:00,Cash,5.0,0.48
9127,M038,Sugar Land,Home and lifestyle,$29,2.0,22/07/25,13:15:00,Cash,6.0,0.48
9128,M009,Plano,Fashion accessories,$44,1.0,21/09/25,7:45:00,Cash,5.0,0.48
9129,M025,Waco,Home and lifestyle,$33,2.0,19/03/25,8:30:00,Cash,5.0,0.48
9130,M025,Waco,Fashion accessories,$34,1.0,08/02/25,11:09:00,Cash,5.0,0.48
9131,M074,Weslaco,Home and lifestyle,$75,1.0,13/06/25,9:55:00,Cash,7.0,0.33
9132,M046,Temple,Fashion accessories,$79,2.0,08/05/25,12:05:00,Cash,7.0,0.48
9133,M084,Schertz,Home and lifestyle,$73,3.0,01/08/25,14:43:00,Cash,7.0,0.33
9134,M082,Weslaco,Fashion accessories,$73,1.0,13/08/25,8:33:00,Cash,7.0,0.33
9135,M075,San Marcos,Home and lifestyle,$44,2.0,30/05/25,14:25:00,Cash,5.0,0.33
9136,M038,Sugar Land,Fashion accessories,$73,2.0,06/12/25,15:33:00,Cash,4.0,0.48
9137,M074,Weslaco,Home and lifestyle,$40,1.0,26/12/25,7:08:00,Cash,6.0,0.33
9138,M030,Richardson,Fashion accessories,$72,3.0,03/10/25,6:16:00,Cash,3.0,0.48
9139,M055,Waxahachie,Home and lifestyle,$63,2.0,11/01/25,7:39:00,Cash,4.0,0.33
9140,M046,Temple,Fashion accessories,$35,3.0,29/03/25,16:17:00,Cash,6.0,0.48
9141,M046,Temple,Home and lifestyle,$30,2.0,16/11/25,6:46:00,Cash,5.0,0.48
9142,M038,Sugar Land,Fashion accessories,$22,2.0,30/01/25,6:46:00,Cash,7.0,0.48
9143,M074,Weslaco,Home and lifestyle,$17,2.0,03/07/25,8:18:00,Cash,6.0,0.33
9144,M099,Weatherford,Fashion accessories,$69,3.0,13/03/25,7:48:00,Cash,5.0,0.18
9145,M082,Weslaco,Home and lifestyle,$63,1.0,13/04/25,10:50:00,Cash,3.0,0.33
9146,M082,Weslaco,Fashion accessories,$38,3.0,10/11/25,9:41:00,Cash,3.0,0.33
9147,M054,Sherman,Home and lifestyle,$40,1.0,26/01/25,15:08:00,Cash,4.0,0.21
9148,M032,Tyler,Fashion accessories,$37,2.0,20/11/25,13:46:00,Cash,7.0,0.48
9149,M089,Southlake,Home and lifestyle,$66,1.0,02/10/25,6:31:00,Cash,7.0,0.33
9150,M082,Weslaco,Fashion accessories,$83,3.0,01/10/25,13:38:00,Cash,3.0,0.33
9151,M025,Waco,Home and lifestyle,$60,2.0,08/06/25,12:32:00,Cash,7.0,0.48
9152,M055,Waxahachie,Fashion accessories,$84,3.0,20/10/25,15:30:00,Cash,5.0,0.33
9153,M089,Southlake,Home and lifestyle,$16,2.0,07/02/25,6:49:00,Cash,6.0,0.33
9154,M087,Waxahachie,Fashion accessories,$84,3.0,20/11/25,9:06:00,Cash,5.0,0.33
9155,M038,Sugar Land,Home and lifestyle,$70,2.0,30/01/25,13:35:00,Cash,5.0,0.48
9156,M029,Round Rock,Fashion accessories,$40,1.0,05/03/25,11:39:00,Cash,3.0,0.48
9157,M056,Rowlett,Home and lifestyle,$27,1.0,29/06/25,8:14:00,Cash,5.0,0.33
9158,M086,Rosenberg,Fashion accessories,$73,3.0,25/03/25,13:49:00,Cash,3.0,0.33
9159,M073,Seguin,Home and lifestyle,$35,3.0,03/10/25,16:19:00,Cash,4.0,0.33
9160,M054,Sherman,Fashion accessories,$52,2.0,13/11/25,6:18:00,Cash,5.0,0.33
9161,M050,Victoria,Home and lifestyle,$19,2.0,30/08/25,9:39:00,Credit card,6.0,0.48
9162,M075,San Marcos,Fashion accessories,$38,3.0,19/01/25,16:45:00,Cash,7.0,0.33
9163,M069,Rockwall,Home and lifestyle,$69,2.0,03/04/25,13:12:00,Cash,7.0,0.33
9164,M075,San Marcos,Fashion accessories,$57,2.0,11/06/25,16:36:00,Cash,6.0,0.33
9165,M089,Southlake,Home and lifestyle,$80,2.0,01/10/25,10:20:00,Cash,7.0,0.33
9166,M029,Round Rock,Fashion accessories,$41,3.0,24/06/25,14:22:00,Cash,7.0,0.48
9167,M089,Southlake,Home and lifestyle,$16,3.0,11/12/25,12:02:00,Cash,7.0,0.33
9168,M050,Victoria,Fashion accessories,$60,1.0,17/07/25,15:13:00,Credit card,6.0,0.48
9169,M075,San Marcos,Home and lifestyle,$26,1.0,19/07/25,9:14:00,Cash,7.0,0.33
9170,M082,Weslaco,Fashion accessories,$22,3.0,20/08/25,13:33:00,Cash,7.0,0.33
9171,M009,Plano,Home and lifestyle,$79,2.0,07/02/25,11:37:00,Cash,4.0,0.48
9172,M056,Rowlett,Fashion accessories,$43,3.0,04/02/25,10:57:00,Cash,4.0,0.33
9173,M075,San Marcos,Home and lifestyle,$44,1.0,20/11/25,12:23:00,Cash,5.0,0.33
9174,M058,Port Arthur,Fashion accessories,$36,2.0,29/09/25,11:48:00,Cash,4.0,0.33
9175,M032,Tyler,Home and lifestyle,$60,2.0,15/02/25,7:57:00,Cash,5.0,0.48
9176,M003,San Antonio,Fashion accessories,$83,2.0,11/11/25,13:26:00,Cash,4.0,0.48
9177,M029,Round Rock,Home and lifestyle,$81,2.0,22/12/25,14:54:00,Cash,4.0,0.48
9178,M055,Waxahachie,Fashion accessories,$25,3.0,21/04/25,13:40:00,Cash,5.0,0.33
9179,M058,Port Arthur,Home and lifestyle,$67,1.0,22/07/25,16:51:00,Cash,7.0,0.33
9180,M025,Waco,Fashion accessories,$56,1.0,27/06/25,16:40:00,Cash,5.0,0.48
9181,M056,Rowlett,Home and lifestyle,$43,2.0,27/05/25,13:56:00,Cash,3.0,0.33
9182,M046,Temple,Fashion accessories,$23,3.0,31/10/25,15:39:00,Cash,7.0,0.48
9183,M038,Sugar Land,Home and lifestyle,$50,1.0,04/01/25,8:16:00,Cash,7.0,0.48
9184,M086,Rosenberg,Fashion accessories,$60,3.0,03/01/25,7:23:00,Cash,7.0,0.33
9185,M025,Waco,Home and lifestyle,$28,1.0,07/11/25,11:44:00,Cash,3.0,0.48
9186,M087,Waxahachie,Fashion accessories,$27,2.0,20/12/25,10:34:00,Cash,4.0,0.33
9187,M099,Weatherford,Home and lifestyle,$48,3.0,18/10/25,13:43:00,Cash,6.0,0.18
9188,M029,Round Rock,Fashion accessories,$54,3.0,09/02/25,11:42:00,Cash,6.0,0.48
9189,M058,Port Arthur,Home and lifestyle,$37,1.0,12/05/25,9:00:00,Cash,3.0,0.33
9190,M089,Southlake,Fashion accessories,$33,2.0,23/04/25,9:34:00,Cash,4.0,0.33
9191,M099,Weatherford,Home and lifestyle,$74,2.0,29/01/25,7:51:00,Cash,7.0,0.18
9192,M038,Sugar Land,Fashion accessories,$34,2.0,08/09/25,8:33:00,Cash,3.0,0.48
9193,M038,Sugar Land,Home and lifestyle,$63,2.0,04/04/25,6:30:00,Cash,4.0,0.48
9194,M054,Sherman,Fashion accessories,$39,3.0,19/04/25,7:21:00,Cash,7.0,0.33
9195,M046,Temple,Home and lifestyle,$57,1.0,28/08/25,7:59:00,Cash,6.0,0.48
9196,M025,Waco,Fashion accessories,$51,2.0,19/02/25,14:02:00,Cash,4.0,0.48
9197,M082,Weslaco,Home and lifestyle,$40,2.0,02/03/25,14:40:00,Cash,4.0,0.33
9198,M087,Waxahachie,Fashion accessories,$30,1.0,01/11/25,11:11:00,Cash,5.0,0.33
9199,M087,Waxahachie,Home and lifestyle,$39,1.0,05/08/25,16:43:00,Cash,7.0,0.33
9200,M069,Rockwall,Fashion accessories,$68,2.0,18/11/25,6:24:00,Cash,5.0,0.33
9201,M084,Schertz,Home and lifestyle,$51,3.0,07/12/25,6:53:00,Cash,7.0,0.33
9202,M030,Richardson,Fashion accessories,$19,2.0,14/01/25,16:32:00,Cash,6.0,0.48
9203,M035,San Angelo,Home and lifestyle,$83,2.0,28/12/25,14:41:00,Cash,3.0,0.48
9204,M009,Plano,Fashion accessories,$44,2.0,20/06/25,14:15:00,Cash,6.0,0.48
9205,M009,Plano,Home and lifestyle,$46,3.0,01/11/25,10:00:00,Cash,5.0,0.48
9206,M035,San Angelo,Fashion accessories,$45,3.0,18/01/25,14:29:00,Cash,5.0,0.48
9207,M054,Sherman,Home and lifestyle,$76,2.0,27/03/25,13:00:00,Cash,3.0,0.21
9208,M009,Plano,Fashion accessories,$61,2.0,16/05/25,11:44:00,Cash,4.0,0.48
9209,M050,Victoria,Home and lifestyle,$35,3.0,17/01/25,6:56:00,Credit card,4.0,0.48
9210,M075,San Marcos,Fashion accessories,$52,3.0,05/04/25,10:16:00,Cash,3.0,0.33
9211,M055,Waxahachie,Home and lifestyle,$46,2.0,20/06/25,10:43:00,Cash,4.0,0.33
9212,M030,Richardson,Fashion accessories,$36,2.0,07/03/25,7:25:00,Cash,3.0,0.48
9213,M046,Temple,Home and lifestyle,$78,3.0,18/03/25,9:23:00,Cash,6.0,0.48
9214,M087,Waxahachie,Fashion accessories,$23,3.0,16/02/25,13:35:00,Cash,4.0,0.33
9215,M009,Plano,Home and lifestyle,$74,3.0,05/11/25,16:03:00,Cash,4.0,0.48
9216,M058,Port Arthur,Fashion accessories,$71,1.0,05/02/25,7:43:00,Cash,6.0,0.33
9217,M055,Waxahachie,Home and lifestyle,$45,3.0,28/11/25,13:02:00,Cash,5.0,0.33
9218,M003,San Antonio,Fashion accessories,$79,2.0,28/06/25,13:16:00,Cash,3.0,0.48
9219,M075,San Marcos,Home and lifestyle,$60,1.0,11/01/25,11:16:00,Cash,7.0,0.33
9220,M046,Temple,Fashion accessories,$58,2.0,07/05/25,9:18:00,Cash,3.0,0.48
9221,M065,Texas City,Home and lifestyle,$27,1.0,01/08/25,13:56:00,Cash,4.0,0.33
9222,M086,Rosenberg,Fashion accessories,$69,1.0,21/12/25,10:19:00,Cash,5.0,0.33
9223,M046,Temple,Home and lifestyle,$55,1.0,11/11/25,8:09:00,Cash,4.0,0.48
9224,M058,Port Arthur,Fashion accessories,$79,2.0,03/05/25,9:56:00,Cash,6.0,0.33
9225,M035,San Angelo,Home and lifestyle,$52,2.0,20/11/25,7:55:00,Cash,6.0,0.48
9226,M056,Rowlett,Fashion accessories,$56,1.0,13/08/25,15:25:00,Cash,4.0,0.33
9227,M087,Waxahachie,Home and lifestyle,$35,1.0,14/08/25,16:42:00,Cash,6.0,0.33
9228,M030,Richardson,Fashion accessories,$23,3.0,30/11/25,13:40:00,Cash,7.0,0.48
9229,M082,Weslaco,Home and lifestyle,$23,2.0,18/07/25,9:11:00,Cash,7.0,0.33
9230,M038,Sugar Land,Fashion accessories,$38,1.0,27/04/25,15:15:00,Cash,7.0,0.48
9231,M029,Round Rock,Home and lifestyle,$37,2.0,12/01/25,14:17:00,Cash,5.0,0.48
9232,M074,Weslaco,Fashion accessories,$79,3.0,22/05/25,13:23:00,Cash,6.0,0.33
9233,M054,Sherman,Home and lifestyle,$71,1.0,03/08/25,13:38:00,Cash,7.0,0.21
9234,M054,Sherman,Fashion accessories,$59,1.0,29/08/25,10:21:00,Cash,4.0,0.33
9235,M084,Schertz,Home and lifestyle,$21,1.0,14/10/25,14:29:00,Cash,5.0,0.33
9236,M058,Port Arthur,Fashion accessories,$68,3.0,16/09/25,8:49:00,Cash,7.0,0.33
9237,M099,Weatherford,Home and lifestyle,$41,2.0,16/12/25,10:07:00,Cash,4.0,0.18
9238,M038,Sugar Land,Fashion accessories,$71,3.0,21/08/25,8:23:00,Cash,7.0,0.48
9239,M050,Victoria,Home and lifestyle,$84,1.0,20/04/25,8:43:00,Credit card,5.0,0.48
9240,M099,Weatherford,Fashion accessories,$26,2.0,28/08/25,16:43:00,Cash,3.0,0.18
9241,M099,Weatherford,Home and lifestyle,$70,2.0,21/06/25,14:03:00,Cash,4.0,0.18
9242,M089,Southlake,Fashion accessories,$79,3.0,17/07/25,9:32:00,Cash,7.0,0.33
9243,M086,Rosenberg,Home and lifestyle,$31,3.0,19/09/25,6:46:00,Cash,7.0,0.33
9244,M046,Temple,Fashion accessories,$54,1.0,24/05/25,9:19:00,Cash,4.0,0.48
9245,M035,San Angelo,Home and lifestyle,$76,1.0,19/05/25,7:39:00,Cash,6.0,0.48
9246,M046,Temple,Fashion accessories,$63,1.0,27/05/25,13:33:00,Cash,5.0,0.48
9247,M032,Tyler,Home and lifestyle,$60,1.0,01/12/25,11:19:00,Cash,7.0,0.48
9248,M055,Waxahachie,Fashion accessories,$30,2.0,23/11/25,16:10:00,Cash,3.0,0.33
9249,M099,Weatherford,Home and lifestyle,$28,2.0,01/10/25,8:05:00,Cash,5.0,0.18
9250,M054,Sherman,Fashion accessories,$50,3.0,29/08/25,11:45:00,Cash,5.0,0.33
9251,M082,Weslaco,Home and lifestyle,$37,3.0,14/09/25,8:32:00,Cash,3.0,0.33
9252,M086,Rosenberg,Fashion accessories,$41,3.0,01/05/25,6:26:00,Cash,7.0,0.33
9253,M065,Texas City,Home and lifestyle,$79,3.0,07/05/25,11:06:00,Cash,4.0,0.33
9254,M087,Waxahachie,Fashion accessories,$25,3.0,05/04/25,13:29:00,Cash,5.0,0.33
9255,M050,Victoria,Home and lifestyle,$85,3.0,08/12/25,15:11:00,Credit card,7.0,0.48
9256,M087,Waxahachie,Fashion accessories,$29,3.0,04/06/25,14:02:00,Cash,4.0,0.33
9257,M054,Sherman,Home and lifestyle,$36,3.0,15/06/25,7:35:00,Cash,3.0,0.21
9258,M082,Weslaco,Fashion accessories,$42,1.0,15/08/25,14:20:00,Cash,7.0,0.33
9259,M087,Waxahachie,Home and lifestyle,$44,2.0,30/10/25,13:54:00,Cash,6.0,0.33
9260,M025,Waco,Fashion accessories,$69,3.0,13/02/25,10:23:00,Cash,6.0,0.48
9261,M030,Richardson,Home and lifestyle,$67,2.0,11/12/25,11:12:00,Cash,3.0,0.48
9262,M069,Rockwall,Fashion accessories,$60,1.0,24/09/25,13:56:00,Cash,5.0,0.33
9263,M055,Waxahachie,Home and lifestyle,$32,2.0,17/11/25,14:46:00,Cash,7.0,0.33
9264,M032,Tyler,Fashion accessories,$71,1.0,09/06/25,11:25:00,Cash,6.0,0.48
9265,M056,Rowlett,Home and lifestyle,$34,2.0,15/04/25,7:58:00,Cash,4.0,0.33
9266,M075,San Marcos,Fashion accessories,$28,2.0,05/08/25,12:14:00,Cash,5.0,0.33
9267,M082,Weslaco,Home and lifestyle,$75,2.0,04/10/25,7:25:00,Cash,7.0,0.33
9268,M074,Weslaco,Fashion accessories,$70,2.0,07/04/25,15:49:00,Cash,7.0,0.33
9269,M050,Victoria,Home and lifestyle,$79,3.0,07/05/25,16:29:00,Credit card,6.0,0.48
9270,M050,Victoria,Fashion accessories,$80,1.0,26/08/25,12:35:00,Credit card,4.0,0.48
9271,M082,Weslaco,Home and lifestyle,$20,3.0,05/07/25,10:19:00,Cash,4.0,0.33
9272,M030,Richardson,Fashion accessories,$28,1.0,17/09/25,12:15:00,Cash,4.0,0.48
9273,M075,San Marcos,Home and lifestyle,$66,1.0,16/01/25,9:22:00,Cash,4.0,0.33
9274,M032,Tyler,Fashion accessories,$33,2.0,30/04/25,8:00:00,Cash,7.0,0.48
9275,M054,Sherman,Home and lifestyle,$65,1.0,28/01/25,15:11:00,Cash,5.0,0.21
9276,M082,Weslaco,Fashion accessories,$43,1.0,04/07/25,12:55:00,Cash,7.0,0.33
9277,M035,San Angelo,Home and lifestyle,$37,2.0,27/12/25,12:57:00,Cash,5.0,0.48
9278,M025,Waco,Fashion accessories,$84,2.0,21/09/25,16:34:00,Cash,7.0,0.48
9279,M084,Schertz,Home and lifestyle,$66,1.0,03/04/25,10:56:00,Cash,7.0,0.33
9280,M003,San Antonio,Fashion accessories,$18,3.0,28/07/25,15:22:00,Cash,7.0,0.48
9281,M075,San Marcos,Home and lifestyle,$71,3.0,20/06/25,11:57:00,Cash,4.0,0.33
9282,M025,Waco,Fashion accessories,$57,1.0,26/11/25,8:10:00,Cash,7.0,0.48
9283,M046,Temple,Home and lifestyle,$55,1.0,23/08/25,14:45:00,Cash,3.0,0.48
9284,M009,Plano,Fashion accessories,$24,3.0,20/09/25,8:19:00,Cash,7.0,0.48
9285,M082,Weslaco,Home and lifestyle,$22,3.0,17/08/25,14:56:00,Cash,3.0,0.33
9286,M046,Temple,Fashion accessories,$75,2.0,24/07/25,16:26:00,Cash,6.0,0.48
9287,M073,Seguin,Home and lifestyle,$45,1.0,04/06/25,8:18:00,Cash,5.0,0.33
9288,M069,Rockwall,Fashion accessories,$29,3.0,31/07/25,15:05:00,Cash,5.0,0.33
9289,M073,Seguin,Home and lifestyle,$19,1.0,26/06/25,10:26:00,Cash,7.0,0.33
9290,M054,Sherman,Fashion accessories,$34,3.0,27/11/25,16:38:00,Cash,6.0,0.33
9291,M025,Waco,Home and lifestyle,$63,1.0,09/10/25,14:41:00,Cash,3.0,0.48
9292,M035,San Angelo,Fashion accessories,$64,3.0,23/06/25,11:01:00,Cash,4.0,0.48
9293,M086,Rosenberg,Home and lifestyle,$56,3.0,01/03/25,13:19:00,Cash,7.0,0.33
9294,M009,Plano,Fashion accessories,$54,1.0,07/06/25,10:21:00,Cash,6.0,0.48
9295,M089,Southlake,Home and lifestyle,$85,3.0,11/01/25,12:16:00,Cash,3.0,0.33
9296,M025,Waco,Fashion accessories,$29,2.0,03/11/25,16:33:00,Cash,6.0,0.48
9297,M074,Weslaco,Home and lifestyle,$24,3.0,05/11/25,7:33:00,Cash,6.0,0.33
9298,M089,Southlake,Fashion accessories,$18,1.0,02/07/25,16:08:00,Cash,4.0,0.33
9299,M035,San Angelo,Home and lifestyle,$37,3.0,26/11/25,13:21:00,Cash,4.0,0.48
9300,M075,San Marcos,Fashion accessories,$68,1.0,12/02/25,11:56:00,Cash,3.0,0.33
9301,M084,Schertz,Home and lifestyle,$41,2.0,13/04/25,14:09:00,Cash,4.0,0.33
9302,M075,San Marcos,Fashion accessories,$59,3.0,04/11/25,15:39:00,Cash,6.0,0.33
9303,M035,San Angelo,Home and lifestyle,$73,1.0,05/10/25,16:30:00,Cash,4.0,0.48
9304,M075,San Marcos,Fashion accessories,$74,2.0,02/05/25,8:48:00,Cash,4.0,0.33
9305,M032,Tyler,Home and lifestyle,$78,3.0,24/01/25,11:34:00,Cash,7.0,0.48
9306,M099,Weatherford,Fashion accessories,$55,3.0,10/05/25,10:43:00,Cash,5.0,0.18
9307,M082,Weslaco,Home and lifestyle,$45,3.0,22/02/25,13:06:00,Cash,5.0,0.33
9308,M056,Rowlett,Fashion accessories,$65,3.0,15/12/25,7:36:00,Cash,5.0,0.33
9309,M099,Weatherford,Home and lifestyle,$19,2.0,19/09/25,14:56:00,Cash,7.0,0.18
9310,M058,Port Arthur,Fashion accessories,$54,3.0,10/09/25,7:30:00,Cash,3.0,0.33
9311,M074,Weslaco,Home and lifestyle,$74,1.0,23/02/25,13:30:00,Cash,4.0,0.33
9312,M074,Weslaco,Fashion accessories,$44,3.0,22/10/25,9:06:00,Cash,3.0,0.33
9313,M069,Rockwall,Home and lifestyle,$21,3.0,18/01/25,9:11:00,Cash,4.0,0.33
9314,M029,Round Rock,Fashion accessories,$38,1.0,09/07/25,10:33:00,Cash,6.0,0.48
9315,M075,San Marcos,Home and lifestyle,$82,3.0,09/02/25,9:15:00,Cash,5.0,0.33
9316,M029,Round Rock,Fashion accessories,$74,1.0,26/10/25,12:34:00,Cash,4.0,0.48
9317,M029,Round Rock,Home and lifestyle,$21,2.0,17/06/25,9:32:00,Cash,5.0,0.48
9318,M069,Rockwall,Fashion accessories,$76,1.0,23/12/25,10:13:00,Cash,3.0,0.33
9319,M069,Rockwall,Home and lifestyle,$16,1.0,03/07/25,12:50:00,Cash,3.0,0.33
9320,M025,Waco,Fashion accessories,$76,3.0,20/08/25,6:30:00,Cash,7.0,0.48
9321,M025,Waco,Home and lifestyle,$53,1.0,02/07/25,12:06:00,Cash,6.0,0.48
9322,M075,San Marcos,Fashion accessories,$81,1.0,27/11/25,11:27:00,Cash,6.0,0.33
9323,M055,Waxahachie,Home and lifestyle,$47,2.0,22/09/25,11:30:00,Cash,5.0,0.33
9324,M082,Weslaco,Fashion accessories,$75,1.0,15/04/25,10:33:00,Cash,3.0,0.33
9325,M086,Rosenberg,Home and lifestyle,$15,3.0,10/05/25,16:45:00,Cash,6.0,0.33
9326,M055,Waxahachie,Fashion accessories,$58,2.0,20/09/25,6:59:00,Cash,7.0,0.33
9327,M003,San Antonio,Home and lifestyle,$71,2.0,24/01/25,11:57:00,Cash,5.0,0.48
9328,M025,Waco,Fashion accessories,$62,1.0,03/11/25,10:00:00,Cash,7.0,0.48
9329,M056,Rowlett,Home and lifestyle,$57,1.0,23/09/25,7:20:00,Cash,3.0,0.33
9330,M046,Temple,Fashion accessories,$59,3.0,02/07/25,10:12:00,Cash,4.0,0.48
9331,M082,Weslaco,Home and lifestyle,$17,3.0,13/12/25,12:18:00,Cash,4.0,0.33
9332,M099,Weatherford,Fashion accessories,$56,1.0,18/07/25,11:00:00,Cash,7.0,0.18
9333,M054,Sherman,Home and lifestyle,$68,3.0,22/05/25,7:34:00,Cash,7.0,0.21
9334,M056,Rowlett,Fashion accessories,$61,3.0,09/04/25,8:56:00,Cash,5.0,0.33
9335,M029,Round Rock,Home and lifestyle,$24,3.0,02/05/25,7:06:00,Cash,4.0,0.48
9336,M009,Plano,Fashion accessories,$72,2.0,10/08/25,9:51:00,Cash,4.0,0.48
9337,M089,Southlake,Home and lifestyle,$36,1.0,27/06/25,11:54:00,Cash,5.0,0.33
9338,M029,Round Rock,Fashion accessories,$19,1.0,02/10/25,14:18:00,Cash,6.0,0.48
9339,M074,Weslaco,Home and lifestyle,$50,1.0,23/03/25,6:34:00,Cash,7.0,0.33
9340,M069,Rockwall,Fashion accessories,$83,2.0,24/05/25,11:08:00,Cash,3.0,0.33
9341,M086,Rosenberg,Home and lifestyle,$84,2.0,27/01/25,12:23:00,Cash,3.0,0.33
9342,M082,Weslaco,Fashion accessories,$80,1.0,07/05/25,10:29:00,Cash,7.0,0.33
9343,M086,Rosenberg,Home and lifestyle,$19,2.0,26/04/25,9:14:00,Cash,7.0,0.33
9344,M073,Seguin,Fashion accessories,$69,1.0,08/09/25,13:23:00,Cash,7.0,0.33
9345,M054,Sherman,Home and lifestyle,$63,2.0,30/03/25,10:28:00,Cash,3.0,0.21
9346,M050,Victoria,Fashion accessories,$72,2.0,16/04/25,10:49:00,Credit card,6.0,0.48
9347,M009,Plano,Home and lifestyle,$34,2.0,13/02/25,16:10:00,Cash,6.0,0.48
9348,M038,Sugar Land,Fashion accessories,$32,3.0,24/05/25,7:49:00,Cash,7.0,0.48
9349,M058,Port Arthur,Home and lifestyle,$40,2.0,31/12/25,11:16:00,Cash,4.0,0.33
9350,M035,San Angelo,Fashion accessories,$60,2.0,11/11/25,7:13:00,Cash,3.0,0.48
9351,M087,Waxahachie,Home and lifestyle,$19,3.0,24/04/25,11:23:00,Cash,7.0,0.33
9352,M032,Tyler,Fashion accessories,$70,1.0,22/06/25,14:54:00,Cash,3.0,0.48
9353,M030,Richardson,Home and lifestyle,$47,3.0,24/01/25,15:24:00,Cash,3.0,0.48
9354,M030,Richardson,Fashion accessories,$61,2.0,27/04/25,15:32:00,Cash,3.0,0.48
9355,M035,San Angelo,Home and lifestyle,$31,2.0,15/09/25,16:28:00,Cash,5.0,0.48
9356,M054,Sherman,Fashion accessories,$50,1.0,12/10/25,13:12:00,Cash,5.0,0.33
9357,M029,Round Rock,Home and lifestyle,$82,3.0,24/07/25,13:37:00,Cash,7.0,0.48
9358,M099,Weatherford,Fashion accessories,$47,3.0,07/11/25,13:03:00,Cash,6.0,0.18
9359,M055,Waxahachie,Home and lifestyle,$63,2.0,20/12/25,13:00:00,Cash,3.0,0.33
9360,M009,Plano,Fashion accessories,$82,3.0,19/07/25,7:08:00,Cash,4.0,0.48
9361,M075,San Marcos,Home and lifestyle,$77,3.0,17/10/25,11:33:00,Cash,4.0,0.33
9362,M009,Plano,Fashion accessories,$83,3.0,14/10/25,11:42:00,Cash,5.0,0.48
9363,M050,Victoria,Home and lifestyle,$60,2.0,29/03/25,15:06:00,Credit card,7.0,0.48
9364,M084,Schertz,Fashion accessories,$46,1.0,26/12/25,14:18:00,Cash,6.0,0.33
9365,M054,Sherman,Home and lifestyle,$56,3.0,22/09/25,9:11:00,Cash,7.0,0.21
9366,M065,Texas City,Fashion accessories,$67,3.0,13/06/25,7:29:00,Cash,6.0,0.33
9367,M038,Sugar Land,Home and lifestyle,$66,2.0,05/05/25,8:05:00,Cash,4.0,0.48
9368,M038,Sugar Land,Fashion accessories,$15,3.0,14/05/25,14:43:00,Cash,6.0,0.48
9369,M086,Rosenberg,Home and lifestyle,$68,1.0,17/11/25,9:09:00,Cash,5.0,0.33
9370,M029,Round Rock,Fashion accessories,$53,1.0,01/01/25,12:46:00,Cash,6.0,0.48
9371,M082,Weslaco,Home and lifestyle,$84,1.0,21/05/25,9:39:00,Cash,7.0,0.33
9372,M086,Rosenberg,Fashion accessories,$29,1.0,14/11/25,7:57:00,Cash,3.0,0.33
9373,M099,Weatherford,Home and lifestyle,$79,3.0,07/09/25,15:16:00,Cash,6.0,0.18
9374,M056,Rowlett,Fashion accessories,$41,3.0,25/08/25,7:05:00,Cash,4.0,0.33
9375,M073,Seguin,Home and lifestyle,$40,2.0,21/04/25,6:46:00,Cash,4.0,0.33
9376,M086,Rosenberg,Fashion accessories,$17,3.0,27/07/25,11:30:00,Cash,3.0,0.33
9377,M089,Southlake,Home and lifestyle,$76,1.0,05/01/25,14:13:00,Cash,5.0,0.33
9378,M056,Rowlett,Fashion accessories,$30,1.0,22/09/25,6:09:00,Cash,5.0,0.33
9379,M054,Sherman,Home and lifestyle,$46,1.0,30/04/25,14:42:00,Cash,5.0,0.21
9380,M087,Waxahachie,Fashion accessories,$23,1.0,15/12/25,11:49:00,Cash,7.0,0.33
9381,M073,Seguin,Home and lifestyle,$63,2.0,07/10/25,6:44:00,Cash,7.0,0.33
9382,M029,Round Rock,Fashion accessories,$71,3.0,28/01/25,14:10:00,Cash,5.0,0.48
9383,M065,Texas City,Home and lifestyle,$83,2.0,12/08/25,9:06:00,Cash,6.0,0.33
9384,M058,Port Arthur,Fashion accessories,$52,2.0,16/04/25,12:11:00,Cash,3.0,0.33
9385,M089,Southlake,Home and lifestyle,$56,3.0,22/01/25,7:05:00,Cash,3.0,0.33
9386,M055,Waxahachie,Fashion accessories,$59,2.0,02/02/25,6:50:00,Cash,4.0,0.33
9387,M046,Temple,Home and lifestyle,$62,3.0,22/12/25,6:37:00,Cash,4.0,0.48
9388,M003,San Antonio,Fashion accessories,$72,3.0,07/04/25,14:21:00,Cash,6.0,0.48
9389,M032,Tyler,Home and lifestyle,$27,1.0,07/02/25,8:35:00,Cash,7.0,0.48
9390,M099,Weatherford,Fashion accessories,$83,3.0,13/11/25,14:55:00,Cash,6.0,0.18
9391,M084,Schertz,Home and lifestyle,$29,3.0,01/10/25,7:26:00,Cash,7.0,0.33
9392,M075,San Marcos,Fashion accessories,$28,2.0,30/11/25,9:46:00,Cash,4.0,0.33
9393,M050,Victoria,Home and lifestyle,$62,3.0,26/08/25,12:37:00,Credit card,5.0,0.48
9394,M046,Temple,Fashion accessories,$29,1.0,08/12/25,14:33:00,Cash,4.0,0.48
9395,M084,Schertz,Home and lifestyle,$28,1.0,29/04/25,7:44:00,Cash,4.0,0.33
9396,M003,San Antonio,Fashion accessories,$59,3.0,26/09/25,11:01:00,Cash,5.0,0.48
9397,M084,Schertz,Home and lifestyle,$17,1.0,09/04/25,16:36:00,Cash,6.0,0.33
9398,M065,Texas City,Fashion accessories,$66,3.0,22/01/25,15:27:00,Cash,4.0,0.33
9399,M084,Schertz,Home and lifestyle,$80,1.0,20/06/25,16:38:00,Cash,4.0,0.33
9400,M032,Tyler,Fashion accessories,$33,3.0,30/03/25,15:38:00,Cash,5.0,0.48
9401,M075,San Marcos,Home and lifestyle,$62,3.0,12/07/25,13:29:00,Cash,5.0,0.33
9402,M029,Round Rock,Fashion accessories,$55,2.0,30/04/25,10:56:00,Cash,7.0,0.48
9403,M087,Waxahachie,Home and lifestyle,$59,1.0,07/12/25,9:08:00,Cash,5.0,0.33
9404,M086,Rosenberg,Fashion accessories,$16,1.0,03/02/25,16:44:00,Cash,3.0,0.33
9405,M099,Weatherford,Home and lifestyle,$58,1.0,03/09/25,11:45:00,Cash,7.0,0.18
9406,M084,Schertz,Fashion accessories,$67,2.0,29/06/25,9:53:00,Cash,6.0,0.33
9407,M065,Texas City,Home and lifestyle,$38,3.0,12/04/25,16:27:00,Cash,3.0,0.33
9408,M065,Texas City,Fashion accessories,$20,3.0,08/01/25,15:39:00,Cash,6.0,0.33
9409,M074,Weslaco,Home and lifestyle,$29,2.0,28/06/25,11:51:00,Cash,7.0,0.33
9410,M058,Port Arthur,Fashion accessories,$55,1.0,09/09/25,10:14:00,Cash,3.0,0.33
9411,M009,Plano,Home and lifestyle,$33,2.0,27/05/25,15:23:00,Cash,5.0,0.48
9412,M003,San Antonio,Fashion accessories,$52,3.0,20/12/25,6:58:00,Cash,5.0,0.48
9413,M065,Texas City,Home and lifestyle,$37,3.0,21/02/25,11:07:00,Cash,3.0,0.33
9414,M003,San Antonio,Fashion accessories,$39,2.0,16/07/25,8:15:00,Cash,4.0,0.48
9415,M086,Rosenberg,Home and lifestyle,$22,1.0,20/03/25,16:45:00,Cash,6.0,0.33
9416,M074,Weslaco,Fashion accessories,$54,1.0,16/02/25,16:33:00,Cash,4.0,0.33
9417,M029,Round Rock,Home and lifestyle,$50,3.0,27/09/25,12:59:00,Cash,7.0,0.48
9418,M054,Sherman,Fashion accessories,$62,2.0,10/05/25,11:03:00,Cash,7.0,0.33
9419,M065,Texas City,Home and lifestyle,$37,1.0,27/05/25,11:53:00,Cash,4.0,0.33
9420,M030,Richardson,Fashion accessories,$70,2.0,06/04/25,13:27:00,Cash,6.0,0.48
9421,M050,Victoria,Home and lifestyle,$62,2.0,06/04/25,11:01:00,Credit card,7.0,0.48
9422,M054,Sherman,Fashion accessories,$44,2.0,09/10/25,12:39:00,Cash,7.0,0.33
9423,M073,Seguin,Home and lifestyle,$30,2.0,29/01/25,13:02:00,Cash,7.0,0.33
9424,M038,Sugar Land,Fashion accessories,$66,1.0,08/12/25,6:58:00,Cash,4.0,0.48
9425,M009,Plano,Home and lifestyle,$16,1.0,05/05/25,8:50:00,Cash,7.0,0.48
9426,M099,Weatherford,Fashion accessories,$84,2.0,05/04/25,6:36:00,Cash,5.0,0.18
9427,M054,Sherman,Home and lifestyle,$25,3.0,29/09/25,9:24:00,Cash,6.0,0.21
9428,M050,Victoria,Fashion accessories,$39,2.0,28/05/25,13:56:00,Credit card,5.0,0.48
9429,M032,Tyler,Home and lifestyle,$44,1.0,20/06/25,7:37:00,Cash,7.0,0.48
9430,M086,Rosenberg,Fashion accessories,$48,3.0,19/01/25,16:37:00,Cash,4.0,0.33
9431,M038,Sugar Land,Home and lifestyle,$57,2.0,11/08/25,8:51:00,Cash,3.0,0.48
9432,M087,Waxahachie,Fashion accessories,$16,2.0,14/11/25,16:41:00,Cash,4.0,0.33
9433,M056,Rowlett,Home and lifestyle,$50,3.0,17/01/25,8:20:00,Cash,5.0,0.33
9434,M035,San Angelo,Fashion accessories,$85,3.0,01/04/25,14:32:00,Cash,5.0,0.48
9435,M099,Weatherford,Home and lifestyle,$53,2.0,24/08/25,7:12:00,Cash,5.0,0.18
9436,M055,Waxahachie,Fashion accessories,$75,3.0,11/03/25,15:59:00,Cash,7.0,0.33
9437,M087,Waxahachie,Home and lifestyle,$69,2.0,19/02/25,16:33:00,Cash,5.0,0.33
9438,M086,Rosenberg,Fashion accessories,$34,3.0,09/04/25,9:26:00,Cash,4.0,0.33
9439,M075,San Marcos,Home and lifestyle,$56,2.0,04/10/25,7:21:00,Cash,7.0,0.33
9440,M086,Rosenberg,Fashion accessories,$54,3.0,19/07/25,6:54:00,Cash,5.0,0.33
9441,M065,Texas City,Home and lifestyle,$37,2.0,03/08/25,15:02:00,Cash,4.0,0.33
9442,M058,Port Arthur,Fashion accessories,$55,2.0,24/02/25,15:37:00,Cash,5.0,0.33
9443,M089,Southlake,Home and lifestyle,$20,1.0,22/05/25,15:16:00,Cash,4.0,0.33
9444,M055,Waxahachie,Fashion accessories,$44,1.0,01/10/25,13:03:00,Cash,3.0,0.33
9445,M065,Texas City,Home and lifestyle,$68,2.0,28/07/25,13:06:00,Cash,7.0,0.33
9446,M082,Weslaco,Fashion accessories,$71,3.0,06/10/25,9:06:00,Cash,3.0,0.33
9447,M029,Round Rock,Home and lifestyle,$52,1.0,29/06/25,9:48:00,Cash,4.0,0.48
9448,M086,Rosenberg,Fashion accessories,$77,3.0,13/09/25,12:54:00,Cash,7.0,0.33
9449,M058,Port Arthur,Home and lifestyle,$52,2.0,28/04/25,16:27:00,Cash,3.0,0.33
9450,M054,Sherman,Fashion accessories,$28,3.0,11/08/25,16:53:00,Cash,7.0,0.33
9451,M054,Sherman,Home and lifestyle,$51,2.0,08/04/25,7:14:00,Cash,6.0,0.21
9452,M030,Richardson,Fashion accessories,$82,2.0,15/07/25,8:25:00,Cash,5.0,0.48
9453,M069,Rockwall,Home and lifestyle,$62,3.0,23/04/25,6:03:00,Cash,3.0,0.33
9454,M089,Southlake,Fashion accessories,$15,3.0,24/10/25,16:06:00,Cash,6.0,0.33
9455,M065,Texas City,Home and lifestyle,$69,3.0,24/12/25,16:02:00,Cash,3.0,0.33
9456,M003,San Antonio,Fashion accessories,$64,1.0,27/11/25,15:50:00,Cash,6.0,0.48
9457,M009,Plano,Home and lifestyle,$20,2.0,09/05/25,14:21:00,Cash,7.0,0.48
9458,M086,Rosenberg,Fashion accessories,$47,1.0,29/03/25,12:42:00,Cash,4.0,0.33
9459,M038,Sugar Land,Home and lifestyle,$33,1.0,25/06/25,14:42:00,Cash,5.0,0.48
9460,M086,Rosenberg,Fashion accessories,$72,1.0,08/08/25,7:28:00,Cash,5.0,0.33
9461,M069,Rockwall,Home and lifestyle,$73,3.0,11/01/25,9:44:00,Cash,4.0,0.33
9462,M056,Rowlett,Fashion accessories,$22,1.0,03/02/25,6:39:00,Cash,7.0,0.33
9463,M032,Tyler,Home and lifestyle,$18,1.0,11/01/25,13:49:00,Cash,3.0,0.48
9464,M099,Weatherford,Fashion accessories,$30,1.0,23/12/25,16:18:00,Cash,6.0,0.18
9465,M099,Weatherford,Home and lifestyle,$36,2.0,06/01/25,13:22:00,Cash,3.0,0.18
9466,M086,Rosenberg,Fashion accessories,$82,3.0,02/08/25,9:31:00,Cash,6.0,0.33
9467,M038,Sugar Land,Home and lifestyle,$40,3.0,26/03/25,13:30:00,Cash,6.0,0.48
9468,M075,San Marcos,Fashion accessories,$81,2.0,02/01/25,9:39:00,Cash,5.0,0.33
9469,M050,Victoria,Home and lifestyle,$26,1.0,03/01/25,13:52:00,Credit card,5.0,0.48
9470,M073,Seguin,Fashion accessories,$49,3.0,11/07/25,8:44:00,Cash,7.0,0.33
9471,M087,Waxahachie,Home and lifestyle,$53,3.0,07/08/25,9:20:00,Cash,7.0,0.33
9472,M069,Rockwall,Fashion accessories,$28,2.0,15/03/25,16:27:00,Cash,7.0,0.33
9473,M029,Round Rock,Home and lifestyle,$64,2.0,19/03/25,11:17:00,Cash,6.0,0.48
9474,M075,San Marcos,Fashion accessories,$24,3.0,30/08/25,12:44:00,Cash,3.0,0.33
9475,M084,Schertz,Home and lifestyle,$71,3.0,21/02/25,9:13:00,Cash,5.0,0.33
9476,M082,Weslaco,Fashion accessories,$34,2.0,29/03/25,8:08:00,Cash,4.0,0.33
9477,M038,Sugar Land,Home and lifestyle,$50,1.0,19/09/25,15:17:00,Cash,5.0,0.48
9478,M035,San Angelo,Fashion accessories,$38,2.0,07/12/25,10:15:00,Cash,6.0,0.48
9479,M038,Sugar Land,Home and lifestyle,$59,1.0,16/10/25,13:00:00,Cash,7.0,0.48
9480,M099,Weatherford,Fashion accessories,$37,1.0,19/04/25,9:20:00,Cash,3.0,0.18
9481,M084,Schertz,Home and lifestyle,$28,2.0,09/09/25,11:48:00,Cash,7.0,0.33
9482,M086,Rosenberg,Fashion accessories,$16,2.0,30/06/25,6:22:00,Cash,6.0,0.33
9483,M074,Weslaco,Home and lifestyle,$50,1.0,26/05/25,11:52:00,Cash,5.0,0.33
9484,M056,Rowlett,Fashion accessories,$39,1.0,29/09/25,11:40:00,Cash,4.0,0.33
9485,M087,Waxahachie,Home and lifestyle,$67,2.0,10/04/25,15:13:00,Cash,5.0,0.33
9486,M099,Weatherford,Fashion accessories,$16,1.0,22/02/25,16:41:00,Cash,7.0,0.18
9487,M035,San Angelo,Home and lifestyle,$21,3.0,31/08/25,6:20:00,Cash,6.0,0.48
9488,M058,Port Arthur,Fashion accessories,$22,3.0,03/09/25,11:26:00,Cash,7.0,0.33
9489,M082,Weslaco,Home and lifestyle,$80,2.0,06/03/25,10:22:00,Cash,3.0,0.33
9490,M084,Schertz,Fashion accessories,$61,3.0,30/08/25,13:49:00,Cash,3.0,0.33
9491,M009,Plano,Home and lifestyle,$23,1.0,21/03/25,12:02:00,Cash,7.0,0.48
9492,M069,Rockwall,Fashion accessories,$71,3.0,19/08/25,11:46:00,Cash,7.0,0.33
9493,M032,Tyler,Home and lifestyle,$82,3.0,02/11/25,15:24:00,Cash,3.0,0.48
9494,M046,Temple,Fashion accessories,$45,3.0,15/05/25,7:28:00,Cash,3.0,0.48
9495,M089,Southlake,Home and lifestyle,$80,1.0,04/01/25,13:04:00,Cash,7.0,0.33
9496,M099,Weatherford,Fashion accessories,$67,2.0,08/01/25,9:18:00,Cash,7.0,0.18
9497,M087,Waxahachie,Home and lifestyle,$60,1.0,04/01/25,13:53:00,Cash,4.0,0.33
9498,M065,Texas City,Fashion accessories,$20,3.0,05/04/25,7:46:00,Cash,7.0,0.33
9499,M074,Weslaco,Home and lifestyle,$22,2.0,11/03/25,9:27:00,Cash,7.0,0.33
9500,M003,San Antonio,Fashion accessories,$77,3.0,17/02/25,7:38:00,Cash,4.0,0.48
9501,M084,Schertz,Home and lifestyle,$37,3.0,15/04/25,15:48:00,Cash,3.0,0.33
9502,M032,Tyler,Fashion accessories,$56,3.0,30/06/25,9:18:00,Cash,4.0,0.48
9503,M082,Weslaco,Home and lifestyle,$33,1.0,17/03/25,13:08:00,Cash,6.0,0.33
9504,M084,Schertz,Fashion accessories,$48,1.0,20/09/25,12:45:00,Cash,4.0,0.33
9505,M029,Round Rock,Home and lifestyle,$44,1.0,11/05/25,16:16:00,Cash,5.0,0.48
9506,M003,San Antonio,Fashion accessories,$19,1.0,27/06/25,9:54:00,Cash,6.0,0.48
9507,M099,Weatherford,Home and lifestyle,$39,1.0,14/10/25,13:44:00,Cash,7.0,0.18
9508,M058,Port Arthur,Fashion accessories,$33,3.0,26/06/25,12:04:00,Cash,4.0,0.33
9509,M082,Weslaco,Home and lifestyle,$39,1.0,21/04/25,13:43:00,Cash,4.0,0.33
9510,M009,Plano,Fashion accessories,$83,3.0,02/08/25,13:03:00,Cash,7.0,0.48
9511,M086,Rosenberg,Home and lifestyle,$32,2.0,13/01/25,16:48:00,Cash,5.0,0.33
9512,M058,Port Arthur,Fashion accessories,$15,1.0,13/05/25,7:26:00,Cash,3.0,0.33
9513,M075,San Marcos,Home and lifestyle,$51,2.0,13/07/25,6:14:00,Cash,5.0,0.33
9514,M084,Schertz,Fashion accessories,$51,2.0,04/03/25,6:36:00,Cash,5.0,0.33
9515,M089,Southlake,Home and lifestyle,$68,2.0,18/01/25,11:53:00,Cash,6.0,0.33
9516,M025,Waco,Fashion accessories,$45,1.0,04/10/25,12:38:00,Cash,7.0,0.48
9517,M003,San Antonio,Home and lifestyle,$52,2.0,27/02/25,15:06:00,Cash,6.0,0.48
9518,M065,Texas City,Fashion accessories,$78,1.0,30/01/25,13:10:00,Cash,4.0,0.33
9519,M054,Sherman,Home and lifestyle,$83,2.0,01/05/25,12:04:00,Cash,6.0,0.21
9520,M054,Sherman,Fashion accessories,$15,1.0,14/05/25,10:51:00,Cash,7.0,0.33
9521,M099,Weatherford,Home and lifestyle,$81,3.0,05/01/25,8:42:00,Cash,6.0,0.18
9522,M089,Southlake,Fashion accessories,$55,2.0,13/03/25,8:10:00,Cash,3.0,0.33
9523,M082,Weslaco,Home and lifestyle,$30,1.0,16/07/25,8:25:00,Cash,4.0,0.33
9524,M046,Temple,Fashion accessories,$82,1.0,11/05/25,7:25:00,Cash,4.0,0.48
9525,M025,Waco,Home and lifestyle,$79,1.0,06/02/25,10:08:00,Cash,3.0,0.48
9526,M032,Tyler,Fashion accessories,$43,2.0,13/12/25,13:20:00,Cash,4.0,0.48
9527,M074,Weslaco,Home and lifestyle,$45,2.0,06/11/25,11:43:00,Cash,7.0,0.33
9528,M038,Sugar Land,Fashion accessories,$48,3.0,26/05/25,11:34:00,Cash,7.0,0.48
9529,M030,Richardson,Home and lifestyle,$30,3.0,31/03/25,6:52:00,Cash,4.0,0.48
9530,M003,San Antonio,Fashion accessories,$85,1.0,12/09/25,10:07:00,Cash,7.0,0.48
9531,M029,Round Rock,Home and lifestyle,$56,2.0,02/08/25,12:04:00,Cash,3.0,0.48
9532,M009,Plano,Fashion accessories,$78,3.0,25/11/25,15:41:00,Cash,6.0,0.48
9533,M082,Weslaco,Home and lifestyle,$64,3.0,12/11/25,10:58:00,Cash,6.0,0.33
9534,M003,San Antonio,Fashion accessories,$64,2.0,12/05/25,14:49:00,Cash,6.0,0.48
9535,M087,Waxahachie,Home and lifestyle,$54,2.0,29/11/25,16:42:00,Cash,5.0,0.33
9536,M099,Weatherford,Fashion accessories,$15,1.0,03/07/25,6:48:00,Cash,4.0,0.18
9537,M050,Victoria,Home and lifestyle,$17,3.0,03/01/25,13:11:00,Credit card,5.0,0.48
9538,M089,Southlake,Fashion accessories,$33,3.0,24/06/25,6:43:00,Cash,6.0,0.33
9539,M046,Temple,Home and lifestyle,$83,3.0,03/07/25,15:40:00,Cash,3.0,0.48
9540,M050,Victoria,Fashion accessories,$43,1.0,02/09/25,9:45:00,Credit card,6.0,0.48
9541,M099,Weatherford,Home and lifestyle,$58,3.0,21/09/25,6:37:00,Cash,7.0,0.18
9542,M025,Waco,Fashion accessories,$74,2.0,15/05/25,11:57:00,Cash,6.0,0.48
9543,M009,Plano,Home and lifestyle,$45,3.0,30/03/25,9:13:00,Cash,7.0,0.48
9544,M089,Southlake,Fashion accessories,$50,2.0,05/05/25,9:10:00,Cash,3.0,0.33
9545,M087,Waxahachie,Home and lifestyle,$84,3.0,09/11/25,7:56:00,Cash,4.0,0.33
9546,M003,San Antonio,Fashion accessories,$69,2.0,27/01/25,8:08:00,Cash,7.0,0.48
9547,M065,Texas City,Home and lifestyle,$80,2.0,02/03/25,11:20:00,Cash,4.0,0.33
9548,M030,Richardson,Fashion accessories,$30,2.0,08/11/25,9:23:00,Cash,4.0,0.48
9549,M084,Schertz,Home and lifestyle,$70,2.0,31/07/25,7:21:00,Cash,6.0,0.33
9550,M009,Plano,Fashion accessories,$45,2.0,10/02/25,9:14:00,Cash,7.0,0.48
9551,M054,Sherman,Home and lifestyle,$42,3.0,13/02/25,16:51:00,Cash,7.0,0.21
9552,M003,San Antonio,Fashion accessories,$32,3.0,08/02/25,8:34:00,Cash,6.0,0.48
9553,M099,Weatherford,Home and lifestyle,$29,2.0,23/05/25,15:05:00,Cash,3.0,0.18
9554,M035,San Angelo,Fashion accessories,$56,3.0,16/09/25,6:36:00,Cash,3.0,0.48
9555,M056,Rowlett,Home and lifestyle,$46,3.0,11/06/25,7:32:00,Cash,4.0,0.33
9556,M099,Weatherford,Fashion accessories,$31,1.0,22/05/25,16:05:00,Cash,3.0,0.18
9557,M074,Weslaco,Home and lifestyle,$32,2.0,17/11/25,7:55:00,Cash,5.0,0.33
9558,M032,Tyler,Fashion accessories,$49,1.0,29/07/25,7:01:00,Cash,7.0,0.48
9559,M058,Port Arthur,Home and lifestyle,$72,3.0,24/06/25,13:29:00,Cash,3.0,0.33
9560,M054,Sherman,Fashion accessories,$53,1.0,22/10/25,11:17:00,Cash,4.0,0.33
9561,M025,Waco,Home and lifestyle,$46,1.0,01/06/25,15:50:00,Cash,6.0,0.48
9562,M089,Southlake,Fashion accessories,$24,3.0,07/10/25,12:34:00,Cash,7.0,0.33
9563,M030,Richardson,Home and lifestyle,$19,3.0,25/04/25,9:27:00,Cash,6.0,0.48
9564,M038,Sugar Land,Fashion accessories,$73,2.0,20/09/25,8:41:00,Cash,3.0,0.48
9565,M099,Weatherford,Home and lifestyle,$76,1.0,12/09/25,13:15:00,Cash,6.0,0.18
9566,M009,Plano,Fashion accessories,$34,1.0,20/08/25,12:51:00,Cash,3.0,0.48
9567,M073,Seguin,Home and lifestyle,$26,3.0,27/07/25,17:00:00,Cash,7.0,0.33
9568,M058,Port Arthur,Fashion accessories,$39,2.0,28/02/25,13:03:00,Cash,5.0,0.33
9569,M073,Seguin,Home and lifestyle,$42,2.0,25/02/25,8:07:00,Cash,6.0,0.33
9570,M058,Port Arthur,Fashion accessories,$36,1.0,18/07/25,10:38:00,Cash,3.0,0.33
9571,M056,Rowlett,Home and lifestyle,$72,1.0,08/04/25,16:02:00,Cash,5.0,0.33
9572,M055,Waxahachie,Fashion accessories,$33,1.0,13/03/25,13:08:00,Cash,5.0,0.33
9573,M035,San Angelo,Home and lifestyle,$47,2.0,27/02/25,9:17:00,Cash,4.0,0.48
9574,M087,Waxahachie,Fashion accessories,$29,2.0,23/04/25,15:42:00,Cash,6.0,0.33
9575,M069,Rockwall,Home and lifestyle,$62,3.0,18/08/25,15:32:00,Cash,4.0,0.33
9576,M065,Texas City,Fashion accessories,$50,3.0,08/02/25,6:05:00,Cash,7.0,0.33
9577,M073,Seguin,Home and lifestyle,$18,1.0,21/06/25,15:28:00,Cash,6.0,0.33
9578,M046,Temple,Fashion accessories,$78,3.0,28/10/25,9:11:00,Cash,3.0,0.48
9579,M074,Weslaco,Home and lifestyle,$85,2.0,08/07/25,8:05:00,Cash,5.0,0.33
9580,M099,Weatherford,Fashion accessories,$63,3.0,07/05/25,15:22:00,Cash,4.0,0.18
9581,M073,Seguin,Home and lifestyle,$66,3.0,19/07/25,16:03:00,Cash,3.0,0.33
9582,M056,Rowlett,Fashion accessories,$54,1.0,19/02/25,8:54:00,Cash,5.0,0.33
9583,M065,Texas City,Home and lifestyle,$32,1.0,24/12/25,11:37:00,Cash,5.0,0.33
9584,M056,Rowlett,Fashion accessories,$59,3.0,03/03/25,12:22:00,Cash,5.0,0.33
9585,M025,Waco,Home and lifestyle,$40,3.0,30/04/25,6:37:00,Cash,6.0,0.48
9586,M074,Weslaco,Fashion accessories,$83,1.0,23/05/25,14:15:00,Cash,7.0,0.33
9587,M003,San Antonio,Home and lifestyle,$24,2.0,18/09/25,11:29:00,Cash,7.0,0.48
9588,M086,Rosenberg,Fashion accessories,$19,1.0,16/04/25,8:51:00,Cash,4.0,0.33
9589,M055,Waxahachie,Home and lifestyle,$17,3.0,27/01/25,6:24:00,Cash,6.0,0.33
9590,M069,Rockwall,Fashion accessories,$16,2.0,23/05/25,8:35:00,Cash,6.0,0.33
9591,M032,Tyler,Home and lifestyle,$84,3.0,01/05/25,10:48:00,Cash,3.0,0.48
9592,M073,Seguin,Fashion accessories,$56,2.0,30/07/25,7:19:00,Cash,7.0,0.33
9593,M030,Richardson,Home and lifestyle,$47,2.0,13/09/25,12:34:00,Cash,7.0,0.48
9594,M025,Waco,Fashion accessories,$67,3.0,03/07/25,11:47:00,Cash,5.0,0.48
9595,M025,Waco,Home and lifestyle,$37,2.0,08/07/25,6:22:00,Cash,4.0,0.48
9596,M082,Weslaco,Fashion accessories,$47,2.0,27/02/25,13:56:00,Cash,5.0,0.33
9597,M082,Weslaco,Home and lifestyle,$75,3.0,02/02/25,6:29:00,Cash,4.0,0.33
9598,M009,Plano,Fashion accessories,$69,2.0,13/11/25,14:11:00,Cash,6.0,0.48
9599,M009,Plano,Home and lifestyle,$17,3.0,20/03/25,13:40:00,Cash,6.0,0.48
9600,M075,San Marcos,Fashion accessories,$26,1.0,12/04/25,10:40:00,Cash,5.0,0.33
9601,M065,Texas City,Home and lifestyle,$30,2.0,27/11/25,11:40:00,Cash,3.0,0.33
9602,M055,Waxahachie,Fashion accessories,$23,1.0,24/06/25,11:36:00,Cash,7.0,0.33
9603,M029,Round Rock,Home and lifestyle,$54,2.0,19/11/25,14:54:00,Cash,6.0,0.48
9604,M087,Waxahachie,Fashion accessories,$16,1.0,14/09/25,9:57:00,Cash,7.0,0.33
9605,M035,San Angelo,Home and lifestyle,$23,2.0,18/02/25,8:15:00,Cash,7.0,0.48
9606,M075,San Marcos,Fashion accessories,$82,3.0,18/09/25,14:31:00,Cash,7.0,0.33
9607,M025,Waco,Home and lifestyle,$80,1.0,18/10/25,13:04:00,Cash,5.0,0.48
9608,M009,Plano,Fashion accessories,$31,3.0,24/12/25,9:28:00,Cash,4.0,0.48
9609,M003,San Antonio,Home and lifestyle,$62,2.0,18/08/25,6:53:00,Cash,5.0,0.48
9610,M056,Rowlett,Fashion accessories,$76,1.0,21/07/25,13:04:00,Cash,3.0,0.33
9611,M089,Southlake,Home and lifestyle,$71,2.0,21/03/25,13:37:00,Cash,4.0,0.33
9612,M084,Schertz,Fashion accessories,$49,3.0,27/12/25,16:24:00,Cash,7.0,0.33
9613,M054,Sherman,Home and lifestyle,$46,2.0,07/08/25,10:46:00,Cash,5.0,0.21
9614,M075,San Marcos,Fashion accessories,$39,3.0,07/03/25,10:13:00,Cash,4.0,0.33
9615,M025,Waco,Home and lifestyle,$51,1.0,13/01/25,10:22:00,Cash,3.0,0.48
9616,M003,San Antonio,Fashion accessories,$37,1.0,28/12/25,6:28:00,Cash,7.0,0.48
9617,M003,San Antonio,Home and lifestyle,$78,2.0,22/03/25,11:26:00,Cash,3.0,0.48
9618,M056,Rowlett,Fashion accessories,$43,1.0,28/03/25,12:40:00,Cash,6.0,0.33
9619,M074,Weslaco,Home and lifestyle,$84,1.0,28/02/25,11:01:00,Cash,7.0,0.33
9620,M069,Rockwall,Fashion accessories,$26,2.0,04/11/25,14:10:00,Cash,6.0,0.33
9621,M073,Seguin,Home and lifestyle,$39,1.0,31/08/25,14:57:00,Cash,3.0,0.33
9622,M075,San Marcos,Fashion accessories,$36,1.0,16/10/25,13:21:00,Cash,3.0,0.33
9623,M009,Plano,Home and lifestyle,$53,3.0,06/04/25,7:39:00,Cash,5.0,0.48
9624,M050,Victoria,Fashion accessories,$79,2.0,27/08/25,8:23:00,Credit card,3.0,0.48
9625,M075,San Marcos,Home and lifestyle,$70,1.0,30/03/25,15:05:00,Cash,4.0,0.33
9626,M065,Texas City,Fashion accessories,$30,1.0,13/02/25,8:51:00,Cash,3.0,0.33
9627,M089,Southlake,Home and lifestyle,$61,3.0,19/05/25,9:02:00,Cash,4.0,0.33
9628,M030,Richardson,Fashion accessories,$74,3.0,22/03/25,12:54:00,Cash,7.0,0.48
9629,M056,Rowlett,Home and lifestyle,$49,1.0,28/11/25,16:53:00,Cash,4.0,0.33
9630,M003,San Antonio,Fashion accessories,$80,2.0,16/03/25,12:15:00,Cash,7.0,0.48
9631,M074,Weslaco,Home and lifestyle,$42,3.0,19/11/25,8:42:00,Cash,7.0,0.33
9632,M084,Schertz,Fashion accessories,$69,2.0,15/04/25,9:59:00,Cash,4.0,0.33
9633,M009,Plano,Home and lifestyle,$36,3.0,06/01/25,14:26:00,Cash,3.0,0.48
9634,M065,Texas City,Fashion accessories,$45,3.0,20/01/25,10:14:00,Cash,6.0,0.33
9635,M050,Victoria,Home and lifestyle,$27,2.0,30/08/25,7:02:00,Credit card,6.0,0.48
9636,M075,San Marcos,Fashion accessories,$77,2.0,17/09/25,14:03:00,Cash,3.0,0.33
9637,M003,San Antonio,Home and lifestyle,$78,3.0,29/07/25,11:04:00,Cash,5.0,0.48
9638,M032,Tyler,Fashion accessories,$42,1.0,16/12/25,9:19:00,Cash,4.0,0.48
9639,M084,Schertz,Home and lifestyle,$42,1.0,21/10/25,10:23:00,Cash,3.0,0.33
9640,M029,Round Rock,Fashion accessories,$57,1.0,01/07/25,6:37:00,Cash,7.0,0.48
9641,M035,San Angelo,Home and lifestyle,$17,1.0,17/11/25,12:49:00,Cash,6.0,0.48
9642,M074,Weslaco,Fashion accessories,$67,2.0,01/07/25,6:50:00,Cash,3.0,0.33
9643,M084,Schertz,Home and lifestyle,$22,3.0,16/04/25,12:32:00,Cash,5.0,0.33
9644,M046,Temple,Fashion accessories,$28,2.0,12/01/25,10:57:00,Cash,3.0,0.48
9645,M029,Round Rock,Home and lifestyle,$28,3.0,30/08/25,7:53:00,Cash,4.0,0.48
9646,M046,Temple,Fashion accessories,$29,3.0,25/01/25,16:22:00,Cash,7.0,0.48
9647,M032,Tyler,Home and lifestyle,$30,3.0,07/12/25,9:16:00,Cash,6.0,0.48
9648,M099,Weatherford,Fashion accessories,$55,3.0,25/01/25,16:54:00,Cash,7.0,0.18
9649,M009,Plano,Home and lifestyle,$63,2.0,26/08/25,14:39:00,Cash,4.0,0.48
9650,M056,Rowlett,Fashion accessories,$32,1.0,22/11/25,8:41:00,Cash,5.0,0.33
9651,M084,Schertz,Home and lifestyle,$84,1.0,11/02/25,13:04:00,Cash,5.0,0.33
9652,M069,Rockwall,Fashion accessories,$15,1.0,22/06/25,13:08:00,Cash,4.0,0.33
9653,M099,Weatherford,Home and lifestyle,$85,2.0,12/07/25,7:11:00,Cash,5.0,0.18
9654,M032,Tyler,Fashion accessories,$25,3.0,04/05/25,16:10:00,Cash,6.0,0.48
9655,M050,Victoria,Home and lifestyle,$52,2.0,28/02/25,12:56:00,Credit card,7.0,0.48
9656,M065,Texas City,Fashion accessories,$56,1.0,19/06/25,10:09:00,Cash,5.0,0.33
9657,M030,Richardson,Home and lifestyle,$33,1.0,04/09/25,15:19:00,Cash,5.0,0.48
9658,M009,Plano,Fashion accessories,$60,2.0,17/07/25,7:37:00,Cash,6.0,0.48
9659,M087,Waxahachie,Home and lifestyle,$47,1.0,22/05/25,15:01:00,Cash,7.0,0.33
9660,M038,Sugar Land,Fashion accessories,$62,1.0,19/12/25,15:06:00,Cash,6.0,0.48
9661,M055,Waxahachie,Home and lifestyle,$55,2.0,31/05/25,12:12:00,Cash,4.0,0.33
9662,M035,San Angelo,Fashion accessories,$27,3.0,12/10/25,13:12:00,Cash,6.0,0.48
9663,M029,Round Rock,Home and lifestyle,$64,3.0,23/04/25,12:39:00,Cash,6.0,0.48
9664,M055,Waxahachie,Fashion accessories,$47,3.0,19/12/25,14:08:00,Cash,7.0,0.33
9665,M056,Rowlett,Home and lifestyle,$66,2.0,11/02/25,15:59:00,Cash,7.0,0.33
9666,M073,Seguin,Fashion accessories,$50,3.0,16/05/25,11:49:00,Cash,6.0,0.33
9667,M058,Port Arthur,Home and lifestyle,$76,3.0,26/11/25,10:05:00,Cash,6.0,0.33
9668,M074,Weslaco,Fashion accessories,$15,1.0,11/09/25,13:24:00,Cash,3.0,0.33
9669,M032,Tyler,Home and lifestyle,$59,3.0,15/09/25,8:08:00,Cash,5.0,0.48
9670,M055,Waxahachie,Fashion accessories,$76,2.0,13/11/25,9:11:00,Cash,4.0,0.33
9671,M054,Sherman,Home and lifestyle,$44,1.0,29/10/25,11:55:00,Cash,7.0,0.21
9672,M073,Seguin,Fashion accessories,$65,1.0,24/04/25,14:04:00,Cash,6.0,0.33
9673,M099,Weatherford,Home and lifestyle,$36,2.0,25/12/25,13:01:00,Cash,7.0,0.18
9674,M054,Sherman,Fashion accessories,$21,1.0,25/03/25,15:29:00,Cash,4.0,0.33
9675,M025,Waco,Home and lifestyle,$36,1.0,25/02/25,9:55:00,Cash,4.0,0.48
9676,M038,Sugar Land,Fashion accessories,$18,3.0,15/05/25,7:21:00,Cash,5.0,0.48
9677,M099,Weatherford,Home and lifestyle,$36,2.0,04/03/25,7:47:00,Cash,7.0,0.18
9678,M046,Temple,Fashion accessories,$42,1.0,02/03/25,12:37:00,Cash,3.0,0.48
9679,M054,Sherman,Home and lifestyle,$18,1.0,15/07/25,15:59:00,Cash,5.0,0.21
9680,M089,Southlake,Fashion accessories,$32,2.0,11/01/25,11:56:00,Cash,5.0,0.33
9681,M089,Southlake,Home and lifestyle,$43,3.0,15/03/25,8:01:00,Cash,6.0,0.33
9682,M086,Rosenberg,Fashion accessories,$38,1.0,04/01/25,12:44:00,Cash,6.0,0.33
9683,M058,Port Arthur,Home and lifestyle,$43,2.0,24/09/25,13:09:00,Cash,5.0,0.33
9684,M056,Rowlett,Fashion accessories,$72,1.0,13/06/25,9:58:00,Cash,5.0,0.33
9685,M055,Waxahachie,Home and lifestyle,$49,3.0,05/03/25,11:09:00,Cash,5.0,0.33
9686,M058,Port Arthur,Fashion accessories,$36,1.0,26/03/25,7:59:00,Cash,6.0,0.33
9687,M046,Temple,Home and lifestyle,$16,3.0,26/01/25,10:58:00,Cash,6.0,0.48
9688,M003,San Antonio,Fashion accessories,$45,1.0,09/02/25,14:30:00,Cash,7.0,0.48
9689,M038,Sugar Land,Home and lifestyle,$80,1.0,16/01/25,13:21:00,Cash,5.0,0.48
9690,M074,Weslaco,Fashion accessories,$56,3.0,01/03/25,16:22:00,Cash,3.0,0.33
9691,M087,Waxahachie,Home and lifestyle,$60,3.0,30/11/25,16:55:00,Cash,6.0,0.33
9692,M082,Weslaco,Fashion accessories,$55,3.0,14/12/25,10:54:00,Cash,7.0,0.33
9693,M029,Round Rock,Home and lifestyle,$61,2.0,30/07/25,8:37:00,Cash,4.0,0.48
9694,M069,Rockwall,Fashion accessories,$66,3.0,02/10/25,8:24:00,Cash,3.0,0.33
9695,M056,Rowlett,Home and lifestyle,$75,3.0,14/11/25,10:31:00,Cash,7.0,0.33
9696,M089,Southlake,Fashion accessories,$80,2.0,04/07/25,16:01:00,Cash,5.0,0.33
9697,M065,Texas City,Home and lifestyle,$71,1.0,23/05/25,16:15:00,Cash,7.0,0.33
9698,M032,Tyler,Fashion accessories,$53,1.0,23/08/25,12:36:00,Cash,7.0,0.48
9699,M082,Weslaco,Home and lifestyle,$50,2.0,16/12/25,7:53:00,Cash,6.0,0.33
9700,M073,Seguin,Fashion accessories,$51,2.0,03/09/25,12:45:00,Cash,4.0,0.33
9701,M074,Weslaco,Home and lifestyle,$81,2.0,10/07/25,11:43:00,Cash,3.0,0.33
9702,M087,Waxahachie,Fashion accessories,$39,3.0,11/11/25,15:58:00,Cash,6.0,0.33
9703,M099,Weatherford,Home and lifestyle,$17,2.0,05/08/25,8:37:00,Cash,6.0,0.18
9704,M032,Tyler,Fashion accessories,$44,2.0,31/12/25,12:08:00,Cash,7.0,0.48
9705,M054,Sherman,Home and lifestyle,$75,1.0,21/10/25,10:09:00,Cash,3.0,0.21
9706,M074,Weslaco,Fashion accessories,$66,2.0,19/10/25,13:50:00,Cash,3.0,0.33
9707,M038,Sugar Land,Home and lifestyle,$45,3.0,01/08/25,13:32:00,Cash,7.0,0.48
9708,M025,Waco,Fashion accessories,$22,1.0,14/12/25,11:29:00,Cash,4.0,0.48
9709,M089,Southlake,Home and lifestyle,$54,1.0,23/05/25,15:56:00,Cash,7.0,0.33
9710,M069,Rockwall,Fashion accessories,$28,1.0,17/03/25,7:25:00,Cash,5.0,0.33
9711,M035,San Angelo,Home and lifestyle,$66,3.0,06/11/25,9:07:00,Cash,5.0,0.48
9712,M050,Victoria,Fashion accessories,$67,1.0,15/01/25,8:39:00,Credit card,7.0,0.48
9713,M046,Temple,Home and lifestyle,$47,3.0,27/02/25,12:11:00,Cash,3.0,0.48
9714,M050,Victoria,Fashion accessories,$26,2.0,30/01/25,9:36:00,Credit card,4.0,0.48
9715,M074,Weslaco,Home and lifestyle,$19,1.0,13/01/25,14:07:00,Cash,5.0,0.33
9716,M065,Texas City,Fashion accessories,$63,1.0,18/01/25,15:00:00,Cash,6.0,0.33
9717,M089,Southlake,Home and lifestyle,$68,3.0,26/08/25,7:12:00,Cash,6.0,0.33
9718,M038,Sugar Land,Fashion accessories,$68,2.0,04/12/25,14:13:00,Cash,7.0,0.48
9719,M029,Round Rock,Home and lifestyle,$32,3.0,25/08/25,15:00:00,Cash,7.0,0.48
9720,M099,Weatherford,Fashion accessories,$23,3.0,09/11/25,10:52:00,Cash,5.0,0.18
9721,M069,Rockwall,Home and lifestyle,$28,3.0,24/11/25,11:10:00,Cash,4.0,0.33
9722,M056,Rowlett,Fashion accessories,$68,1.0,19/06/25,9:46:00,Cash,6.0,0.33
9723,M025,Waco,Home and lifestyle,$38,1.0,19/12/25,6:20:00,Cash,6.0,0.48
9724,M082,Weslaco,Fashion accessories,$37,3.0,19/06/25,10:38:00,Cash,5.0,0.33
9725,M086,Rosenberg,Home and lifestyle,$79,2.0,03/11/25,14:06:00,Cash,4.0,0.33
9726,M075,San Marcos,Fashion accessories,$29,3.0,16/09/25,6:07:00,Cash,4.0,0.33
9727,M046,Temple,Home and lifestyle,$61,3.0,06/09/25,10:33:00,Cash,5.0,0.48
9728,M058,Port Arthur,Fashion accessories,$49,2.0,30/05/25,16:17:00,Cash,7.0,0.33
9729,M025,Waco,Home and lifestyle,$53,1.0,24/11/25,14:06:00,Cash,4.0,0.48
9730,M025,Waco,Fashion accessories,$40,3.0,30/08/25,6:35:00,Cash,3.0,0.48
9731,M025,Waco,Home and lifestyle,$41,1.0,24/05/25,14:28:00,Cash,7.0,0.48
9732,M089,Southlake,Fashion accessories,$29,1.0,06/11/25,8:18:00,Cash,5.0,0.33
9733,M058,Port Arthur,Home and lifestyle,$62,3.0,23/12/25,10:04:00,Cash,4.0,0.33
9734,M099,Weatherford,Fashion accessories,$46,2.0,06/04/25,10:29:00,Cash,5.0,0.18
9735,M084,Schertz,Home and lifestyle,$55,1.0,13/06/25,9:07:00,Cash,5.0,0.33
9736,M009,Plano,Fashion accessories,$67,2.0,19/02/25,12:11:00,Cash,4.0,0.48
9737,M003,San Antonio,Home and lifestyle,$42,1.0,25/01/25,8:54:00,Cash,7.0,0.48
9738,M054,Sherman,Fashion accessories,$42,1.0,04/02/25,12:21:00,Cash,7.0,0.33
9739,M084,Schertz,Home and lifestyle,$63,1.0,11/04/25,11:56:00,Cash,7.0,0.33
9740,M069,Rockwall,Fashion accessories,$81,3.0,21/12/25,13:42:00,Cash,7.0,0.33
9741,M056,Rowlett,Home and lifestyle,$29,1.0,09/10/25,9:53:00,Cash,5.0,0.33
9742,M069,Rockwall,Fashion accessories,$75,3.0,11/07/25,6:20:00,Cash,3.0,0.33
9743,M069,Rockwall,Home and lifestyle,$43,3.0,18/02/25,10:51:00,Cash,4.0,0.33
9744,M084,Schertz,Fashion accessories,$78,2.0,19/09/25,14:32:00,Cash,5.0,0.33
9745,M087,Waxahachie,Home and lifestyle,$24,3.0,14/03/25,12:15:00,Cash,3.0,0.33
9746,M069,Rockwall,Fashion accessories,$24,3.0,19/07/25,7:32:00,Cash,5.0,0.33
9747,M050,Victoria,Home and lifestyle,$19,1.0,17/08/25,10:04:00,Credit card,4.0,0.48
9748,M055,Waxahachie,Fashion accessories,$50,2.0,24/03/25,9:34:00,Cash,5.0,0.33
9749,M087,Waxahachie,Home and lifestyle,$26,1.0,01/10/25,14:04:00,Cash,6.0,0.33
9750,M089,Southlake,Fashion accessories,$68,1.0,26/07/25,16:30:00,Cash,3.0,0.33
9751,M075,San Marcos,Home and lifestyle,$19,2.0,09/09/25,12:04:00,Cash,7.0,0.33
9752,M056,Rowlett,Fashion accessories,$73,2.0,11/02/25,16:57:00,Cash,6.0,0.33
9753,M003,San Antonio,Home and lifestyle,$48,1.0,04/02/25,12:07:00,Cash,5.0,0.48
9754,M054,Sherman,Fashion accessories,$33,3.0,14/02/25,10:54:00,Cash,6.0,0.33
9755,M056,Rowlett,Home and lifestyle,$36,1.0,18/06/25,10:59:00,Cash,5.0,0.33
9756,M074,Weslaco,Fashion accessories,$35,2.0,23/03/25,11:08:00,Cash,3.0,0.33
9757,M084,Schertz,Home and lifestyle,$46,2.0,19/02/25,10:46:00,Cash,6.0,0.33
9758,M038,Sugar Land,Fashion accessories,$52,3.0,05/03/25,13:03:00,Cash,6.0,0.48
9759,M089,Southlake,Home and lifestyle,$33,1.0,27/11/25,8:47:00,Cash,7.0,0.33
9760,M099,Weatherford,Fashion accessories,$34,2.0,25/12/25,15:08:00,Cash,5.0,0.18
9761,M074,Weslaco,Home and lifestyle,$39,2.0,17/10/25,16:27:00,Cash,4.0,0.33
9762,M058,Port Arthur,Fashion accessories,$66,1.0,16/11/25,8:32:00,Cash,6.0,0.33
9763,M009,Plano,Home and lifestyle,$17,1.0,24/04/25,11:11:00,Cash,4.0,0.48
9764,M055,Waxahachie,Fashion accessories,$48,2.0,29/03/25,6:36:00,Cash,6.0,0.33
9765,M084,Schertz,Home and lifestyle,$34,3.0,18/09/25,8:19:00,Cash,3.0,0.33
9766,M054,Sherman,Fashion accessories,$46,2.0,08/02/25,11:18:00,Cash,4.0,0.33
9767,M009,Plano,Home and lifestyle,$72,3.0,05/11/25,11:25:00,Cash,7.0,0.48
9768,M075,San Marcos,Fashion accessories,$40,2.0,08/06/25,14:42:00,Cash,3.0,0.33
9769,M087,Waxahachie,Home and lifestyle,$44,2.0,10/06/25,16:19:00,Cash,4.0,0.33
9770,M099,Weatherford,Fashion accessories,$39,1.0,27/10/25,12:32:00,Cash,5.0,0.18
9771,M054,Sherman,Home and lifestyle,$64,1.0,02/12/25,10:16:00,Cash,7.0,0.21
9772,M073,Seguin,Fashion accessories,$82,3.0,11/07/25,11:12:00,Cash,6.0,0.33
9773,M029,Round Rock,Home and lifestyle,$61,3.0,08/12/25,13:12:00,Cash,6.0,0.48
9774,M089,Southlake,Fashion accessories,$68,3.0,01/07/25,14:04:00,Cash,5.0,0.33
9775,M029,Round Rock,Home and lifestyle,$61,3.0,24/11/25,11:06:00,Cash,3.0,0.48
9776,M055,Waxahachie,Fashion accessories,$29,2.0,12/04/25,14:28:00,Cash,4.0,0.33
9777,M035,San Angelo,Home and lifestyle,$74,1.0,10/04/25,10:03:00,Cash,4.0,0.48
9778,M099,Weatherford,Fashion accessories,$19,3.0,30/06/25,12:05:00,Cash,5.0,0.18
9779,M069,Rockwall,Home and lifestyle,$78,2.0,18/02/25,6:55:00,Cash,5.0,0.33
9780,M029,Round Rock,Fashion accessories,$71,1.0,24/06/25,7:39:00,Cash,5.0,0.48
9781,M050,Victoria,Home and lifestyle,$62,3.0,24/08/25,6:45:00,Credit card,5.0,0.48
9782,M056,Rowlett,Fashion accessories,$66,1.0,16/05/25,16:36:00,Cash,7.0,0.33
9783,M087,Waxahachie,Home and lifestyle,$25,3.0,13/10/25,10:05:00,Cash,7.0,0.33
9784,M029,Round Rock,Fashion accessories,$16,1.0,19/07/25,12:44:00,Cash,6.0,0.48
9785,M065,Texas City,Home and lifestyle,$77,3.0,11/08/25,13:26:00,Cash,4.0,0.33
9786,M050,Victoria,Fashion accessories,$24,1.0,18/03/25,10:57:00,Credit card,4.0,0.48
9787,M086,Rosenberg,Home and lifestyle,$56,3.0,15/06/25,7:17:00,Cash,3.0,0.33
9788,M065,Texas City,Fashion accessories,$52,3.0,21/09/25,13:50:00,Cash,4.0,0.33
9789,M087,Waxahachie,Home and lifestyle,$56,2.0,10/03/25,8:42:00,Cash,3.0,0.33
9790,M055,Waxahachie,Fashion accessories,$70,1.0,17/08/25,7:43:00,Cash,6.0,0.33
9791,M086,Rosenberg,Home and lifestyle,$15,2.0,21/07/25,8:11:00,Cash,5.0,0.33
9792,M073,Seguin,Fashion accessories,$48,3.0,31/03/25,15:44:00,Cash,5.0,0.33
9793,M035,San Angelo,Home and lifestyle,$56,1.0,27/03/25,7:03:00,Cash,7.0,0.48
9794,M089,Southlake,Fashion accessories,$39,1.0,10/01/25,10:52:00,Cash,4.0,0.33
9795,M087,Waxahachie,Home and lifestyle,$67,1.0,06/02/25,13:55:00,Cash,3.0,0.33
9796,M082,Weslaco,Fashion accessories,$76,1.0,03/10/25,15:48:00,Cash,7.0,0.33
9797,M003,San Antonio,Home and lifestyle,$85,3.0,07/08/25,8:06:00,Cash,5.0,0.48
9798,M073,Seguin,Fashion accessories,$41,1.0,10/03/25,8:53:00,Cash,6.0,0.33
9799,M055,Waxahachie,Home and lifestyle,$76,3.0,03/12/25,8:28:00,Cash,5.0,0.33
9800,M084,Schertz,Fashion accessories,$21,3.0,13/07/25,7:48:00,Cash,6.0,0.33
9801,M055,Waxahachie,Home and lifestyle,$24,2.0,27/01/25,13:08:00,Cash,3.0,0.33
9802,M074,Weslaco,Fashion accessories,$26,3.0,10/08/25,16:24:00,Cash,3.0,0.33
9803,M029,Round Rock,Home and lifestyle,$34,1.0,14/07/25,9:11:00,Cash,4.0,0.48
9804,M025,Waco,Fashion accessories,$45,1.0,20/01/25,6:45:00,Cash,5.0,0.48
9805,M087,Waxahachie,Home and lifestyle,$31,3.0,31/12/25,10:38:00,Cash,6.0,0.33
9806,M025,Waco,Fashion accessories,$52,1.0,01/03/25,13:34:00,Cash,6.0,0.48
9807,M056,Rowlett,Home and lifestyle,$33,2.0,07/01/25,15:40:00,Cash,6.0,0.33
9808,M089,Southlake,Fashion accessories,$47,2.0,31/10/25,9:23:00,Cash,4.0,0.33
9809,M069,Rockwall,Home and lifestyle,$68,1.0,26/04/25,7:22:00,Cash,3.0,0.33
9810,M074,Weslaco,Fashion accessories,$30,3.0,24/01/25,16:49:00,Cash,4.0,0.33
9811,M009,Plano,Home and lifestyle,$84,3.0,05/08/25,8:39:00,Cash,4.0,0.48
9812,M075,San Marcos,Fashion accessories,$78,1.0,10/10/25,10:15:00,Cash,7.0,0.33
9813,M035,San Angelo,Home and lifestyle,$85,2.0,11/03/25,14:04:00,Cash,7.0,0.48
9814,M035,San Angelo,Fashion accessories,$71,3.0,01/10/25,11:32:00,Cash,6.0,0.48
9815,M074,Weslaco,Home and lifestyle,$31,1.0,27/02/25,13:11:00,Cash,4.0,0.33
9816,M073,Seguin,Fashion accessories,$17,2.0,30/11/25,7:38:00,Cash,5.0,0.33
9817,M069,Rockwall,Home and lifestyle,$27,2.0,23/03/25,9:20:00,Cash,6.0,0.33
9818,M055,Waxahachie,Fashion accessories,$78,3.0,15/05/25,15:36:00,Cash,3.0,0.33
9819,M089,Southlake,Home and lifestyle,$34,2.0,25/03/25,7:03:00,Cash,7.0,0.33
9820,M009,Plano,Fashion accessories,$22,1.0,14/01/25,11:21:00,Cash,6.0,0.48
9821,M069,Rockwall,Home and lifestyle,$26,3.0,17/02/25,9:29:00,Cash,3.0,0.33
9822,M075,San Marcos,Fashion accessories,$36,3.0,28/08/25,16:36:00,Cash,5.0,0.33
9823,M032,Tyler,Home and lifestyle,$65,3.0,19/03/25,14:56:00,Cash,3.0,0.48
9824,M075,San Marcos,Fashion accessories,$24,1.0,13/07/25,11:33:00,Cash,3.0,0.33
9825,M029,Round Rock,Home and lifestyle,$54,1.0,13/10/25,15:17:00,Cash,7.0,0.48
9826,M029,Round Rock,Fashion accessories,$58,3.0,24/01/25,10:33:00,Cash,5.0,0.48
9827,M055,Waxahachie,Home and lifestyle,$56,2.0,21/08/25,11:53:00,Cash,5.0,0.33
9828,M086,Rosenberg,Fashion accessories,$54,2.0,06/12/25,10:51:00,Cash,4.0,0.33
9829,M055,Waxahachie,Home and lifestyle,$83,1.0,03/04/25,9:15:00,Cash,7.0,0.33
9830,M046,Temple,Fashion accessories,$35,2.0,24/12/25,7:58:00,Cash,4.0,0.48
9831,M086,Rosenberg,Home and lifestyle,$69,1.0,15/01/25,10:13:00,Cash,4.0,0.33
9832,M065,Texas City,Fashion accessories,$82,1.0,10/12/25,16:47:00,Cash,4.0,0.33
9833,M025,Waco,Home and lifestyle,$68,2.0,04/06/25,11:25:00,Cash,5.0,0.48
9834,M073,Seguin,Fashion accessories,$63,1.0,23/12/25,12:52:00,Cash,5.0,0.33
9835,M069,Rockwall,Home and lifestyle,$35,3.0,11/09/25,16:27:00,Cash,4.0,0.33
9836,M029,Round Rock,Fashion accessories,$18,3.0,06/08/25,15:07:00,Cash,5.0,0.48
9837,M058,Port Arthur,Home and lifestyle,$80,1.0,21/03/25,13:34:00,Cash,7.0,0.33
9838,M035,San Angelo,Fashion accessories,$59,1.0,21/10/25,8:30:00,Cash,5.0,0.48
9839,M054,Sherman,Home and lifestyle,$45,3.0,04/01/25,16:36:00,Cash,3.0,0.21
9840,M030,Richardson,Fashion accessories,$69,3.0,25/01/25,7:17:00,Cash,3.0,0.48
9841,M082,Weslaco,Home and lifestyle,$78,3.0,24/03/25,12:20:00,Cash,6.0,0.33
9842,M075,San Marcos,Fashion accessories,$74,2.0,07/08/25,14:32:00,Cash,7.0,0.33
9843,M056,Rowlett,Home and lifestyle,$33,1.0,08/07/25,12:21:00,Cash,5.0,0.33
9844,M056,Rowlett,Fashion accessories,$34,2.0,10/04/25,6:46:00,Cash,7.0,0.33
9845,M050,Victoria,Home and lifestyle,$60,3.0,23/10/25,12:35:00,Credit card,7.0,0.48
9846,M058,Port Arthur,Fashion accessories,$48,1.0,28/07/25,8:06:00,Cash,4.0,0.33
9847,M065,Texas City,Home and lifestyle,$78,1.0,16/09/25,16:25:00,Cash,5.0,0.33
9848,M035,San Angelo,Fashion accessories,$33,1.0,04/04/25,16:09:00,Cash,4.0,0.48
9849,M065,Texas City,Home and lifestyle,$38,3.0,13/03/25,10:17:00,Cash,5.0,0.33
9850,M038,Sugar Land,Fashion accessories,$54,3.0,18/05/25,13:15:00,Cash,5.0,0.48
9851,M009,Plano,Home and lifestyle,$52,2.0,04/01/25,10:33:00,Cash,3.0,0.48
9852,M056,Rowlett,Fashion accessories,$25,3.0,10/07/25,11:12:00,Cash,5.0,0.33
9853,M058,Port Arthur,Home and lifestyle,$44,1.0,24/11/25,15:42:00,Cash,7.0,0.33
9854,M038,Sugar Land,Fashion accessories,$70,1.0,09/10/25,14:34:00,Cash,6.0,0.48
9855,M046,Temple,Home and lifestyle,$18,3.0,28/05/25,9:51:00,Cash,6.0,0.48
9856,M046,Temple,Fashion accessories,$81,1.0,15/11/25,7:59:00,Cash,5.0,0.48
9857,M074,Weslaco,Home and lifestyle,$29,1.0,07/11/25,10:33:00,Cash,7.0,0.33
9858,M029,Round Rock,Fashion accessories,$18,1.0,03/10/25,8:08:00,Cash,7.0,0.48
9859,M029,Round Rock,Home and lifestyle,$28,3.0,03/12/25,11:03:00,Cash,3.0,0.48
9860,M069,Rockwall,Fashion accessories,$73,3.0,21/07/25,14:00:00,Cash,4.0,0.33
9861,M073,Seguin,Home and lifestyle,$31,3.0,09/08/25,15:20:00,Cash,4.0,0.33
9862,M073,Seguin,Fashion accessories,$83,2.0,12/06/25,8:33:00,Cash,7.0,0.33
9863,M038,Sugar Land,Home and lifestyle,$63,1.0,07/10/25,12:25:00,Cash,3.0,0.48
9864,M009,Plano,Fashion accessories,$75,1.0,27/03/25,16:33:00,Cash,5.0,0.48
9865,M029,Round Rock,Home and lifestyle,$23,1.0,15/01/25,17:00:00,Cash,3.0,0.48
9866,M074,Weslaco,Fashion accessories,$72,3.0,30/11/25,9:36:00,Cash,3.0,0.33
9867,M046,Temple,Home and lifestyle,$31,3.0,09/02/25,9:25:00,Cash,6.0,0.48
9868,M055,Waxahachie,Fashion accessories,$36,1.0,06/06/25,7:42:00,Cash,7.0,0.33
9869,M073,Seguin,Home and lifestyle,$57,1.0,22/03/25,15:19:00,Cash,7.0,0.33
9870,M089,Southlake,Fashion accessories,$32,1.0,14/05/25,11:14:00,Cash,4.0,0.33
9871,M025,Waco,Home and lifestyle,$29,1.0,22/07/25,8:27:00,Cash,3.0,0.48
9872,M056,Rowlett,Fashion accessories,$47,2.0,14/03/25,8:29:00,Cash,3.0,0.33
9873,M029,Round Rock,Home and lifestyle,$43,2.0,14/11/25,16:08:00,Cash,6.0,0.48
9874,M075,San Marcos,Fashion accessories,$50,1.0,20/09/25,9:58:00,Cash,5.0,0.33
9875,M087,Waxahachie,Home and lifestyle,$41,2.0,18/02/25,13:39:00,Cash,3.0,0.33
9876,M055,Waxahachie,Fashion accessories,$48,2.0,01/08/25,10:52:00,Cash,3.0,0.33
9877,M025,Waco,Home and lifestyle,$20,1.0,24/02/25,6:12:00,Cash,4.0,0.48
9878,M069,Rockwall,Fashion accessories,$35,1.0,08/05/25,6:40:00,Cash,6.0,0.33
9879,M003,San Antonio,Home and lifestyle,$29,1.0,10/01/25,13:14:00,Cash,4.0,0.48
9880,M086,Rosenberg,Fashion accessories,$28,2.0,11/10/25,9:34:00,Cash,5.0,0.33
9881,M099,Weatherford,Home and lifestyle,$45,2.0,29/04/25,9:27:00,Cash,4.0,0.18
9882,M082,Weslaco,Fashion accessories,$73,1.0,25/05/25,8:03:00,Cash,5.0,0.33
9883,M069,Rockwall,Home and lifestyle,$81,2.0,05/09/25,12:23:00,Cash,5.0,0.33
9884,M084,Schertz,Fashion accessories,$56,2.0,27/11/25,14:13:00,Cash,6.0,0.33
9885,M065,Texas City,Home and lifestyle,$15,1.0,29/12/25,15:06:00,Cash,7.0,0.33
9886,M025,Waco,Fashion accessories,$67,2.0,18/01/25,6:58:00,Cash,3.0,0.48
9887,M032,Tyler,Home and lifestyle,$75,3.0,08/02/25,12:28:00,Cash,6.0,0.48
9888,M029,Round Rock,Fashion accessories,$29,1.0,03/05/25,13:59:00,Cash,5.0,0.48
9889,M065,Texas City,Home and lifestyle,$84,1.0,25/12/25,6:46:00,Cash,5.0,0.33
9890,M038,Sugar Land,Fashion accessories,$73,1.0,28/07/25,11:12:00,Cash,4.0,0.48
9891,M099,Weatherford,Home and lifestyle,$47,2.0,01/10/25,12:49:00,Cash,5.0,0.18
9892,M069,Rockwall,Fashion accessories,$47,1.0,10/06/25,16:10:00,Cash,3.0,0.33
9893,M029,Round Rock,Home and lifestyle,$57,1.0,11/12/25,6:07:00,Cash,5.0,0.48
9894,M073,Seguin,Fashion accessories,$35,3.0,01/10/25,8:42:00,Cash,5.0,0.33
9895,M054,Sherman,Home and lifestyle,$84,3.0,18/06/25,6:59:00,Cash,4.0,0.21
9896,M075,San Marcos,Fashion accessories,$22,3.0,05/01/25,15:57:00,Cash,3.0,0.33
9897,M025,Waco,Home and lifestyle,$70,1.0,23/08/25,11:28:00,Cash,3.0,0.48
9898,M056,Rowlett,Fashion accessories,$79,2.0,23/12/25,12:50:00,Cash,6.0,0.33
9899,M032,Tyler,Home and lifestyle,$62,2.0,07/04/25,14:14:00,Cash,4.0,0.48
9900,M074,Weslaco,Fashion accessories,$26,3.0,24/10/25,15:14:00,Cash,6.0,0.33
9901,M069,Rockwall,Home and lifestyle,$43,3.0,14/04/25,10:01:00,Cash,7.0,0.33
9902,M082,Weslaco,Fashion accessories,$44,2.0,18/12/25,9:39:00,Cash,5.0,0.33
9903,M030,Richardson,Home and lifestyle,$43,2.0,27/08/25,9:10:00,Cash,3.0,0.48
9904,M038,Sugar Land,Fashion accessories,$71,3.0,28/08/25,13:00:00,Cash,5.0,0.48
9905,M032,Tyler,Home and lifestyle,$35,3.0,11/12/25,8:54:00,Cash,6.0,0.48
9906,M035,San Angelo,Fashion accessories,$73,2.0,07/09/25,14:12:00,Cash,7.0,0.48
9907,M089,Southlake,Home and lifestyle,$63,3.0,10/10/25,7:05:00,Cash,3.0,0.33
9908,M038,Sugar Land,Fashion accessories,$39,2.0,28/02/25,6:50:00,Cash,4.0,0.48
9909,M099,Weatherford,Home and lifestyle,$82,2.0,18/11/25,12:34:00,Cash,3.0,0.18
9910,M089,Southlake,Fashion accessories,$31,3.0,01/05/25,15:38:00,Cash,4.0,0.33
9911,M029,Round Rock,Home and lifestyle,$44,1.0,24/02/25,15:07:00,Cash,6.0,0.48
9912,M054,Sherman,Fashion accessories,$27,2.0,20/06/25,13:19:00,Cash,4.0,0.33
9913,M082,Weslaco,Home and lifestyle,$47,2.0,19/07/25,16:51:00,Cash,7.0,0.33
9914,M058,Port Arthur,Fashion accessories,$29,1.0,12/03/25,12:13:00,Cash,7.0,0.33
9915,M056,Rowlett,Home and lifestyle,$52,3.0,04/01/25,15:24:00,Cash,6.0,0.33
9916,M035,San Angelo,Fashion accessories,$28,2.0,03/03/25,11:55:00,Cash,3.0,0.48
9917,M009,Plano,Home and lifestyle,$37,3.0,25/02/25,16:49:00,Cash,5.0,0.48
9918,M075,San Marcos,Fashion accessories,$33,3.0,04/10/25,14:39:00,Cash,3.0,0.33
9919,M082,Weslaco,Home and lifestyle,$25,3.0,08/03/25,10:34:00,Cash,7.0,0.33
9920,M089,Southlake,Fashion accessories,$83,3.0,30/09/25,14:22:00,Cash,3.0,0.33
9921,M032,Tyler,Home and lifestyle,$28,1.0,23/09/25,7:49:00,Cash,4.0,0.48
9922,M003,San Antonio,Fashion accessories,$53,1.0,11/04/25,15:51:00,Cash,5.0,0.48
9923,M065,Texas City,Home and lifestyle,$45,3.0,17/09/25,15:17:00,Cash,6.0,0.33
9924,M074,Weslaco,Fashion accessories,$60,2.0,06/10/25,11:43:00,Cash,5.0,0.33
9925,M046,Temple,Home and lifestyle,$17,1.0,27/09/25,16:20:00,Cash,4.0,0.48
9926,M087,Waxahachie,Fashion accessories,$53,1.0,27/07/25,12:45:00,Cash,7.0,0.33
9927,M089,Southlake,Home and lifestyle,$50,1.0,11/03/25,7:18:00,Cash,7.0,0.33
9928,M025,Waco,Fashion accessories,$38,2.0,23/11/25,8:58:00,Cash,4.0,0.48
9929,M029,Round Rock,Home and lifestyle,$51,2.0,27/12/25,10:39:00,Cash,6.0,0.48
9930,M046,Temple,Fashion accessories,$74,2.0,10/02/25,10:02:00,Cash,7.0,0.48
9931,M032,Tyler,Home and lifestyle,$29,3.0,26/06/25,7:38:00,Cash,3.0,0.48
9932,M030,Richardson,Fashion accessories,$24,3.0,05/05/25,10:15:00,Cash,4.0,0.48
9933,M084,Schertz,Home and lifestyle,$66,3.0,24/11/25,12:21:00,Cash,3.0,0.33
9934,M082,Weslaco,Fashion accessories,$70,2.0,10/06/25,7:17:00,Cash,3.0,0.33
9935,M069,Rockwall,Home and lifestyle,$23,2.0,05/05/25,10:06:00,Cash,7.0,0.33
9936,M073,Seguin,Fashion accessories,$17,3.0,05/12/25,12:12:00,Cash,7.0,0.33
9937,M074,Weslaco,Home and lifestyle,$50,3.0,14/12/25,10:48:00,Cash,4.0,0.33
9938,M086,Rosenberg,Fashion accessories,$41,3.0,09/08/25,12:33:00,Cash,3.0,0.33
9939,M029,Round Rock,Home and lifestyle,$28,3.0,12/04/25,10:53:00,Cash,5.0,0.48
9940,M050,Victoria,Fashion accessories,$22,1.0,17/07/25,7:31:00,Credit card,5.0,0.48
9941,M075,San Marcos,Home and lifestyle,$19,3.0,28/10/25,10:14:00,Cash,7.0,0.33
9942,M009,Plano,Fashion accessories,$72,2.0,18/04/25,13:42:00,Cash,3.0,0.48
9943,M030,Richardson,Home and lifestyle,$48,1.0,08/01/25,8:40:00,Cash,5.0,0.48
9944,M082,Weslaco,Fashion accessories,$67,2.0,20/11/25,6:34:00,Cash,3.0,0.33
9945,M009,Plano,Home and lifestyle,$34,3.0,24/12/25,13:57:00,Cash,3.0,0.48
9946,M075,San Marcos,Fashion accessories,$47,1.0,16/12/25,10:17:00,Cash,6.0,0.33
9947,M054,Sherman,Home and lifestyle,$52,2.0,23/08/25,6:35:00,Cash,5.0,0.21
9948,M087,Waxahachie,Fashion accessories,$21,3.0,21/11/25,6:44:00,Cash,7.0,0.33
9949,M069,Rockwall,Home and lifestyle,$37,2.0,19/12/25,8:47:00,Cash,6.0,0.33
9950,M038,Sugar Land,Fashion accessories,$17,1.0,27/11/25,9:15:00,Cash,3.0,0.48
9951,M082,Weslaco,Home and lifestyle,$58,2.0,08/07/25,12:39:00,Cash,6.0,0.33
9952,M035,San Angelo,Fashion accessories,$76,3.0,02/10/25,16:34:00,Cash,6.0,0.48
9953,M084,Schertz,Home and lifestyle,$68,3.0,13/06/25,10:52:00,Cash,5.0,0.33
9954,M046,Temple,Fashion accessories,$40,1.0,22/08/25,14:38:00,Cash,6.0,0.48
9955,M054,Sherman,Home and lifestyle,$61,3.0,05/12/25,7:46:00,Cash,3.0,0.21
9956,M003,San Antonio,Fashion accessories,$17,3.0,29/10/25,7:13:00,Cash,4.0,0.48
9957,M029,Round Rock,Home and lifestyle,$53,1.0,20/06/25,13:41:00,Cash,4.0,0.48
9958,M084,Schertz,Fashion accessories,$35,2.0,10/04/25,14:58:00,Cash,7.0,0.33
9959,M065,Texas City,Home and lifestyle,$36,1.0,11/03/25,10:26:00,Cash,4.0,0.33
9960,M054,Sherman,Fashion accessories,$42,1.0,10/12/25,9:56:00,Cash,3.0,0.33
9961,M046,Temple,Home and lifestyle,$70,3.0,02/05/25,6:19:00,Cash,3.0,0.48
9962,M035,San Angelo,Fashion accessories,$53,2.0,14/08/25,16:01:00,Cash,7.0,0.48
9963,M038,Sugar Land,Home and lifestyle,$70,2.0,14/10/25,13:04:00,Cash,6.0,0.48
9964,M025,Waco,Fashion accessories,$60,3.0,20/05/25,7:33:00,Cash,7.0,0.48
9965,M035,San Angelo,Home and lifestyle,$68,1.0,06/04/25,15:34:00,Cash,6.0,0.48
9966,M035,San Angelo,Fashion accessories,$23,1.0,18/04/25,6:01:00,Cash,5.0,0.48
9967,M073,Seguin,Home and lifestyle,$76,2.0,09/04/25,11:49:00,Cash,3.0,0.33
9968,M025,Waco,Fashion accessories,$85,1.0,25/03/25,14:31:00,Cash,3.0,0.48
9969,M058,Port Arthur,Home and lifestyle,$42,3.0,12/04/25,9:38:00,Cash,3.0,0.33
9970,M046,Temple,Fashion accessories,$26,2.0,16/04/25,15:23:00,Cash,7.0,0.48
9971,M099,Weatherford,Home and lifestyle,$83,1.0,02/11/25,15:54:00,Cash,6.0,0.18
9972,M009,Plano,Fashion accessories,$24,1.0,02/03/25,16:53:00,Cash,7.0,0.48
9973,M065,Texas City,Home and lifestyle,$53,3.0,29/11/25,8:24:00,Cash,6.0,0.33
9974,M065,Texas City,Fashion accessories,$52,1.0,19/02/25,12:40:00,Cash,7.0,0.33
9975,M074,Weslaco,Home and lifestyle,$24,3.0,20/06/25,10:18:00,Cash,4.0,0.33
9976,M056,Rowlett,Fashion accessories,$71,1.0,22/11/25,15:08:00,Cash,7.0,0.33
9977,M029,Round Rock,Home and lifestyle,$55,3.0,19/06/25,11:30:00,Cash,4.0,0.48
9978,M099,Weatherford,Fashion accessories,$70,2.0,16/05/25,14:21:00,Cash,4.0,0.18
9979,M030,Richardson,Home and lifestyle,$26,2.0,29/08/25,6:06:00,Cash,3.0,0.48
9980,M099,Weatherford,Fashion accessories,$46,2.0,28/02/25,13:11:00,Cash,5.0,0.18
9981,M055,Waxahachie,Home and lifestyle,$85,1.0,25/07/25,16:29:00,Cash,5.0,0.33
9982,M050,Victoria,Fashion accessories,$41,1.0,27/11/25,9:51:00,Credit card,7.0,0.48
9983,M038,Sugar Land,Home and lifestyle,$84,1.0,25/04/25,14:35:00,Cash,5.0,0.48
9984,M046,Temple,Fashion accessories,$81,2.0,18/09/25,14:55:00,Cash,4.0,0.48
9985,M065,Texas City,Home and lifestyle,$59,2.0,05/04/25,9:25:00,Cash,6.0,0.33
9986,M050,Victoria,Fashion accessories,$44,2.0,09/03/25,12:34:00,Credit card,5.0,0.48
9987,M084,Schertz,Home and lifestyle,$27,2.0,22/08/25,11:58:00,Cash,7.0,0.33
9988,M056,Rowlett,Fashion accessories,$23,2.0,23/05/25,16:20:00,Cash,4.0,0.33
9989,M056,Rowlett,Home and lifestyle,$83,1.0,22/10/25,12:08:00,Cash,3.0,0.33
9990,M086,Rosenberg,Fashion accessories,$56,2.0,02/09/25,12:37:00,Cash,3.0,0.33
9991,M074,Weslaco,Home and lifestyle,$35,3.0,09/07/25,6:38:00,Cash,5.0,0.33
9992,M087,Waxahachie,Fashion accessories,$48,3.0,09/09/25,10:54:00,Cash,6.0,0.33
9993,M073,Seguin,Home and lifestyle,$31,2.0,01/11/25,15:21:00,Cash,5.0,0.33
9994,M055,Waxahachie,Fashion accessories,$34,1.0,29/04/25,14:34:00,Cash,6.0,0.33
9995,M030,Richardson,Home and lifestyle,$62,1.0,15/02/25,9:04:00,Cash,3.0,0.48
9996,M056,Rowlett,Fashion accessories,$37,3.0,03/08/25,10:10:00,Cash,3.0,0.33
9997,M030,Richardson,Home and lifestyle,$58,2.0,22/02/25,14:20:00,Cash,7.0,0.48
9998,M050,Victoria,Fashion accessories,$52,3.0,15/06/25,16:00:00,Credit card,4.0,0.48
9999,M032,Tyler,Home and lifestyle,$79,2.0,25/02/25,12:25:00,Cash,7.0,0.48
10000,M069,Rockwall,Fashion accessories,$62,3.0,26/09/25,9:48:00,Cash,3.0,0.33
9950,M038,Sugar Land,Fashion accessories,$17,1.0,27/11/25,9:15:00,Cash,3.0,0.48
9951,M082,Weslaco,Home and lifestyle,$58,2.0,08/07/25,12:39:00,Cash,6.0,0.33
9952,M035,San Angelo,Fashion accessories,$76,3.0,02/10/25,16:34:00,Cash,6.0,0.48
9953,M084,Schertz,Home and lifestyle,$68,3.0,13/06/25,10:52:00,Cash,5.0,0.33
9954,M046,Temple,Fashion accessories,$40,1.0,22/08/25,14:38:00,Cash,6.0,0.48
9955,M054,Sherman,Home and lifestyle,$61,3.0,05/12/25,7:46:00,Cash,3.0,0.21
9956,M003,San Antonio,Fashion accessories,$17,3.0,29/10/25,7:13:00,Cash,4.0,0.48
9957,M029,Round Rock,Home and lifestyle,$53,1.0,20/06/25,13:41:00,Cash,4.0,0.48
9958,M084,Schertz,Fashion accessories,$35,2.0,10/04/25,14:58:00,Cash,7.0,0.33
9959,M065,Texas City,Home and lifestyle,$36,1.0,11/03/25,10:26:00,Cash,4.0,0.33
9960,M054,Sherman,Fashion accessories,$42,1.0,10/12/25,9:56:00,Cash,3.0,0.33
9961,M046,Temple,Home and lifestyle,$70,3.0,02/05/25,6:19:00,Cash,3.0,0.48
9962,M035,San Angelo,Fashion accessories,$53,2.0,14/08/25,16:01:00,Cash,7.0,0.48
9963,M038,Sugar Land,Home and lifestyle,$70,2.0,14/10/25,13:04:00,Cash,6.0,0.48
9964,M025,Waco,Fashion accessories,$60,3.0,20/05/25,7:33:00,Cash,7.0,0.48
9965,M035,San Angelo,Home and lifestyle,$68,1.0,06/04/25,15:34:00,Cash,6.0,0.48
9966,M035,San Angelo,Fashion accessories,$23,1.0,18/04/25,6:01:00,Cash,5.0,0.48
9967,M073,Seguin,Home and lifestyle,$76,2.0,09/04/25,11:49:00,Cash,3.0,0.33
9968,M025,Waco,Fashion accessories,$85,1.0,25/03/25,14:31:00,Cash,3.0,0.48
9969,M058,Port Arthur,Home and lifestyle,$42,3.0,12/04/25,9:38:00,Cash,3.0,0.33
9970,M046,Temple,Fashion accessories,$26,2.0,16/04/25,15:23:00,Cash,7.0,0.48
9971,M099,Weatherford,Home and lifestyle,$83,1.0,02/11/25,15:54:00,Cash,6.0,0.18
9972,M009,Plano,Fashion accessories,$24,1.0,02/03/25,16:53:00,Cash,7.0,0.48
9973,M065,Texas City,Home and lifestyle,$53,3.0,29/11/25,8:24:00,Cash,6.0,0.33
9974,M065,Texas City,Fashion accessories,$52,1.0,19/02/25,12:40:00,Cash,7.0,0.33
9975,M074,Weslaco,Home and lifestyle,$24,3.0,20/06/25,10:18:00,Cash,4.0,0.33
9976,M056,Rowlett,Fashion accessories,$71,1.0,22/11/25,15:08:00,Cash,7.0,0.33
9977,M029,Round Rock,Home and lifestyle,$55,3.0,19/06/25,11:30:00,Cash,4.0,0.48
9978,M099,Weatherford,Fashion accessories,$70,2.0,16/05/25,14:21:00,Cash,4.0,0.18
9979,M030,Richardson,Home and lifestyle,$26,2.0,29/08/25,6:06:00,Cash,3.0,0.48
9980,M099,Weatherford,Fashion accessories,$46,2.0,28/02/25,13:11:00,Cash,5.0,0.18
9981,M055,Waxahachie,Home and lifestyle,$85,1.0,25/07/25,16:29:00,Cash,5.0,0.33
9982,M050,Victoria,Fashion accessories,$41,1.0,27/11/25,9:51:00,Credit card,7.0,0.48
9983,M038,Sugar Land,Home and lifestyle,$84,1.0,25/04/25,14:35:00,Cash,5.0,0.48
9984,M046,Temple,Fashion accessories,$81,2.0,18/09/25,14:55:00,Cash,4.0,0.48
9985,M065,Texas City,Home and lifestyle,$59,2.0,05/04/25,9:25:00,Cash,6.0,0.33
9986,M050,Victoria,Fashion accessories,$44,2.0,09/03/25,12:34:00,Credit card,5.0,0.48
9987,M084,Schertz,Home and lifestyle,$27,2.0,22/08/25,11:58:00,Cash,7.0,0.33
9988,M056,Rowlett,Fashion accessories,$23,2.0,23/05/25,16:20:00,Cash,4.0,0.33
9989,M056,Rowlett,Home and lifestyle,$83,1.0,22/10/25,12:08:00,Cash,3.0,0.33
9990,M086,Rosenberg,Fashion accessories,$56,2.0,02/09/25,12:37:00,Cash,3.0,0.33
9991,M074,Weslaco,Home and lifestyle,$35,3.0,09/07/25,6:38:00,Cash,5.0,0.33
9992,M087,Waxahachie,Fashion accessories,$48,3.0,09/09/25,10:54:00,Cash,6.0,0.33
9993,M073,Seguin,Home and lifestyle,$31,2.0,01/11/25,15:21:00,Cash,5.0,0.33
9994,M055,Waxahachie,Fashion accessories,$34,1.0,29/04/25,14:34:00,Cash,6.0,0.33
9995,M030,Richardson,Home and lifestyle,$62,1.0,15/02/25,9:04:00,Cash,3.0,0.48
9996,M056,Rowlett,Fashion accessories,$37,3.0,03/08/25,10:10:00,Cash,3.0,0.33
9997,M030,Richardson,Home and lifestyle,$58,2.0,22/02/25,14:20:00,Cash,7.0,0.48
9998,M050,Victoria,Fashion accessories,$52,3.0,15/06/25,16:00:00,Credit card,4.0,0.48
9999,M032,Tyler,Home and lifestyle,$79,2.0,25/02/25,12:25:00,Cash,7.0,0.48
10000,M069,Rockwall,Fashion accessories,$62,3.0,26/09/25,9:48:00,Cash,3.0,0.33
